PL ID,Status,Category,Discipline,Description,Subsystem,Milestone
PL-000073,Originated,C,M,Gen-Set nameplate and equipment tagging not complete.,PS5-60-01 - Power Generation Package A,PS5 - Milestone B
PL-000074,Originated,C,M,Gen-Set nameplate and equipment tagging not complete.,PS5-60-04 - Power Generation Package B,PS5 - Milestone B
PL-000075,Originated,C,M,Gen-Set nameplate and equipment tagging not complete.,PS5-60-07 - Power Generation Package C,PS5 - Milestone D
PL-000076,Originated,C,M,Gen-Set nameplate and equipment tagging not complete.,PS5-60-10 - Power Generation Package D,PS5 - Milestone D
PL-000077,Originated,C,M,Gen-Set nameplate and equipment tagging not complete.,PS5-60-13 - Power Generation Package E,PS5 - Milestone D
PL-000078,Originated,C,M,Gen-Set nameplate and equipment tagging not complete.,PS5-60-16 - Power Generation Package F,PS5 - Milestone D
PL-000079,Originated,C,M,Gen-Set nameplate and equipment tagging not complete.,PS5-60-19 - Power Generation Package G,PS5 - Milestone E
PL-000170,Originated,C,M,CE mark not present on pump skid.,PS5-25-02 - Crude Oil Export Pump A,PS5 - Milestone H
PL-000171,Originated,C,M,CE mark not present on pump skid.,PS5-25-03 - Crude Oil Export Pump B,PS5 - Milestone H
PL-000172,Originated,C,M,CE mark not present on pump skid.,PS5-25-04 - Crude Oil Export Pump C,PS5 - Milestone H
PL-000173,Originated,A,M,Thermowells are to be replaced.,PS5-25-02 - Crude Oil Export Pump A,PS5 - Milestone H
PL-000174,Originated,A,M,Thermowells are to be replaced.,PS5-25-03 - Crude Oil Export Pump B,PS5 - Milestone H
PL-000175,Originated,A,M,Thermowells are to be replaced.,PS5-25-04 - Crude Oil Export Pump C,PS5 - Milestone H
PL-000176,Originated,B,M,PS5-25-LIT-3101A: Sunshade is damaged.,PS5-25-02 - Crude Oil Export Pump A,PS5 - Milestone H
PL-000177,Originated,B,M,Sunshade has chips and appears to be damaged - Local to PS5-25-BI-1274C.,PS5-25-04 - Crude Oil Export Pump C,PS5 - Milestone H
PL-000178,Closed,0,M,PS5-25-BE-0001C: Stopping plugs installed into side of MTB frame do not have legible Ex markings,PS5-25-04 - Crude Oil Export Pump C,PS5 - Milestone H
PL-000327,Closed,A,M,2: DAMAGED AIR FILTERS.,PS5-60-10 - Power Generation Package D,PS5 - Milestone D
PL-000329,Closed,A,M,4:OIL LEAKAGE FROM GENERATOR BEARING LUBRICATION PUMP TUBING.,PS5-60-10 - Power Generation Package D,PS5 - Milestone D
PL-000330,Originated,B,M,4.1:CABLE PROTECTION IS DAMAGED,PS5-60-10 - Power Generation Package D,PS5 - Milestone D
PL-000331,Closed,A,M,4.2:OIL LEAKAGE FROM DRAINING POINT,PS5-60-10 - Power Generation Package D,PS5 - Milestone D
PL-000332,Closed,A,M,4.3: RUST IN SEVERAL AREAS OF GENSET AND PRESENCE OF PIN HOLES IN WELDING.,PS5-60-10 - Power Generation Package D,PS5 - Milestone D
PL-000333,Originated,C,M,4.4:PAINT DAMAGED FROM LIFTING POINTS,PS5-60-10 - Power Generation Package D,PS5 - Milestone D
PL-000334,Closed,A,M,4:LEAKAGE FROM FUEL FILTER.,PS5-60-07 - Power Generation Package C,PS5 - Milestone D
PL-000335,Originated,C,M,4.1:THE FUEL FILTER CONNECTING THREAD IS CORRODED,PS5-60-07 - Power Generation Package C,PS5 - Milestone D
PL-000336,Originated,A,M,4.2:THE BOTTOM HOLE ASSESORY IS DAMAGED,PS5-60-07 - Power Generation Package C,PS5 - Milestone D
PL-000337,Closed,A,M,4.3: TRANSMITTER ROD IS BEND AND OIL LEAKING,PS5-60-07 - Power Generation Package C,PS5 - Milestone D
PL-000338,Closed,A,M,4.4:OIL LEAKAGE FROM DRAINING POINT,PS5-60-07 - Power Generation Package C,PS5 - Milestone D
PL-000339,Originated,C,M,4.5:GENERATOR PAINT IRREGULARITY.,PS5-60-07 - Power Generation Package C,PS5 - Milestone D
PL-000340,Originated,C,M,4.6:BENDING OF THE HEAD CONNECTING PIPE IN ENGINE.,PS5-60-07 - Power Generation Package C,PS5 - Milestone D
PL-000341,Originated,C,M,4.7: RUST IN MULTIPLE LOCATIONS,PS5-60-07 - Power Generation Package C,PS5 - Milestone D
PL-000342,Originated,C,M,4.8:LIFTING POINT PAINT DAMAGE,PS5-60-07 - Power Generation Package C,PS5 - Milestone D
PL-000343,Closed,A,M,"4:OIL LEAKAGE FROM SEVERAL PLACES OF GENERATOR.(TUBINGS,JOINTS)",PS5-60-04 - Power Generation Package B,PS5 - Milestone B
PL-000344,Originated,C,M,4.1: RUST IN MULTIPLE AREAS,PS5-60-04 - Power Generation Package B,PS5 - Milestone B
PL-000345,Originated,C,M,4.2:PAINT DAMAGED AT LIFTING POINT,PS5-60-04 - Power Generation Package B,PS5 - Milestone B
PL-000346,Originated,A,E,4: A BUTTON ON GENERATOR CONTROL PANEL IS BROKEN,PS5-60-01 - Power Generation Package A,PS5 - Milestone B
PL-000347,Originated,C,M,4.1:RUST IN COUPLING AND OTHER PLACES.,PS5-60-01 - Power Generation Package A,PS5 - Milestone B
PL-000348,Closed,A,M,4.2:GENERATOR HAS MULTIPLE LEAKING POINTS.(JOINTS AND CONNECTIONS),PS5-60-01 - Power Generation Package A,PS5 - Milestone B
PL-000349,Originated,C,M,4.3:LIFTING POINTS PAINT DAMAGED,PS5-60-01 - Power Generation Package A,PS5 - Milestone B
PL-000350,Closed,A,M,4:LEAKAGE FROM MULTIPLE POINTS(JOINTS AND CONNECTIONS),PS5-60-19 - Power Generation Package G,PS5 - Milestone E
PL-000351,Originated,C,M,4.1:RUST IN MULTIPLE PLACES,PS5-60-19 - Power Generation Package G,PS5 - Milestone E
PL-000352,Originated,C,M,4.2:LIFTING POINTS PAINT ARE DAMAGED,PS5-60-19 - Power Generation Package G,PS5 - Milestone E
PL-000353,Originated,A,E,4.4: A jumper has been installed to short the CT at the alternator JB – Jumper to be removed once CTs will be connected and shorted at the CRO GCP via permanent cable.,PS5-60-01 - Power Generation Package A,PS5 - Milestone B
PL-000354,Originated,A,E,"4.5: During preservation, VTs are disconnected in the cable terminal box to perform Insulation Resistance test.",PS5-60-01 - Power Generation Package A,PS5 - Milestone B
PL-000355,Originated,A,E,4.3: A jumper has been installed to short the CT at the alternator JB – Jumper to be removed once CTs will be connected and shorted at the CRO GCP via permanent cable.,PS5-60-04 - Power Generation Package B,PS5 - Milestone B
PL-000356,Originated,A,E,"4.4: During preservation, VTs are disconnected in the cable terminal box to perform Insulation Resistance test.",PS5-60-04 - Power Generation Package B,PS5 - Milestone B
PL-000357,Originated,A,E,4.9: A jumper has been installed to short the CT at the alternator JB – Jumper to be removed once CTs will be connected and shorted at the CRO GCP via permanent cable.,PS5-60-07 - Power Generation Package C,PS5 - Milestone D
PL-000358,Originated,A,E,"4.10: During preservation, VTs are disconnected in the cable terminal box to perform Insulation Resistance test.",PS5-60-07 - Power Generation Package C,PS5 - Milestone D
PL-000359,Originated,A,E,4.5: A jumper has been installed to short the CT at the alternator JB – Jumper to be removed once CTs will be connected and shorted at the CRO GCP via permanent cable.,PS5-60-10 - Power Generation Package D,PS5 - Milestone D
PL-000360,Originated,A,E,"4.6: During preservation, VTs are disconnected in the cable terminal box to perform Insulation Resistance test.",PS5-60-10 - Power Generation Package D,PS5 - Milestone D
PL-000361,Originated,A,E,4.3: A jumper has been installed to short the CT at the alternator JB – Jumper to be removed once CTs will be connected and shorted at the CRO GCP via permanent cable.,PS5-60-19 - Power Generation Package G,PS5 - Milestone E
PL-000362,Originated,A,E,"4.4: During preservation, VTs are disconnected in the cable terminal box to perform Insulation Resistance test.",PS5-60-19 - Power Generation Package G,PS5 - Milestone E
PL-000363,Closed,B,P,2: Check for any damage during transportation.,PS5-25-01 - Export Pipeline Pig Receiver,PS5 - Milestone H
PL-000364,Originated,C,M,Some areas inside the pig receiver are rust,PS5-25-01 - Export Pipeline Pig Receiver,PS5 - Milestone H
PL-000365,Originated,C,M,Some place in the pig lancher is rust,PS5-25-07 - Export Pipeline Pig Launcher,PS5 - Milestone H
PL-000390,Originated,C,M,CE marking not present on pump skid.,PS6-25-02 - Crude Oil Export Pump A,PS6 - Milestone E
PL-000391,Originated,A,M,Thermowells are to be replaced.,PS6-25-02 - Crude Oil Export Pump A,PS6 - Milestone E
PL-000392,Originated,B,E,PS6-25-BI-1174A: Panel door locking mechanism has the centre pin snapped off.,PS6-25-02 - Crude Oil Export Pump A,PS6 - Milestone E
PL-000393,Originated,B,E,PS6-25-BI-1274A: Panel door locking mechanism has the centre pin snapped off.,PS6-25-02 - Crude Oil Export Pump A,PS6 - Milestone E
PL-000394,Originated,B,E,PS6-25-BI-1802A: Unused cables are not correctly terminated.,PS6-25-02 - Crude Oil Export Pump A,PS6 - Milestone E
PL-000395,Originated,A,I,PS6-25-TIT-3102A: Equipment not installed.,PS6-25-02 - Crude Oil Export Pump A,PS6 - Milestone E
PL-000396,Originated,C,M,PS6-NRV105: Shown on LO P&ID but not present on tagging list or skid.,PS6-25-02 - Crude Oil Export Pump A,PS6 - Milestone E
PL-000397,Originated,C,M,Debris present on top of LO tank.,PS6-25-02 - Crude Oil Export Pump A,PS6 - Milestone E
PL-000398,Originated,C,P,Non-return valve on discharge from oil filters has a tag fitted related to PS1 series.,PS6-25-02 - Crude Oil Export Pump A,PS6 - Milestone E
PL-000399,Originated,A,I,PS6-25-TG-3103A: Removed for shipping - tags cannot be verified.,PS6-25-02 - Crude Oil Export Pump A,PS6 - Milestone E
PL-000400,Originated,C,M,Skid to be fully cleaned - inclusive of under grating,PS6-25-02 - Crude Oil Export Pump A,PS6 - Milestone E
PL-000401,Originated,C,M,Pump insulation is dirty in places - to be cleaned.,PS6-25-02 - Crude Oil Export Pump A,PS6 - Milestone E
PL-000402,Originated,C,M,Baseplate paint damage in way of Lifting Lugs and on lower baseplate frame from Transport/Lifting,PS6-25-02 - Crude Oil Export Pump A,PS6 - Milestone E
PL-000403,Originated,B,E,PS6-25-BI-1274B: Panel door locking mechanism centre pin has been snapped off.,PS6-25-03 - Crude Oil Export Pump B,PS6 - Milestone E
PL-000404,Originated,C,M,Skid baseplate is dirty and requires general clean.,PS6-25-03 - Crude Oil Export Pump B,PS6 - Milestone E
PL-000405,Originated,C,M,PS6-25-LIT-3101B: Sun shade is damaged.,PS6-25-03 - Crude Oil Export Pump B,PS6 - Milestone E
PL-000406,Originated,A,I,PS6-25-TG-3103B: Temperature gauge not installed.,PS6-25-03 - Crude Oil Export Pump B,PS6 - Milestone E
PL-000407,Originated,C,M,CE marking not present on pump skid.,PS6-25-03 - Crude Oil Export Pump B,PS6 - Milestone E
PL-000408,Originated,B,E,PS6-25-BI-1174B: Panel door locking mechanism has been removed.,PS6-25-03 - Crude Oil Export Pump B,PS6 - Milestone E
PL-000409,Originated,C,M,PS6-NRV105: Shown on LO P&ID but not present on tagging list or skid,PS6-25-03 - Crude Oil Export Pump B,PS6 - Milestone E
PL-000410,Originated,A,I,Thermowells are to be replaced,PS6-25-03 - Crude Oil Export Pump B,PS6 - Milestone E
PL-000411,Originated,C,M,Paint damage to baseplate in way of all 4 lifting lugs - to be repaired,PS6-25-03 - Crude Oil Export Pump B,PS6 - Milestone E
PL-000412,Originated,C,M,Baseplate paint damage at lower right corner when looking at the LO System steps.,PS6-25-03 - Crude Oil Export Pump B,PS6 - Milestone E
PL-000413,Originated,C,M,CE marking not present on pump skid,PS6-25-04 - Crude Oil Export Pump C,PS6 - Milestone E
PL-000414,Originated,B,E,PS6-25-BI-1274C: Panel door locking mechanism is not manufacturer approved part.,PS6-25-04 - Crude Oil Export Pump C,PS6 - Milestone E
PL-000415,Originated,C,M,Debris present under gratings.,PS6-25-04 - Crude Oil Export Pump C,PS6 - Milestone E
PL-000416,Originated,C,M,PS6-NRV105: Shown on LO P&ID but not present on tagging list or skid,PS6-25-04 - Crude Oil Export Pump C,PS6 - Milestone E
PL-000417,Originated,C,M,Debris present on LO tank,PS6-25-04 - Crude Oil Export Pump C,PS6 - Milestone E
PL-000418,Originated,A,I,Thermowells are to be replaced,PS6-25-04 - Crude Oil Export Pump C,PS6 - Milestone E
PL-000419,Originated,B,E,PS6-25-BE-0004C: Screw removed from junction box cover,PS6-25-04 - Crude Oil Export Pump C,PS6 - Milestone E
PL-000420,Originated,C,M,Paint damage to baseplate in way of all 4 lifting lugs - to be repaired,PS6-25-04 - Crude Oil Export Pump C,PS6 - Milestone E
PL-000421,Originated,C,M,Baseplate paint damage at lower edge on the left hand side when looking at the Motor NDE,PS6-25-04 - Crude Oil Export Pump C,PS6 - Milestone E
PL-000422,Originated,C,M,Whole skid requires cleaning,PS6-25-04 - Crude Oil Export Pump C,PS6 - Milestone E
PL-000423,Originated,B,M,4:EXHAUST FLANGE IS NOT PAINTED.,PS5-60-13 - Power Generation Package E,PS5 - Milestone D
PL-000424,Closed,A,M,4.1:AIR INLET FILTER IS DAMAGED,PS5-60-13 - Power Generation Package E,PS5 - Milestone D
PL-000425,Closed,A,M,4.2:THERE IS NO LUBE OIL INSIDE THE ALTERNATOR NON DRIVE END BEARING HOUSING.,PS5-60-13 - Power Generation Package E,PS5 - Milestone D
PL-000426,Originated,B,M,4.3:THE FILTER HAS NO OIL INSIDE IT.,PS5-60-13 - Power Generation Package E,PS5 - Milestone D
PL-000427,Originated,C,M,4.4:THERE IS RUST INSIDE THE DAMPER AND SEVERAL PARTS OF THE GENERATOR .,PS5-60-13 - Power Generation Package E,PS5 - Milestone D
PL-000428,Closed,A,M,4.5:OIL LEAKAGE FROM MULTIPLE LOCATIONS,PS5-60-13 - Power Generation Package E,PS5 - Milestone D
PL-000429,Originated,C,M,4.6:PAINT DAMAGED FROM BODY OF THE GENERATOR,PS5-60-13 - Power Generation Package E,PS5 - Milestone D
PL-000430,Originated,C,M,4.7:LIFTING POINT PAINT DAMAGED,PS5-60-13 - Power Generation Package E,PS5 - Milestone D
PL-000431,Originated,B,E,4:Jacket water heater control box button is damaged,PS5-60-16 - Power Generation Package F,PS5 - Milestone D
PL-000432,Originated,B,M,4.1:unavailability of oil in the filter,PS5-60-16 - Power Generation Package F,PS5 - Milestone D
PL-000433,Closed,A,M,4.2:low oil level in the NDE end of alternator side glass.,PS5-60-16 - Power Generation Package F,PS5 - Milestone D
PL-000434,Originated,C,M,4.3:The head of the cam shaft cover plug bolt is damaged,PS5-60-16 - Power Generation Package F,PS5 - Milestone D
PL-000435,Originated,C,M,"4.4:The generator has multiple rusts,Including damper",PS5-60-16 - Power Generation Package F,PS5 - Milestone D
PL-000436,Closed,A,M,4.5:The generator has multiple leakages,PS5-60-16 - Power Generation Package F,PS5 - Milestone D
PL-000437,Originated,C,M,4.6:lifting points paint peeling; a little paint damage on the generator,PS5-60-16 - Power Generation Package F,PS5 - Milestone D
PL-000462,Originated,C,M,Rundown Tanks nameplates tack welded in addtion to riveting.,PS6-25-02 - Crude Oil Export Pump A,PS6 - Milestone E
PL-000463,Originated,C,M,Rundown Tanks nameplates tack welded in addtion to riveting.,PS6-25-03 - Crude Oil Export Pump B,PS6 - Milestone E
PL-000464,Originated,C,M,Rundown Tanks nameplates tack welded in addtion to riveting.,PS6-25-04 - Crude Oil Export Pump C,PS6 - Milestone E
PL-000467,Originated,C,M,4:DOOR CANOPY IS DAMAGED,PS5-01-08 - PS5 Deluge Valve Skid (PS5-01-UK-6100),PS5 - Milestone F
PL-000468,Originated,C,M,4.1:THE KNOB OF THE EMERGENCY FIRE DOOR IS MISSING,PS5-01-08 - PS5 Deluge Valve Skid (PS5-01-UK-6100),PS5 - Milestone F
PL-000469,Originated,C,M,4.2: 4 DOOR KEYS ARE BEND,PS5-01-08 - PS5 Deluge Valve Skid (PS5-01-UK-6100),PS5 - Milestone F
PL-000478,Originated,B,I,Ensure that the mechanical stopper minimum flow through 25-MOV-0026 is higher than the export pump minimum flow.,PS5-25-01 - Export Pipeline Pig Receiver,PS5 - Milestone H
PL-000479,Originated,B,I,Ensure that the mechanical stopper minimum flow through 25-MOV-0027 is higher than the export pump minimum flow.,PS5-25-06 - Crude Oil Export Pumps Discharge,PS5 - Milestone H
PL-000480,Originated,B,I,Ensure that the mechanical stopper minimum flow through 25-MOV-0027 is higher than the export pump minimum flow.,PS6-25-06 - Crude Oil Export Pumps Discharge,PS6 - Milestone E
PL-000481,Originated,B,I,Ensure that the mechanical stopper minimum flow through 25-MOV-0026 is higher than the export pump minimum flow.,PS6-25-01 - Export Pipeline Pig Receiver,PS6 - Milestone E
PL-000497,Closed,A,M,"4:THE TWO VIBRATION ISOLATORS, MEANT TO BE PLACED UNDER THE RADIATOR, HAVE BEEN MISTAKENLY INSTALLED BENEATH THE ENGINE.",PS5-05-01 - Emergency Diesel Generator Package,PS5 - Milestone C
PL-000498,Closed,A,M,4.1:LEVEL TRANSMITTER ON DIESEL TANK NOT INSTALLED. AND NOT FOUND ON LOCATION. REFERENCE PID TZ-MID-60-UTR2-130001_05.,PS5-05-01 - Emergency Diesel Generator Package,PS5 - Milestone C
PL-000499,Closed,C,M,4.2:CORROSION OBSERVED ON CASING OF THE TURBO CHARGER,PS5-05-01 - Emergency Diesel Generator Package,PS5 - Milestone C
PL-000500,Closed,A,E,4.3:THE EMERGENCY LIGHT IS SEVERELY DAMAGED,PS5-05-01 - Emergency Diesel Generator Package,PS5 - Milestone C
PL-000501,Originated,A,I,"4.4:THE FLAME DETECTOR IS NEITHER INSTALLED NOR SECURELY MOUNTED; INSTEAD, IT IS HANGING LOOSELY FROM THE CABLE TRAY IN DIESEL TANK ROOM.",PS5-05-01 - Emergency Diesel Generator Package,PS5 - Milestone C
PL-000502,Closed,C,M,4.5:AC FINS ARE PARTIALLY DAMAGED,PS5-05-01 - Emergency Diesel Generator Package,PS5 - Milestone C
PL-000503,Closed,C,M,4.6:EXHAUST PIPE SEALANT IS DAMAGED.,PS5-05-01 - Emergency Diesel Generator Package,PS5 - Milestone C
PL-000504,Originated,C,M,"4.7:THE MONORAIL CRANE IS IMPROPERLY INSTALLED, WITH ITS WHEEL MISALIGNED AND OUT OF POSITION, CREATING A SIGNIFICANT RISK OF MALFUNCTION AND OPERATIONAL FAILURE",PS5-05-01 - Emergency Diesel Generator Package,PS5 - Milestone C
PL-000505,Closed,C,M,4.8:AC UNIT PLASTIC PIPE IS DEFORMED AND DAMAGED DUE TO THE CLAMP BEING OVERLY TIGHTENED.,PS5-05-01 - Emergency Diesel Generator Package,PS5 - Milestone C
PL-000508,Closed,C,M,4.9:CANOPY RUBBER PROTECTION IS MISSING.,PS5-05-01 - Emergency Diesel Generator Package,PS5 - Milestone C
PL-000512,Closed,A,E,"4.10:2 EXTERNAL LIGHTS FOR MAIN DOORS (BRACKET BEND, LIGHT PROTECTION FALLEN OFF)",PS5-05-01 - Emergency Diesel Generator Package,PS5 - Milestone C
PL-000513,Closed,C,M,4.11:ENGINE RADIATOR TO VENTILATION OUTLET CHAMBER NOT SEALED PROPERLY.,PS5-05-01 - Emergency Diesel Generator Package,PS5 - Milestone C
PL-000514,Closed,C,M,4.12:VENT OUTLET CHAMBER TO DAY TANK PARTITION WALL IS NOT PROPERLY SEALED,PS5-05-01 - Emergency Diesel Generator Package,PS5 - Milestone C
PL-000515,Closed,C,M,4.13:SUPPORT BEAM (FOR MONORAIL BEAM) FLANGE FACE IS HAVING GAPS,PS5-05-01 - Emergency Diesel Generator Package,PS5 - Milestone C
PL-000516,Originated,B,E,4.14:EARTHING CABLE JUMPERS BETWEEN ELECTRICAL CABLE TRAYS ARE NOT EXISTING ON MANY LOCATIONS,PS5-05-01 - Emergency Diesel Generator Package,PS5 - Milestone C
PL-000517,Originated,C,I,4.15:INSTRUMENT CABLE RUNNING ON COOLING PIPE WITH TIE RODS,PS5-05-01 - Emergency Diesel Generator Package,PS5 - Milestone C
PL-000518,Originated,A,I,4.16:INSTRUMENT CABLE TERMINATION TO RADIATOR IS NOT PROPERLY FIXED. (NO CABLE INSULATION ),PS5-05-01 - Emergency Diesel Generator Package,PS5 - Milestone C
PL-000519,Originated,C,M,"4.17:THERE IS NO TAG NUMBER ON TROLLEY BEAM ,MANUAL TROLLEY & CHAIN BLOCKS",PS5-05-01 - Emergency Diesel Generator Package,PS5 - Milestone C
PL-000520,Closed,A,M,"4.18:SPARE NOZZLE N3 ON DIESEL TANK HAS NO RATED BLIND, NO GASKET AND BOLT SETS. REFERENCE PID TZ-MID-60-UTR2-130001_05.",PS5-05-01 - Emergency Diesel Generator Package,PS5 - Milestone C
PL-000521,Originated,C,M,4.19:NOZZLE 10 (FUEL FILLING WITH OVERFILL PREVENTION VALVE) FITTED WITH PTFE TAPE. REFERENCE PID TZ-MID-60-UTR2-130001_05.,PS5-05-01 - Emergency Diesel Generator Package,PS5 - Milestone C
PL-000522,Originated,C,E,4.20:LIGHTING JB DOES NOT HAVE TAG NUMBER JB DOES NOT HAVE MOISTURE ABSORBER (SUCH AS DESSICANT BAG- VPCI),PS5-05-01 - Emergency Diesel Generator Package,PS5 - Milestone C
PL-000523,Originated,A,E,4.21:THERE IS NO “AIR SHUT OFF BUTTON” THERE IS NO PROTECTION CAP ON CABLE TERMINATION POINT.,PS5-05-01 - Emergency Diesel Generator Package,PS5 - Milestone C
PL-000524,Closed,A,E,4.22:KEYS FOR JB IS MISSING,PS5-05-01 - Emergency Diesel Generator Package,PS5 - Milestone C
PL-000525,Closed,C,M,4.23:THE DOOR LOCK YIELDS ONLY WHEN TURNS AT AN ABSURD ANGLE.,PS5-05-01 - Emergency Diesel Generator Package,PS5 - Milestone C
PL-000526,Closed,B,M,4.24:THE AIR INLET HOOD FRAME IS SEVERELY DAMAGED,PS5-05-01 - Emergency Diesel Generator Package,PS5 - Milestone C
PL-000527,Closed,C,M,4.25:THE GASKET FOR THE INLET HOOD IS COMPLETELY TORN AND COMPROMISED.,PS5-05-01 - Emergency Diesel Generator Package,PS5 - Milestone C
PL-000528,Closed,C,M,4.26:AIR OUTLET HOOD FRAME IS SLIGHTLY BEND.,PS5-05-01 - Emergency Diesel Generator Package,PS5 - Milestone C
PL-000529,Closed,A,M,4.27:GLYCERINE LEAKAGE FROM THE HYDRAULIC CABIN PRESSURE GAUGE. THE GLYCERINE LEVEL INSIDE THE PG IS LOW.,PS5-05-01 - Emergency Diesel Generator Package,PS5 - Milestone C
PL-000530,Closed,C,M,4.28:OIL IS FOUND SPILLED ON THE BASE PLATE OF THE HYDRAULIC CABIN,PS5-05-01 - Emergency Diesel Generator Package,PS5 - Milestone C
PL-000531,Closed,C,M,4.29:THE DAMPER COVER IN THE HYDRAULIC CABIN IS BEND.,PS5-05-01 - Emergency Diesel Generator Package,PS5 - Milestone C
PL-000532,Closed,C,M,4.30:HANDRAIL PAINT DAMAGED,PS5-05-01 - Emergency Diesel Generator Package,PS5 - Milestone C
PL-000533,Closed,B,M,"4.3INSULATION ON MUFFLER FLANGE AREA ARE DAMAGED, NOT PROPERLY SEALED.",PS5-05-01 - Emergency Diesel Generator Package,PS5 - Milestone C
PL-000534,Closed,B,M,"4.32:INSULATION DONE ON MUFFLER HAS MANY OPENING TO EXPOSED AIR. (SUCH AS LIFTING LUG, SUPPORT, CLADDING TO CLADDING AREAS)",PS5-05-01 - Emergency Diesel Generator Package,PS5 - Milestone C
PL-000535,Closed,C,M,4.33:MUFFLER BOLTS AND NUTS ARE FULLY RUSTED,PS5-05-01 - Emergency Diesel Generator Package,PS5 - Milestone C
PL-000536,Closed,C,M,4.34:MUFFLER INSULATED SURFACES & FLANGES FOUND NOT PAINTED.IT SHOULD BE BLACK AS PER TZ-MID-60-UTR2-180023_02_AFC SECTION 4.6.,PS5-05-01 - Emergency Diesel Generator Package,PS5 - Milestone C
PL-000537,Closed,C,M,4.35:THE WELDING AND GRINDING ON THE MUFFLER EXHAUST PIPE ARE OF POOR QUALITY.,PS5-05-01 - Emergency Diesel Generator Package,PS5 - Milestone C
PL-000540,Closed,C,M,"4.36:THE PIPE IN THE MUFFLER BOX , IS SHOWING SIGNS OF RUST AND IS UNPAINTED.",PS5-05-01 - Emergency Diesel Generator Package,PS5 - Milestone C
PL-000541,Closed,A,M,4.37:WATER MIST CABINET N2 CYLINDERS DELIVERED WITH PRESSURE. (WE DONT KNOW WHAT TYPE OF GAS INSIDE),PS5-05-01 - Emergency Diesel Generator Package,PS5 - Milestone C
PL-000542,Closed,A,M,4.38:WATER MIST CABINET PTFE TAPE USED FOR THREADED JOINTS. (CYLINDER – VALVE CONNECTIONS),PS5-05-01 - Emergency Diesel Generator Package,PS5 - Milestone C
PL-000543,Originated,C,M,"Transformer Fins require touch up in various areas, risk of corrosion on site, high risk due to potential for oil leaks during operation. Agreed with Worley Inspection cordinator that this can be complete on site. In addition, please check all the transformer for any other paint damage and touch up accordingly on site to maintain C5.",PS6-25-02 - Crude Oil Export Pump A,PS6 - Milestone E
PL-000544,Originated,C,M,"Transformer lifting lugs require touch up, to be complete on site after all lifting activities are complete.",PS6-25-02 - Crude Oil Export Pump A,PS6 - Milestone E
PL-000545,Originated,C,M,"Touch ups required on transformer terminal box in 2 areas, close to lifting eyes.",PS6-25-02 - Crude Oil Export Pump A,PS6 - Milestone E
PL-000546,Closed,A,M,4.39:THE KEY SEEMS TO BE MALFUNCTIONING AND ISN'T OPENING THE DOOR,PS5-05-01 - Emergency Diesel Generator Package,PS5 - Milestone C
PL-000547,Closed,C,M,"4.40:WATER MIST CABINET PAINTED IN WHITE. IT SHOULD BE RED AS PER TZ-MID-60-WPR2-120001 (SECTION 6.2, PAGE 11/39)",PS5-05-01 - Emergency Diesel Generator Package,PS5 - Milestone C
PL-000548,Closed,C,M,4.41:THERE IS A CRACK IN THE WELD OF THE MIST CABIN,PS5-05-01 - Emergency Diesel Generator Package,PS5 - Milestone C
PL-000549,Closed,C,M,4.42:MIST CABIN AND MUFFLER PAINT DAMAGED,PS5-05-01 - Emergency Diesel Generator Package,PS5 - Milestone C
PL-000550,Originated,C,M,"4.43:SPARE INSULATION , CLADDING (TO INSULATE AND CLAD MUFFLER RELATED JOINTS), ATTACHMENT BOLT SET, NOT RECEIVED, AND DETAILED PACKING LIST IS NOT AVAILABLE.",PS5-05-01 - Emergency Diesel Generator Package,PS5 - Milestone C
PL-000564,Closed,A,E,Revision to Sulzer/NIDEC wiring for VSD for the General Alarm and General Trips.,PS5-25-02 - Crude Oil Export Pump A,PS5 - Milestone H
PL-000565,Closed,A,E,Revision to Sulzer/NIDEC wiring for VSD for the General Alarm and General Trips.,PS5-25-03 - Crude Oil Export Pump B,PS5 - Milestone H
PL-000566,Closed,A,E,Revision to Sulzer/NIDEC wiring for VSD for the General Alarm and General Trips.,PS5-25-04 - Crude Oil Export Pump C,PS5 - Milestone H
PL-000567,Closed,0,M,Revision to Sulzer/NIDEC wiring for VSD for the General Alarm and General Trips.,PS6-25-02 - Crude Oil Export Pump A,PS6 - Milestone E
PL-000568,Closed,0,M,Revision to Sulzer/NIDEC wiring for VSD for the General Alarm and General Trips.,PS6-25-03 - Crude Oil Export Pump B,PS6 - Milestone E
PL-000569,Closed,0,M,Revision to Sulzer/NIDEC wiring for VSD for the General Alarm and General Trips.,PS6-25-04 - Crude Oil Export Pump C,PS6 - Milestone E
PL-000612,Closed,A,M,Swapping of Radiator isolator/Engine isolator,PS5-05-01 - Emergency Diesel Generator Package,PS5 - Milestone C
PL-000621,Originated,A,E,Potential transformer connection inside the alternator box,PS5-60-13 - Power Generation Package E,PS5 - Milestone D
PL-000622,Originated,A,E,CTs at the alternator Juncon Box Jumpered (2CT1/2CT2),PS5-60-13 - Power Generation Package E,PS5 - Milestone D
PL-000623,Originated,A,E,Potential transformer connections inside the,PS5-60-16 - Power Generation Package F,PS5 - Milestone D
PL-000624,Originated,A,E,CTs at the alternator Juncon Box are Jumpered (2CT1/2CT2),PS5-60-16 - Power Generation Package F,PS5 - Milestone D
PL-000702,Originated,C,M,4:Found radiator bottom and top angle bar support bolt & nuts need to be tighted properly.,PS5-25-02 - Crude Oil Export Pump A,PS5 - Milestone H
PL-000703,Originated,C,M,4.1:Found all transformer radiator support paint need to be provided,PS5-25-02 - Crude Oil Export Pump A,PS5 - Milestone H
PL-000704,Originated,C,M,4:Found radiator bottom area unpainted steel angle bar support need to be painted,PS5-25-03 - Crude Oil Export Pump B,PS5 - Milestone H
PL-000705,Originated,C,M,4.1:Found all transformer radiator support paint need to be provided,PS5-25-03 - Crude Oil Export Pump B,PS5 - Milestone H
PL-000706,Originated,C,M,4:Found radiator bottom and top angle bar support bolt & nuts need to be tighted properly.,PS5-25-04 - Crude Oil Export Pump C,PS5 - Milestone H
PL-000707,Originated,C,M,4.1:Found all transformer radiator support paint need to be provided,PS5-25-04 - Crude Oil Export Pump C,PS5 - Milestone H
PL-000711,Originated,A,M,"4:CAT LUBE OIL 15W40, USED FOR PRESERVATION, MUST BE DRAINED AND FLUSHED BEFORE COMMISSIONING.",PS5-71-16 - Diesel Fuel Supply Pump A/B,PS5 - Milestone F
PL-000712,Originated,A,M,"4:CAT LUBE OIL 15W40, USED FOR PRESERVATION, MUST BE DRAINED AND FLUSHED BEFORE COMMISSIONING.",PS5-71-16 - Diesel Fuel Supply Pump A/B,PS5 - Milestone F
PL-000713,Originated,A,M,"4:CAT LUBE OIL 15W40, USED FOR PRESERVATION, MUST BE DRAINED AND FLUSHED BEFORE COMMISSIONING.",PS5-71-14 - Diesel Fuel Transfer and Dispensing Station,PS5 - Milestone F
PL-000720,Originated,C,M,4:THE WOODEN CRATE IS COMPLETELY SHATTERED.,PS5-60-27 - Compressed Air Starting Skid,PS5 - Milestone B
PL-000721,Closed,B,M,4.1:THE PRESSURE GAUGE IS SLIGHTLY BENT DUE TO THE IMPACT FROM THE BROKEN WOODEN CRATE.,PS5-60-27 - Compressed Air Starting Skid,PS5 - Milestone B
PL-000722,Originated,C,M,4.2:SOME OPENINGS ARE IMPROPERLY PLUGGED,PS5-60-27 - Compressed Air Starting Skid,PS5 - Milestone B
PL-000723,Closed,A,M,4.3:THE HEAT EXCHANGER PIPE IS BROKEN FROM THE COMPRESSOR HEAD.,PS5-60-27 - Compressed Air Starting Skid,PS5 - Milestone B
PL-000724,Originated,B,M,4.4:NO PROPER PACKING LIST PROVIDED FOR COMMISSIONING SPARES,PS5-60-27 - Compressed Air Starting Skid,PS5 - Milestone B
PL-000725,Originated,C,M,4.5:TRACES OF COOLANT FOUND ON THE TOP OF THE COOLANT TANK,PS5-60-27 - Compressed Air Starting Skid,PS5 - Milestone B
PL-000726,Originated,C,M,4.6:SOME PARTS ARE COMPLETELY RUSTED,PS5-60-27 - Compressed Air Starting Skid,PS5 - Milestone B
PL-000727,Originated,C,M,4:SOME BALL VALVES AND OPENINGS ARE IMPROPERLY PLUGGED,PS5-60-49 - Lube Oil Separator Module PS5-60-UO-81100A,PS5 - Milestone B
PL-000728,Originated,C,M,4:SOME BALL VALVES AND OPENINGS ARE IMPROPERLY PLUGGED,PS5-60-50 - Lube Oil Separator Module PS5-60-UO-81100B,PS5 - Milestone B
PL-000729,Originated,C,M,4:SOME BALL VALVES AND OPENINGS ARE IMPROPERLY PLUGGED,PS5-60-51 - Lube Oil Separator Module PS5-60-UO-81100C,PS5 - Milestone D
PL-000730,Originated,C,M,4:SOME BALL VALVES AND OPENINGS ARE IMPROPERLY PLUGGED,PS5-60-52 - Lube Oil Separator Module PS5-60-UO-81100D,PS5 - Milestone D
PL-000731,Originated,C,M,4:SOME BALL VALVES AND OPENINGS ARE IMPROPERLY PLUGGED,PS5-60-53 - Lube Oil Separator Module PS5-60-UO-81100E,PS5 - Milestone D
PL-000732,Originated,C,M,4:SOME BALL VALVES AND OPENINGS ARE IMPROPERLY PLUGGED,PS5-60-54 - Lube Oil Separator Module PS5-60-UO-81100F,PS5 - Milestone D
PL-000733,Originated,C,M,4:SOME BALL VALVES AND OPENINGS ARE IMPROPERLY PLUGGED,PS5-60-55 - Lube Oil Separator Module PS5-60-UO-81100G,PS5 - Milestone E
PL-000734,Originated,C,M,4:THE PAINT ON THE INJECTOR TIP COOLING MODULE FLANGE IS CRACKED,PS5-60-35 - Injector Tip Cooling Module A,PS5 - Milestone B
PL-000735,Originated,C,M,4.1:THE INJECTOR TIP COOLING MODULE HAS MULTIPLE OPENINGS THAT ARE NOT PROPERLY PLUGGED,PS5-60-35 - Injector Tip Cooling Module A,PS5 - Milestone B
PL-000736,Originated,C,M,4:THE INJECTOR TIP COOLING MODULE HAS MULTIPLE OPENINGS THAT ARE NOT PROPERLY PLUGGED,PS5-60-36 - Injector Tip Cooling Module B,PS5 - Milestone B
PL-000737,Originated,C,M,4:THE INJECTOR TIP COOLING MODULE HAS MULTIPLE OPENINGS THAT ARE NOT PROPERLY PLUGGED,PS5-60-37 - Injector Tip Cooling Module C,PS5 - Milestone D
PL-000738,Originated,C,M,4:THE INJECTOR TIP COOLING MODULE HAS MULTIPLE OPENINGS THAT ARE NOT PROPERLY PLUGGED,PS5-60-38 - Injector Tip Cooling Module D,PS5 - Milestone D
PL-000739,Originated,C,M,4:THE INJECTOR TIP COOLING MODULE HAS MULTIPLE OPENINGS THAT ARE NOT PROPERLY PLUGGED,PS5-60-39 - Injector Tip Cooling Module E,PS5 - Milestone D
PL-000740,Originated,C,M,4:THE INJECTOR TIP COOLING MODULE HAS MULTIPLE OPENINGS THAT ARE NOT PROPERLY PLUGGED,PS5-60-40 - Injector Tip Cooling Module F,PS5 - Milestone D
PL-000741,Closed,B,M,"4:SIGNS OF RUST HAVE BEEN OBSERVED INSIDE ALL THE MOTORS OF THE MIST ELIMINATOR, INDICATING POSSIBLE EXPOSURE TO MOISTURE",PS5-60-42 - Oil Mist Separator Skid PS5-60-VS-9100A,PS5 - Milestone B
PL-000742,Closed,B,M,"4:SIGNS OF RUST HAVE BEEN OBSERVED INSIDE ALL THE MOTORS OF THE MIST ELIMINATOR, INDICATING POSSIBLE EXPOSURE TO MOISTURE",PS5-60-43 - Oil Mist Separator Skid PS5-60-VS-9100B,PS5 - Milestone B
PL-000743,Originated,B,M,4.1:WATER INGRESS HAS BEEN DETECTED INSIDE THE MIST ELIMINATOR AND THE MOTOR,PS5-60-43 - Oil Mist Separator Skid PS5-60-VS-9100B,PS5 - Milestone B
PL-000744,Originated,B,M,4:WATER INGRESS HAS BEEN DETECTED INSIDE THE MIST ELIMINATOR AND THE MOTORS.,PS5-60-44 - Oil Mist Separator Skid PS5-60-VS-9100C,PS5 - Milestone D
PL-000745,Originated,B,M,"4.1:SIGNS OF RUST HAVE BEEN OBSERVED INSIDE ALL THE MOTORS OF THE MIST ELIMINATOR, INDICATING POSSIBLE EXPOSURE TO MOISTURE",PS5-60-44 - Oil Mist Separator Skid PS5-60-VS-9100C,PS5 - Milestone D
PL-000746,Originated,B,M,"4:SIGNS OF RUST HAVE BEEN OBSERVED INSIDE ALL THE MOTORS OF THE MIST ELIMINATOR, INDICATING POSSIBLE EXPOSURE TO MOISTURE",PS5-60-45 - Oil Mist Separator Skid PS5-60-VS-9100D,PS5 - Milestone D
PL-000747,Originated,B,M,"4:SIGNS OF RUST HAVE BEEN OBSERVED INSIDE ALL THE MOTORS OF THE MIST ELIMINATOR, INDICATING POSSIBLE EXPOSURE TO MOISTURE",PS5-60-46 - Oil Mist Separator Skid PS5-60-VS-9100E,PS5 - Milestone D
PL-000748,Originated,B,M,"4:SIGNS OF RUST HAVE BEEN OBSERVED INSIDE ALL THE MOTORS OF THE MIST ELIMINATOR, INDICATING POSSIBLE EXPOSURE TO MOISTURE",PS5-60-47 - Oil Mist Separator Skid PS5-60-VS-9100F,PS5 - Milestone D
PL-000749,Originated,B,M,"4:SIGNS OF RUST HAVE BEEN OBSERVED INSIDE ALL THE MOTORS OF THE MIST ELIMINATOR, INDICATING POSSIBLE EXPOSURE TO MOISTURE",PS5-60-48 - Oil Mist Separator Skid PS5-60-VS-9100G,PS5 - Milestone E
PL-000750,Originated,A,E,"4:THE JB DOOR OF THE DO SEPARATOR IS NOT FIXED, AND THE BOLTS ARE MISSING.",PS5-71-18 - Diesel Separator Module,PS5 - Milestone F
PL-000751,Originated,C,M,4:SOME OPENINGS ARE IMPROPERLY PLUGGED,PS5-71-06 - Crude Fuel Separation Module,PS5 - Milestone H
PL-000752,Closed,B,M,"4.1:THE PSV AND FIT WERE IMPROPERLY SECURED, AND WE DISCOVERED THE PSV CARELESSLY DISPLACED, LYING UPSIDE DOWN ON THE GROUND.(NEED TO BE INSTALLED)",PS5-71-06 - Crude Fuel Separation Module,PS5 - Milestone H
PL-000753,Closed,A,M,4.2:THE FCV IS NOT CONNECTED ON A SINGLE SIDE.,PS5-71-06 - Crude Fuel Separation Module,PS5 - Milestone H
PL-000754,Originated,A,E,4.3:Control panel key is missing.,PS5-71-06 - Crude Fuel Separation Module,PS5 - Milestone H
PL-000755,Originated,A,E,4:CONTROL PANEL KEY IS MISSING,PS5-71-06 - Crude Fuel Separation Module,PS5 - Milestone H
PL-000756,Originated,B,M,4.1:NO LUBE OIL AVAILABLE AT THE VIEWING GLASS.,PS5-71-06 - Crude Fuel Separation Module,PS5 - Milestone H
PL-000757,Originated,C,M,4.2:A LOT OF OPENINGS ARE NOT PROPERLY PLUGGED,PS5-71-06 - Crude Fuel Separation Module,PS5 - Milestone H
PL-000758,Closed,A,M,"4.3:THE PSV, FLOW GAUGE, AND SPOOLS ARE NOT INSTALLED AND LYING ON THE GROUND. (NEED TO BE INSTALLED)",PS5-71-06 - Crude Fuel Separation Module,PS5 - Milestone H
PL-000759,Originated,C,M,4:THE INJECTOR TIP COOLING MODULE HAS MULTIPLE OPENINGS THAT ARE NOT PROPERLY PLUGGED.,PS5-60-41 - Injector Tip Cooling Module G,PS5 - Milestone E
PL-000760,Closed,A,M,4:THE INSULATION RING FOR THE CLOSED DRAIN DRUM IS DAMAGED.,PS5-28-03 - Closed Drain Drum and Pump 01,PS5 - Milestone G
PL-000761,Originated,C,M,4.1:THE CLOSED DRAIN DRUM EXHIBITS PAINT DAMAGE.,PS5-28-03 - Closed Drain Drum and Pump 01,PS5 - Milestone G
PL-000762,Originated,B,M,"4.2:NO PACKING NOTE AVAILABLE FOR COMM. & STARTUP SPARES . FOUND- 4INCH 150 ASME GASKET(QUANTITY-1), REGULATOR KNOB, 1 BOLT, 10 STUD BOLT & 20 HEX NUT, 4INCH 150 ASME GASKET(QUANTITY -6) 2 MANUAL.",PS5-28-03 - Closed Drain Drum and Pump 01,PS5 - Milestone G
PL-000763,Originated,C,M,4:THE CONTAINER IS DAMAGED,PS5-71-14 - Diesel Fuel Transfer and Dispensing Station,PS5 - Milestone F
PL-000764,Originated,C,M,4.1:THE CONTAINER HAS SIGNIFICANT PAINT DAMAGE.,PS5-71-14 - Diesel Fuel Transfer and Dispensing Station,PS5 - Milestone F
PL-000765,Originated,A,E,4.2:THE TUBE LIGHT FELL FROM ITS ORIGINAL POSITION AND GOT DAMAGED,PS5-71-14 - Diesel Fuel Transfer and Dispensing Station,PS5 - Milestone F
PL-000766,Originated,C,M,4.3:THE SPOOL FROM THE DISPENSER HAS PAINT DAMAGE.,PS5-71-14 - Diesel Fuel Transfer and Dispensing Station,PS5 - Milestone F
PL-000767,Originated,A,M,4.4:THE METALLIC FLEXIBLE CONNECTION IS BROKEN AND DAMAGED.,PS5-71-14 - Diesel Fuel Transfer and Dispensing Station,PS5 - Milestone F
PL-000768,Completed,C,M,4.5:THE DISPENSER COVERS ARE NOT PROPERLY MOUNTED AND HAVE FALLEN TO THE GROUND.,PS5-71-14 - Diesel Fuel Transfer and Dispensing Station,PS5 - Milestone F
PL-000769,Originated,B,M,4.6:THE GASKET FOR THE SIDE VIEWING GLASS IS DAMAGED.,PS5-71-14 - Diesel Fuel Transfer and Dispensing Station,PS5 - Milestone F
PL-000770,Originated,C,M,4.7:THE NUT & BOLT FOR THE SIDE VIEWING GLASS IS MISSING.,PS5-71-14 - Diesel Fuel Transfer and Dispensing Station,PS5 - Milestone F
PL-000771,Originated,C,M,4.8:THE ROLLING WIRE IS COMPRESSED BENEATH THE STRUCTURE.,PS5-71-14 - Diesel Fuel Transfer and Dispensing Station,PS5 - Milestone F
PL-000772,Originated,C,M,4.9:THE FLOW INDICATOR TRANSMITTER IS NOT MOUNTED OR BOLTED SECURELY.,PS5-71-14 - Diesel Fuel Transfer and Dispensing Station,PS5 - Milestone F
PL-000773,Originated,B,M,"4.10:OPENED THE ROOF HATCH, BUT THE KEY IS STILL NOT WORKING; LOCK & KEY NEEDS TO BE REPLACED",PS5-71-14 - Diesel Fuel Transfer and Dispensing Station,PS5 - Milestone F
PL-000774,Originated,C,M,4.11:THE INLET SPOOL FOR THE VESSEL IS NOT MOUNTED PROPERLY.,PS5-71-14 - Diesel Fuel Transfer and Dispensing Station,PS5 - Milestone F
PL-000775,Originated,B,E,4.12:THE CABLE LAID IN THE WALKWAY NEEDS TO BE REMOVED AND PROPERLY ORGANIZED IN THE CABLE TRAY/CHANNEL.,PS5-71-14 - Diesel Fuel Transfer and Dispensing Station,PS5 - Milestone F
PL-000776,Originated,A,E,4.13:THE CABLE NEEDS TO BE PROTECTED FROM SHARP EDGES.,PS5-71-14 - Diesel Fuel Transfer and Dispensing Station,PS5 - Milestone F
PL-000777,Originated,C,M,"4.14:THE CHANNEL SHOULD BE FIXED SECURELY ON BOTH ENDS WITH SCREWS, AND A WIRE TAG SHOULD BE PROVIDED",PS5-71-14 - Diesel Fuel Transfer and Dispensing Station,PS5 - Milestone F
PL-000778,Originated,C,E,4.15:ALL THE PAPER TAG SHOULD BE REPLACED WITH A STAINLESS STEEL (SS) TAG,PS5-71-14 - Diesel Fuel Transfer and Dispensing Station,PS5 - Milestone F
PL-000779,Originated,C,E,4.16:ALL INSTRUMENT HANGING TAG (SS TAG) SHOULD BE PROVIDED.,PS5-71-14 - Diesel Fuel Transfer and Dispensing Station,PS5 - Milestone F
PL-000780,Originated,C,M,4.17:THE DISPENSER IS NOT SECURELY FIXED AND IS SHAKING.,PS5-71-14 - Diesel Fuel Transfer and Dispensing Station,PS5 - Milestone F
PL-000781,Originated,B,M,"4.18:OPENED THE TECHNICAL ROOM DOOR; THE DOOR LOCK WAS JAMMED AND NOW IS WORKING, BUT NOT SMOOTHLY. THE LOCK COVER IS DAMAGED AND NEED TO BE REPLACED, AND THE DOOR FRAME IS NOT FIXED PROPERLY, RESULTING IN HEAVY SHAKING.",PS5-71-14 - Diesel Fuel Transfer and Dispensing Station,PS5 - Milestone F
PL-000782,Originated,A,E,4.19:THE TUBE LIGHT HAS FALLEN FROM ITS ORIGINAL POSITION AND IS HANGING IN THE TECHNICAL ROOM.,PS5-71-14 - Diesel Fuel Transfer and Dispensing Station,PS5 - Milestone F
PL-000783,Originated,C,M,4.20:TWO NUT BOLTS ARE MISSING FROM THE M LADDER SUPPORT.,PS5-71-14 - Diesel Fuel Transfer and Dispensing Station,PS5 - Milestone F
PL-000812,Originated,C,M,4:THERE IS A SLIGHT BEND ON THE BODY OF THE ADAPTOR(ADAPTOR Ø650 to Øout 508 L1280 - inlet engine ),PS5-60-01 - Power Generation Package A,PS5 - Milestone B
PL-000813,Originated,C,M,4.1:TWO OF THE STRAIGHT LENGTHS ARE BENT IN THREE PLACES(ADJUSTABLE STRAIGHT LENGTH L2850- 3000mm Ø650),PS5-60-01 - Power Generation Package A,PS5 - Milestone B
PL-000814,Originated,C,M,"4.2:FOUND MINOR SCRATCHES, GAPS ON THE OUTER COVER THAT COULD ALLOW WATER ENTRY INTO THE INSULATED AREA ,Gaps not properly filled/sealed, Partially used mastic to seal which have not working(STRAIGHT LENGTH L10000mm DIA 950/1150 EXHAUST LINE)",PS5-60-01 - Power Generation Package A,PS5 - Milestone B
PL-000815,Originated,B,M,4.3:A SMALL CUT WAS FOUND ON THE OUTER COVER OF THE STRAIGHT LENGTH L10000mm DIA 950/1150 EXHAUST LINE,PS5-60-01 - Power Generation Package A,PS5 - Milestone B
PL-000816,Originated,C,M,"4.4:FOUND MINOR SCRATCHES, GAPS ON THE OUTER COVER THAT COULD ALLOW WATER ENTRY INTO THE INSULATED AREA , AND SMALL CUTS .(Gaps not properly filled/sealed, Partially used mastic to seal which have not working)this is general comment for SRN 302",PS5-60-01 - Power Generation Package A,PS5 - Milestone B
PL-000817,Originated,C,M,"4.6:FOUND MINOR SCRATCHES, GAPS ON THE OUTER COVER THAT COULD ALLOW WATER ENTRY INTO THE INSULATED AREA , AND SMALL CUTS .(Gaps not properly filled/sealed, Partially used mastic to seal which have not working)-STRAIGHT LENGTH L1250mm DIA 450/650 EXHAUST LINE",PS5-60-01 - Power Generation Package A,PS5 - Milestone B
PL-000818,Originated,C,M,"4.7:FOUND MINOR SCRATCHES, GAPS ON THE OUTER COVER THAT COULD ALLOW WATER ENTRY INTO THE INSULATED AREA .(Gaps not properly filled/sealed, Partially used mastic to seal which have not working)-ADJUSTABLE LENGTH L6000-6250mm DIA 950/1150 EXHAUST LINE",PS5-60-01 - Power Generation Package A,PS5 - Milestone B
PL-000819,Originated,B,M,"4.8:NO PROPER PACKING LIST/NOTE AVAILABLE FOR SRN 303 FASTNERS. FOUND BOLT- M12*60=3500, M16*80=450, M30*80=670, M36*80=690, M36*90=60 NUT- M36=750, M12=3500, M16=450 ,, M30=30 WASHER- M36=1500, M13=7000 ,M16=900, M31=700",PS5-60-01 - Power Generation Package A,PS5 - Milestone B
PL-000820,Originated,C,M,4.9:FOUND SOME EXTRA MATERIAL IN SRN 303 (Not mentioned in PL) SILICON NEUTRA- 72 PCS. RIVETS -6 BOX PROETEX PTFE TAPE - 15 PCS ROPE SEAL - 1 PACKET,PS5-60-01 - Power Generation Package A,PS5 - Milestone B
PL-000821,Originated,B,M,4.10:SOME BALL VALVES AND OPENINGS ARE IMPROPERLY PLUGGED IN COMPACT UNIT PS5-60-UO-81100A,PS5-60-01 - Power Generation Package A,PS5 - Milestone B
PL-000822,Originated,B,M,4:SOME BALL VALVES AND OPENINGS ARE IMPROPERLY PLUGGED IN COMPACT UNIT PS5-60-UO-81100C,PS5-60-07 - Power Generation Package C,PS5 - Milestone D
PL-000823,Originated,B,M,4:SOME BALL VALVES AND OPENINGS ARE IMPROPERLY PLUGGED IN COMPACT UNIT PS5-60-UO-81100D,PS5-60-10 - Power Generation Package D,PS5 - Milestone D
PL-000824,Originated,B,M,4:SOME BALL VALVES AND OPENINGS ARE IMPROPERLY PLUGGED IN COMPACT UNIT PS5-60-UO-81100E,PS5-60-13 - Power Generation Package E,PS5 - Milestone D
PL-000825,Originated,B,M,4:SOME BALL VALVES AND OPENINGS ARE IMPROPERLY PLUGGED IN COMPACT UNIT PS5-60-UO-81100G,PS5-60-19 - Power Generation Package G,PS5 - Milestone E
PL-000826,Originated,B,M,4:SOME BALL VALVES AND OPENINGS ARE IMPROPERLY PLUGGED IN COMPACT UNIT PS5-60-UO-81100F,PS5-60-16 - Power Generation Package F,PS5 - Milestone D
PL-000827,Originated,B,M,4:SOME BALL VALVES AND OPENINGS ARE IMPROPERLY PLUGGED IN COMPACT UNIT PS5-60-UO-81100B,PS5-60-04 - Power Generation Package B,PS5 - Milestone B
PL-000828,Originated,B,E,4.1: THE MAGNETIC FLOAT SWITCH OPENING IS NOT PROPERLY PLUGGED.(JACKET WATER EXPANSION TANK & SCAC EXPANSION TANK PS5-60-TX-41700A/B),PS5-60-19 - Power Generation Package G,PS5 - Milestone E
PL-000829,Originated,B,M,"4.11:THERE IS NO PROPER PACKING LIST, AND ACCORDING TO THE COLLI LIST, 1 REGULATING RING IS MISSING. ONLY 5 RINGS WERE FOUND ACROSS ALL THE BOXES.-SHIPPED LOOSE ITEM SRN 311",PS5-60-01 - Power Generation Package A,PS5 - Milestone B
PL-000830,Originated,B,M,4.12:NO PROPER PACKING LIST AVAILABLE- SRN 311 CAPITAL SPARES,PS5-60-01 - Power Generation Package A,PS5 - Milestone B
PL-000831,Originated,B,M,4.13:THE DRYER COVER IS DAMAGED- INSTRUMENTATION AIR STATION PS5-60-UA-5200,PS5-60-01 - Power Generation Package A,PS5 - Milestone B
PL-000832,Closed,A,M,4.14:2 OF THE FLEXIBLE HOSES ARE DAMAGED AND NEEDS REPLACEMENT-INSTRUMENTATION AIR STATION PS5-60-UA-5200,PS5-60-01 - Power Generation Package A,PS5 - Milestone B
PL-000833,Closed,A,M,4.15:THE SPRINGS HAVE BEEN DISPLACED FROM THE BOTTOM OF THE EQUIPMENT.-INSTRUMENTATION AIR STATION PS5-60-UA-5200,PS5-60-01 - Power Generation Package A,PS5 - Milestone B
PL-000834,Originated,B,M,4.16:THE COMPRESSOR COVER GUIDE IS DAMAGED-INSTRUMENTATION AIR STATION PS5-60-UA-5200,PS5-60-01 - Power Generation Package A,PS5 - Milestone B
PL-000835,Originated,B,M,4.17:THE PRV 5206 OUTLET IS NOT PLUGGED.-INSTRUMENTATION AIR STATION PS5-60-UA-5200,PS5-60-01 - Power Generation Package A,PS5 - Milestone B
PL-000836,Originated,B,M,4.18: THE MAGNETIC FLOAT SWITCH OPENING IS NOT PROPERLY PLUGGED.(JACKET WATER EXPANSION TANK & SCAC EXPANSION TANK PS5-60-TX-41100A/B),PS5-60-01 - Power Generation Package A,PS5 - Milestone B
PL-000837,Originated,B,E,4.1: THE MAGNETIC FLOAT SWITCH OPENING IS NOT PROPERLY PLUGGED.(JACKET WATER EXPANSION TANK & SCAC EXPANSION TANK PS5-60-TX-41300A/B),PS5-60-07 - Power Generation Package C,PS5 - Milestone D
PL-000838,Originated,B,E,4.1:THE MAGNETIC FLOAT SWITCH OPENING IS NOT PROPERLY PLUGGED.(JACKET WATER EXPANSION TANK & SCAC EXPANSION TANK PS5-60-TX-41400A/B),PS5-60-10 - Power Generation Package D,PS5 - Milestone D
PL-000839,Originated,B,E,4.1:THE MAGNETIC FLOAT SWITCH OPENING IS NOT PROPERLY PLUGGED.(JACKET WATER EXPANSION TANK & SCAC EXPANSION TANK PS5-60-TX-41500A/B),PS5-60-13 - Power Generation Package E,PS5 - Milestone D
PL-000840,Originated,B,E,4.1:THE MAGNETIC FLOAT SWITCH OPENING IS NOT PROPERLY PLUGGED.(JACKET WATER EXPANSION TANK & SCAC EXPANSION TANK PS5-60-TX-41600A/B),PS5-60-16 - Power Generation Package F,PS5 - Milestone D
PL-000841,Originated,B,E,4.1:THE MAGNETIC FLOAT SWITCH OPENING IS NOT PROPERLY PLUGGED.(JACKET WATER EXPANSION TANK & SCAC EXPANSION TANK PS5-60-TX-41200A/B),PS5-60-04 - Power Generation Package B,PS5 - Milestone B
PL-000842,Originated,C,M,4.19:THE INSULATION CLADDING IS NOT PROPERLY SEALED-450NB Y PIECE,PS5-60-01 - Power Generation Package A,PS5 - Milestone B
PL-000843,Originated,C,M,4.2:THE INSULATION CLADDING IS NOT PROPERLY SEALED-450NB Y PIECE,PS5-60-07 - Power Generation Package C,PS5 - Milestone D
PL-000844,Originated,C,M,4.2:THE INSULATION CLADDING IS NOT PROPERLY SEALED-450NB Y PIECE,PS5-60-10 - Power Generation Package D,PS5 - Milestone D
PL-000845,Originated,C,M,4.2:THE INSULATION CLADDING IS NOT PROPERLY SEALED-450NB Y PIECE,PS5-60-13 - Power Generation Package E,PS5 - Milestone D
PL-000846,Originated,C,M,4.2:THE INSULATION CLADDING IS NOT PROPERLY SEALED-450NB Y PIECE,PS5-60-19 - Power Generation Package G,PS5 - Milestone E
PL-000847,Originated,C,M,4.2:THE INSULATION CLADDING IS NOT PROPERLY SEALED-450NB Y PIECE,PS5-60-16 - Power Generation Package F,PS5 - Milestone D
PL-000848,Originated,C,M,4.2:THE INSULATION CLADDING IS NOT PROPERLY SEALED-450NB Y PIECE,PS5-60-04 - Power Generation Package B,PS5 - Milestone B
PL-000849,Originated,C,M,4.3:THE Y-PIECE IS BENT AT A CERTAIN POINT.,PS5-60-19 - Power Generation Package G,PS5 - Milestone E
PL-000850,Originated,C,M,4.20:Found Electric compressor motor solenoid valve power and earthing cable damaged for Instrumentation air station package (PS5-60-UA-5200).,PS5-60-01 - Power Generation Package A,PS5 - Milestone B
PL-000851,Originated,C,M,4.21:All CO Control panel tag no need to be corrected as per building layout drawing- SRN 311 CO CONTROL CABINET,PS5-60-01 - Power Generation Package A,PS5 - Milestone B
PL-000852,Originated,C,M,"4.22:ALL THE SILENCERS HAVE PS4 TAGS, WHILE THE TARPAULINS HAVE PS5 TAGS, INDICATING THEY HAVE BEEN EXCHANGED.",PS5-60-01 - Power Generation Package A,PS5 - Milestone B
PL-000853,Originated,C,M,"4.3:ALL THE SILENCERS HAVE PS4 TAGS, WHILE THE TARPAULINS HAVE PS5 TAGS, INDICATING THEY HAVE BEEN EXCHANGED.",PS5-60-07 - Power Generation Package C,PS5 - Milestone D
PL-000854,Originated,C,M,"4.3:ALL THE SILENCERS HAVE PS4 TAGS, WHILE THE TARPAULINS HAVE PS5 TAGS, INDICATING THEY HAVE BEEN EXCHANGED.",PS5-60-10 - Power Generation Package D,PS5 - Milestone D
PL-000855,Originated,C,M,"4.3:ALL THE SILENCERS HAVE PS4 TAGS, WHILE THE TARPAULINS HAVE PS5 TAGS, INDICATING THEY HAVE BEEN EXCHANGED.",PS5-60-13 - Power Generation Package E,PS5 - Milestone D
PL-000856,Originated,C,M,"4.4:ALL THE SILENCERS HAVE PS4 TAGS, WHILE THE TARPAULINS HAVE PS5 TAGS, INDICATING THEY HAVE BEEN EXCHANGED.",PS5-60-19 - Power Generation Package G,PS5 - Milestone E
PL-000857,Originated,C,M,"4.3:ALL THE SILENCERS HAVE PS4 TAGS, WHILE THE TARPAULINS HAVE PS5 TAGS, INDICATING THEY HAVE BEEN EXCHANGED.",PS5-60-16 - Power Generation Package F,PS5 - Milestone D
PL-000858,Originated,C,M,"4.3:ALL THE SILENCERS HAVE PS4 TAGS, WHILE THE TARPAULINS HAVE PS5 TAGS, INDICATING THEY HAVE BEEN EXCHANGED.",PS5-60-04 - Power Generation Package B,PS5 - Milestone B
PL-000859,Closed,B,M,4.23:THE AIR STARTING RECEIVER HAS MULTIPLE OPENINGS THAT ARE NOT PROPERLY PLUGGED.-PS5-60-VA-5100A,PS5-60-01 - Power Generation Package A,PS5 - Milestone B
PL-000860,Completed,B,M,4.4:THE AIR STARTING RECEIVER HAS MULTIPLE OPENINGS THAT ARE NOT PROPERLY PLUGGED.-PS5-60-VA-5100C,PS5-60-07 - Power Generation Package C,PS5 - Milestone D
PL-000861,Closed,B,M,4.4:THE AIR STARTING RECEIVER HAS MULTIPLE OPENINGS THAT ARE NOT PROPERLY PLUGGED.-PS5-60-VA-5100D,PS5-60-10 - Power Generation Package D,PS5 - Milestone D
PL-000862,Closed,B,M,4.4:THE AIR STARTING RECEIVER HAS MULTIPLE OPENINGS THAT ARE NOT PROPERLY PLUGGED.-PS5-60-VA-5100E,PS5-60-13 - Power Generation Package E,PS5 - Milestone D
PL-000863,Closed,B,M,4.5:THE AIR STARTING RECEIVER HAS MULTIPLE OPENINGS THAT ARE NOT PROPERLY PLUGGED.-PS5-60-VA-5100G,PS5-60-19 - Power Generation Package G,PS5 - Milestone E
PL-000864,Originated,B,M,4.4:THE AIR STARTING RECEIVER HAS MULTIPLE OPENINGS THAT ARE NOT PROPERLY PLUGGED.-PS5-60-VA-5100F,PS5-60-16 - Power Generation Package F,PS5 - Milestone D
PL-000865,Originated,B,M,4.4:THE AIR STARTING RECEIVER HAS MULTIPLE OPENINGS THAT ARE NOT PROPERLY PLUGGED.-PS5-60-VA-5100B,PS5-60-04 - Power Generation Package B,PS5 - Milestone B
PL-000866,Originated,A,M,4.5:THE AIR STARTING RECEIVER PS5-60-VA-5100E SOLENOID VALVE IS DISCONNECTED AND LYING ON THE GROUND.,PS5-60-13 - Power Generation Package E,PS5 - Milestone D
PL-000867,Originated,C,M,4.5:THE MATERIAL OF THE VESSEL IS UNEVEN AND IRREGULAR.(AIR STARTING RECEIVER PS5-60-VA-5100F),PS5-60-16 - Power Generation Package F,PS5 - Milestone D
PL-000868,Originated,B,M,4.24:THE AIR RECEIVER HAS MULTIPLE OPENINGS THAT ARE NOT PROPERLY PLUGGED(PS5-60-VA-5200),PS5-60-01 - Power Generation Package A,PS5 - Milestone B
PL-000870,Originated,B,M,4:FOUND TYRES WITH BUMPS(H150 PUMP SET +MOTOR+ MOBILE TROLLEY),PS5-28-10 - Oil Skimmer Package,PS5 - Milestone I
PL-000871,Originated,B,M,4.1:THE H150 PUMPSET HAS OPENINGS THAT ARE NOT PROPERLY PLUGGED.,PS5-28-10 - Oil Skimmer Package,PS5 - Milestone I
PL-000872,Originated,C,M,4.2:THE TERMINAL BOX EXHIBITS PAINT DAMAGE.(H150 PUMP SET +MOTOR+ MOBILE TROLLEY),PS5-28-10 - Oil Skimmer Package,PS5 - Milestone I
PL-000873,Originated,B,M,4.3:START-UP SPARES ARE NOT AVAILABLE.,PS5-28-10 - Oil Skimmer Package,PS5 - Milestone I
PL-000874,Originated,B,M,"4.4:OVERAGE-FOUND INDUSTRIAL PLUG & SOCKET- OUTLETS DECONTACTOR AND BOXES,CLOSING MECHANISM & SOCKET DXN6.",PS5-28-10 - Oil Skimmer Package,PS5 - Milestone I
PL-000930,Originated,C,M,All damage part #1,PS6-05-01 - Emergency Diesel Generator Package,PS6 - Milestone C
PL-000931,Originated,C,M,"Paint Damage found on many items. Including Enclosure, Mist Cabin, Hydraulic cabin and all lose items.",PS6-05-01 - Emergency Diesel Generator Package,PS6 - Milestone C
PL-000932,Originated,B,M,All Damage part #2,PS6-05-01 - Emergency Diesel Generator Package,PS6 - Milestone C
PL-001003,Originated,C,M,Lube Oil Heat Exchanger Fan Motor 1 & Fan Motor 2 Tag # PS6-25-DM-6600A & B. Connection is loose because of missing nuts.,PS6-25-02 - Crude Oil Export Pump A,PS6 - Milestone E
PL-001006,Originated,C,E,No pad locks found on most junction boxes (General finding),PS6-25-03 - Crude Oil Export Pump B,PS6 - Milestone E
PL-001007,Originated,C,E,Few of the earthing bolts are not provided grease,PS6-25-03 - Crude Oil Export Pump B,PS6 - Milestone E
PL-001008,Originated,B,E,Cable gland and shroud part no. MOT100447826001001 not avaialble as per packing list,PS6-25-04 - Crude Oil Export Pump C,PS6 - Milestone E
PL-001009,Originated,B,M,Torquing rod is not available,PS6-25-01 - Export Pipeline Pig Receiver,PS6 - Milestone E
PL-001010,Originated,B,M,Torquing rod is not available,PS6-25-07 - Export Pipeline Pig Launcher,PS6 - Milestone E
PL-001011,Originated,C,E,Panel Tag Number need to be provided for PS5-60-IH-0002/1&2,PS5-60-22 - Power Gen Master UCP,PS5 - Milestone B
PL-001012,Originated,B,E,Panel key's need to be provided for Panel PS5-60-IE-0002A,PS5-60-01 - Power Generation Package A,PS5 - Milestone B
PL-001013,Originated,B,E,Panel key's need to be provided for Panel PS5-60-IE-0002B,PS5-60-04 - Power Generation Package B,PS5 - Milestone B
PL-001014,Originated,B,E,Panel key's need to be provided for Panel PS5-60-IE-0002C,PS5-60-07 - Power Generation Package C,PS5 - Milestone D
PL-001015,Originated,B,E,Panel key's need to be provided for Panel PS5-60-IE-0002D,PS5-60-10 - Power Generation Package D,PS5 - Milestone D
PL-001016,Originated,B,E,Panel key's need to be provided for Panel PS5-60-IE-0002E,PS5-60-13 - Power Generation Package E,PS5 - Milestone D
PL-001017,Originated,B,E,Panel key's need to be provided for Panel PS5-60-IE-0002F,PS5-60-16 - Power Generation Package F,PS5 - Milestone D
PL-001018,Originated,B,E,Panel key's need to be provided for Panel PS5-60-IE-0002G,PS5-60-19 - Power Generation Package G,PS5 - Milestone E
PL-001019,Originated,B,E,Panel key need to be provided for PS5-60-IE-0004,PS5-60-22 - Power Gen Master UCP,PS5 - Milestone B
PL-001050,Originated,B,E,Damaged bottom plinth needs to be fixed properly for PS5-60-IH-0001B/3&4,PS5-60-06 - Power Gen Package B Generator Auxiliary MCCs & DBs,PS5 - Milestone B
PL-001051,Originated,B,E,Panel C4 compartment door not open need to be rectified for PS5-60-IH-0001B/3&4,PS5-60-06 - Power Gen Package B Generator Auxiliary MCCs & DBs,PS5 - Milestone B
PL-001052,Originated,A,E,Workstation desktop package inside mouse missing and need to be provided (4CE251CSBC),PS5-60-22 - Power Gen Master UCP,PS5 - Milestone B
PL-001055,Closed,A,M,Mising Nut & Bolts,PS6-28-03 - Closed Drain Drum & Pump,PS6 - Milestone E
PL-001077,Originated,C,M,Dowel Pin part no. MOT100447826001002 not available as per packing list.,PS6-25-02 - Crude Oil Export Pump A,PS6 - Milestone E
PL-001078,Closed,A,M,TP22 Lube Oil System Accumulator not available as per P&ID.,PS6-25-02 - Crude Oil Export Pump A,PS6 - Milestone E
PL-001079,Closed,A,M,TP23 Lube Oil System Accumulator N2 connection not available as per P&ID.,PS6-25-02 - Crude Oil Export Pump A,PS6 - Milestone E
PL-001080,Closed,A,M,TP14 Lube Oil return from Accumulator at pump skid not available as per P&ID.,PS6-25-02 - Crude Oil Export Pump A,PS6 - Milestone E
PL-001081,Originated,C,M,Loose nuts and bolts are found on Lube Oil system floor.,PS6-25-02 - Crude Oil Export Pump A,PS6 - Milestone E
PL-001082,Originated,C,M,Lube oil side Stair nut bolt Missing,PS6-25-02 - Crude Oil Export Pump A,PS6 - Milestone E
PL-001083,Originated,C,M,Few of the earthing bolts are not provided grease,PS6-25-02 - Crude Oil Export Pump A,PS6 - Milestone E
PL-001084,Originated,A,E,Push button and the SS protective cover broken,PS6-25-02 - Crude Oil Export Pump A,PS6 - Milestone E
PL-001085,Originated,C,E,Tag plate is loose.,PS6-25-02 - Crude Oil Export Pump A,PS6 - Milestone E
PL-001086,Originated,C,E,Space Heater Junction Box (PS6-25-BE-0003C) No shroud found on the gland,PS6-25-02 - Crude Oil Export Pump A,PS6 - Milestone E
PL-001087,Originated,C,E,No pad locks found on most junction boxes (General finding),PS6-25-02 - Crude Oil Export Pump A,PS6 - Milestone E
PL-001088,Originated,C,E,Single bolt missing on the front lid of the junction box.,PS6-25-02 - Crude Oil Export Pump A,PS6 - Milestone E
PL-001089,Originated,C,E,Junction box front lid key missing.,PS6-25-02 - Crude Oil Export Pump A,PS6 - Milestone E
PL-001090,Originated,B,E,Temperature element is seen dismantled.,PS6-25-02 - Crude Oil Export Pump A,PS6 - Milestone E
PL-001091,Originated,A,E,Push Button is Broken ( PS6-25-HS-8102A),PS6-25-02 - Crude Oil Export Pump A,PS6 - Milestone E
PL-001092,Originated,C,E,Main Control Panal ( PS6-25-BE-0001A) base plate Bolts is missing,PS6-25-02 - Crude Oil Export Pump A,PS6 - Milestone E
PL-001093,Originated,C,E,Space Heater ( PS6-25-BE-0004A) Gland and Shroud missing,PS6-25-02 - Crude Oil Export Pump A,PS6 - Milestone E
PL-001094,Originated,A,E,Thermowell to transmitor coupler broken Temperature element ( RTD ) Bend and damaged,PS6-25-03 - Crude Oil Export Pump B,PS6 - Milestone E
PL-001095,Originated,B,E,Temperature Element ( PS6-25-TIT-3102B) is seen dismantled.,PS6-25-03 - Crude Oil Export Pump B,PS6 - Milestone E
PL-001096,Originated,C,M,Guard Nuts are mssing on the Lube Oil Heat Exchanger Fan Motor 1 & Fan Motor 2 Tag # PS6-25-DM-6600A & B. Connection is loose because of missing nuts.,PS6-25-04 - Crude Oil Export Pump C,PS6 - Milestone E
PL-001097,Originated,C,M,Dowel Pin part no. MOT100447826001002 not available as per packing list.,PS6-25-04 - Crude Oil Export Pump C,PS6 - Milestone E
PL-001098,Originated,A,E,TP22 Lube Oil System Accumulator not available as per P&ID.,PS6-25-04 - Crude Oil Export Pump C,PS6 - Milestone E
PL-001099,Closed,A,E,TP14 Lube Oil return from Accumulator at pump skid not available as per P&ID.,PS6-25-04 - Crude Oil Export Pump C,PS6 - Milestone E
PL-001100,Originated,A,E,TP23 Lube Oil System Accumulator N2 connection not available as per P&ID.,PS6-25-04 - Crude Oil Export Pump C,PS6 - Milestone E
PL-001101,Originated,C,M,Loose nuts and bolts are found on Lube Oil system floor.,PS6-25-04 - Crude Oil Export Pump C,PS6 - Milestone E
PL-001102,Closed,A,M,"24"" Gasket SCH#150 is missing",PS6-28-03 - Closed Drain Drum & Pump,PS6 - Milestone E
PL-001103,Originated,C,M,Missing commissioning spare part,PS6-25-01 - Export Pipeline Pig Receiver,PS6 - Milestone E
PL-001104,Originated,C,M,Missing commissioning spare part,PS6-25-07 - Export Pipeline Pig Launcher,PS6 - Milestone E
PL-001142,Closed,A,M,Earthing lug is found damaged,PS6-28-05 - Seal Oil Drain Drum & Pump A,PS6 - Milestone E
PL-001143,Closed,C,M,Skirting found damaged on corners.,PS6-28-05 - Seal Oil Drain Drum & Pump A,PS6 - Milestone E
PL-001144,Closed,C,M,Painting damage to be rectify,PS6-28-05 - Seal Oil Drain Drum & Pump A,PS6 - Milestone E
PL-001145,Originated,C,M,Insulation as per GA to be confirmed.vessel received with out class E insulation 50 mm,PS6-28-05 - Seal Oil Drain Drum & Pump A,PS6 - Milestone E
PL-001146,Originated,B,M,"Commissioning spares, Liners not received at site. And Level Transmitter radar type with Dip pipe not received at site.",PS6-28-05 - Seal Oil Drain Drum & Pump A,PS6 - Milestone E
PL-001147,Closed,A,M,Seal Oil Drain Drum received at site without pump,PS6-28-05 - Seal Oil Drain Drum & Pump A,PS6 - Milestone E
PL-001148,Closed,C,M,0.4 BAR purging gas observed,PS6-28-06 - Seal Oil Drain Drum & Pump B,PS6 - Milestone E
PL-001149,Closed,C,M,Skirting found damaged on corners.,PS6-28-06 - Seal Oil Drain Drum & Pump B,PS6 - Milestone E
PL-001150,Closed,C,M,Painting damage to be rectify,PS6-28-06 - Seal Oil Drain Drum & Pump B,PS6 - Milestone E
PL-001151,Originated,C,M,Insulation as per GA to be confirmed.vessel received with out class E insulation 50 mm,PS6-28-06 - Seal Oil Drain Drum & Pump B,PS6 - Milestone E
PL-001152,Originated,B,M,"Commissioning spares, Liners not received at site. And Level Transmitter radar type with Dip pipe not received at site.",PS6-28-06 - Seal Oil Drain Drum & Pump B,PS6 - Milestone E
PL-001153,Closed,A,M,Seal Oil Drain Drum received at site without pump.,PS6-28-06 - Seal Oil Drain Drum & Pump B,PS6 - Milestone E
PL-001154,Closed,C,M,Skirting found damaged on corners.,PS6-28-07 - Seal Oil Drain Drum & Pump C,PS6 - Milestone E
PL-001155,Closed,C,M,Painting damage to be rectify,PS6-28-07 - Seal Oil Drain Drum & Pump C,PS6 - Milestone E
PL-001156,Originated,C,M,Insulation as per GA to be confirmed.vessel received with out class E insulation 50 mm,PS6-28-07 - Seal Oil Drain Drum & Pump C,PS6 - Milestone E
PL-001157,Originated,B,M,"Commissioning spares, Liners not received at site. And Level Transmitter radar type with Dip pipe not received at site.",PS6-28-07 - Seal Oil Drain Drum & Pump C,PS6 - Milestone E
PL-001158,Closed,A,M,Seal Oil Drain Drum received at site without pump.,PS6-28-07 - Seal Oil Drain Drum & Pump C,PS6 - Milestone E
PL-001159,Closed,A,M,Non-return valve in inlet not provided,PS6-82-03 - Sanitary sewage collection,PS6 - Milestone G
PL-001160,Completed,A,M,Release valve in outlet not suppleid,PS6-82-03 - Sanitary sewage collection,PS6 - Milestone G
PL-001161,Originated,B,M,Commissioning spare part still not received at site,PS6-82-03 - Sanitary sewage collection,PS6 - Milestone G
PL-001162,Completed,A,M,"Bolts and nut supplied (M20) and installed on manhole (M30) are block coated, base on date sheet shall be HDG",PS6-82-03 - Sanitary sewage collection,PS6 - Milestone G
PL-001184,Originated,A,M,The contractor used a lubricant of the same viscosity but from a different brand than the one specified by the vendor,PS6-53-02 - Water Distribution Pump,PS6 - Milestone D
PL-001228,Originated,C,M,4:FOUR JACKING BOLTS ARE FOUND MISSING FROM THE SEAL OIL DRAIN DRUM,PS5-28-13 - Seal Oil Drain Drum & Pump A,PS5 - Milestone H
PL-001229,Originated,C,M,4:FOUR JACKING BOLTS ARE FOUND MISSING FROM THE SEAL OIL DRAIN DRUM,PS5-28-14 - Seal Oil Drain Drum & Pump B,PS5 - Milestone H
PL-001230,Originated,C,M,4:FOUR JACKING BOLTS ARE FOUND MISSING FROM THE SEAL OIL DRAIN DRUM,PS5-28-15 - Seal Oil Drain Drum & Pump C,PS5 - Milestone H
PL-001231,Originated,B,M,"4:IN THE PACKING LIST, THE M32 CABLE GLAND AND SHROUD SHOULD BE 3, BUT WE RECEIVED ONLY 2",PS5-25-02 - Crude Oil Export Pump A,PS5 - Milestone H
PL-001232,Completed,C,M,4.1:THE PLUGS FOR GATE VALVE 130 AND 134 ARE MISSING,PS5-25-02 - Crude Oil Export Pump A,PS5 - Milestone H
PL-001233,Originated,B,M,4.2:PSV 104 CALIBRATION SEAL WIRE IS BROKEN,PS5-25-02 - Crude Oil Export Pump A,PS5 - Milestone H
PL-001234,Closed,C,M,4.3:MOTOR TERMINAL BOX SUPPORT IS MISSING,PS5-25-02 - Crude Oil Export Pump A,PS5 - Milestone H
PL-001235,Completed,A,M,4.4:FLANGE CONNECTION TO FO 103 – NUT BOLT MISSING,PS5-25-02 - Crude Oil Export Pump A,PS5 - Milestone H
PL-001236,Originated,C,E,4.5:PS5-25-TE-8103A TRAFFOLYTE TAG IS DAMAGED,PS5-25-02 - Crude Oil Export Pump A,PS5 - Milestone H
PL-001237,Originated,C,M,4.6:SOME OF THE BOLTS IN THE PUMP BEARING HOUSING ARE RUSTED,PS5-25-02 - Crude Oil Export Pump A,PS5 - Milestone H
PL-001238,Originated,C,E,4.7:JB KEYS NOT FOUND,PS5-25-02 - Crude Oil Export Pump A,PS5 - Milestone H
PL-001239,Originated,B,E,"4.8:TIT 3012 SENSOR NOT PROPERLY SECURE, THE SENSOR IS EXPOSED , NEED TO BE INSTALLED",PS5-25-02 - Crude Oil Export Pump A,PS5 - Milestone H
PL-001240,Originated,A,E,4.9:EARTHING POINTS MISSING GROUNDING CONNECTIONS,PS5-25-02 - Crude Oil Export Pump A,PS5 - Milestone H
PL-001241,Originated,C,E,4.10:CABLE TAG FOR ORANGE CABLE MISSING(PS5-79-IP-0001),PS5-25-02 - Crude Oil Export Pump A,PS5 - Milestone H
PL-001242,Originated,B,M,4.11:CANOPY & CANOPY SUPPORT MISSING(PS5-25-LIT-8102A),PS5-25-02 - Crude Oil Export Pump A,PS5 - Milestone H
PL-001243,Originated,B,M,4.12:CANOPY MISSING(PS5-25-PIT-8102A),PS5-25-02 - Crude Oil Export Pump A,PS5 - Milestone H
PL-001244,Originated,C,E,4.13:CABLE TAG MISSING FOR ALL IP DEVICES (PS5-79-IP-9902/9003/9004/0003 ),PS5-25-02 - Crude Oil Export Pump A,PS5 - Milestone H
PL-001245,Completed,C,M,4.14:CANOPY NOT PROVIDED FOR JB AS ELECTRONIC COMPONENTS ARE PRESENT INSIDE THE JB(PS5-25-BI-1801A),PS5-25-02 - Crude Oil Export Pump A,PS5 - Milestone H
PL-001246,Originated,B,M,"4:IN THE PACKING LIST, THE M32 CABLE GLAND AND SHROUD SHOULD BE 3, BUT WE RECEIVED ONLY 2",PS5-25-03 - Crude Oil Export Pump B,PS5 - Milestone H
PL-001247,Completed,A,M,"4.1:THE PIPE FLANGE TO THE LUBE OIL COOLER IS MISSING 4 NUTS, BOLTS, AND A GASKET",PS5-25-03 - Crude Oil Export Pump B,PS5 - Milestone H
PL-001248,Originated,C,M,"4.2:THE MOTOR DM 102 IS NOT SECURED AND IS SHAKING , 2 SCREWS ARE MISSING",PS5-25-03 - Crude Oil Export Pump B,PS5 - Milestone H
PL-001249,Originated,C,M,4.3:SOME OF THE BOLTS IN THE PUMP BEARING HOUSING ARE RUSTED,PS5-25-03 - Crude Oil Export Pump B,PS5 - Milestone H
PL-001250,Completed,C,M,4.4:THE PLUGS FOR GATE VALVE 132 AND 133 ARE MISSING,PS5-25-03 - Crude Oil Export Pump B,PS5 - Milestone H
PL-001251,Originated,C,M,4.5:PSV STUD BOLT IS MISSING,PS5-25-03 - Crude Oil Export Pump B,PS5 - Milestone H
PL-001252,Closed,C,M,4.6:MOTOR TERMINAL BOX SUPPORT IS MISSING,PS5-25-03 - Crude Oil Export Pump B,PS5 - Milestone H
PL-001253,Originated,B,E,"4.7:TIT 3012 SENSOR NOT PROPERLY SECURE, THE SENSOR IS EXPOSED , NEED TO BE INSTALLED",PS5-25-03 - Crude Oil Export Pump B,PS5 - Milestone H
PL-001255,Originated,C,E,4.8:JB KEYS NOT FOUND,PS5-25-03 - Crude Oil Export Pump B,PS5 - Milestone H
PL-001256,Closed,A,M,"4.9:THE TEMP GAUGE, PROVIDED AS A LOOSE ITEM, HAS NO LOCK NUT",PS5-25-03 - Crude Oil Export Pump B,PS5 - Milestone H
PL-001257,Originated,A,E,4.10:EARTHING POINTS MISSING GROUNDING CONNECTIONS,PS5-25-03 - Crude Oil Export Pump B,PS5 - Milestone H
PL-001258,Originated,C,E,4.11:CABLE TAG FOR ORANGE CABLE MISSING (PS5-79-IP-0002),PS5-25-03 - Crude Oil Export Pump B,PS5 - Milestone H
PL-001259,Originated,B,M,4.12:CANOPY & CANOPY SUPPORT MISSING (PS5-25-LIT-8102B),PS5-25-03 - Crude Oil Export Pump B,PS5 - Milestone H
PL-001260,Originated,B,M,4.13:CANOPY MISSING (PS5-25-PIT-8102B),PS5-25-03 - Crude Oil Export Pump B,PS5 - Milestone H
PL-001261,Originated,C,E,4.14:CABLE TAG MISSING FOR ALL IP DEVICES (PS5-79-IP-9902/9003/9004/0003),PS5-25-03 - Crude Oil Export Pump B,PS5 - Milestone H
PL-001262,Completed,C,M,4.15:CANOPY NOT PROVIDED FOR JB AS ELECTRONIC COMPONENTS ARE PRESENT INSIDE THE JB .(PS5-25-BI-1801B),PS5-25-03 - Crude Oil Export Pump B,PS5 - Milestone H
PL-001263,Originated,B,M,"4:IN THE PACKING LIST, THE M32 CABLE GLAND AND SHROUD SHOULD BE 3, BUT WE RECEIVED ONLY 2",PS5-25-04 - Crude Oil Export Pump C,PS5 - Milestone H
PL-001264,Originated,C,M,4.1:PSV STUD BOLT IS MISSING,PS5-25-04 - Crude Oil Export Pump C,PS5 - Milestone H
PL-001265,Originated,B,E,"4.2:TIT 3012 SENSOR IS SLIGHTLY BEND AND NOT PROPERLY SECURED, THE SENSOR IS EXPOSED . NEED TO BE INSTALLED",PS5-25-04 - Crude Oil Export Pump C,PS5 - Milestone H
PL-001266,Originated,C,E,4.3:JB KEYS NOT FOUND,PS5-25-04 - Crude Oil Export Pump C,PS5 - Milestone H
PL-001267,Closed,A,M,"4.4:THE TEMP GAUGE, PROVIDED AS A LOOSE ITEM, HAS NO LOCK NUT",PS5-25-04 - Crude Oil Export Pump C,PS5 - Milestone H
PL-001268,Completed,C,M,4.5:THE PLUGS FOR GATE VALVE 132 IS MISSING,PS5-25-04 - Crude Oil Export Pump C,PS5 - Milestone H
PL-001269,Originated,A,E,4.6:EARTHING POINTS MISSING GROUNDING CONNECTIONS,PS5-25-04 - Crude Oil Export Pump C,PS5 - Milestone H
PL-001270,Originated,C,E,4.7:CABLE TAG FOR ORANGE CABLE MISSING (PS5-79-IP-0003),PS5-25-04 - Crude Oil Export Pump C,PS5 - Milestone H
PL-001271,Originated,B,M,4.8:CANOPY & CANOPY SUPPORT MISSING (PS5-25-LIT-8102C),PS5-25-04 - Crude Oil Export Pump C,PS5 - Milestone H
PL-001272,Originated,B,M,4.9:CANOPY MISSING (PS5-25-PIT-8102C),PS5-25-04 - Crude Oil Export Pump C,PS5 - Milestone H
PL-001273,Originated,C,E,4.10:CABLE TAG MISSING FOR ALL IP DEVICES (PS5-79-IP-9902/9003/9004/0003 ),PS5-25-04 - Crude Oil Export Pump C,PS5 - Milestone H
PL-001274,Completed,C,M,4.11:JB CANOPY MISSING (PS5-25-BI-1274C),PS5-25-04 - Crude Oil Export Pump C,PS5 - Milestone H
PL-001275,Completed,C,M,4.12:CANOPY NOT PROVIDED FOR JB AS ELECTRONIC COMPONENTS ARE PRESENT INSIDE THE JB. (PS5-25-BI-1801C),PS5-25-04 - Crude Oil Export Pump C,PS5 - Milestone H
PL-001276,Closed,C,M,4.13:MOTOR TERMINAL BOX SUPPORT IS MISSING,PS5-25-04 - Crude Oil Export Pump C,PS5 - Milestone H
PL-001303,Closed,A,M,"4:As per the packing list, 3 PGs were listed, but only 2 were received. One PG is missing.",PS5-25-02 - Crude Oil Export Pump A,PS5 - Milestone H
PL-001304,Originated,B,M,"4.1:Received 2 pressure gauges, both of which are leaking from the dial. Replacement or refilling by the vendor is required",PS5-25-02 - Crude Oil Export Pump A,PS5 - Milestone H
PL-001305,Originated,B,M,"4.2: Missing as per packing list ( 60. Rubber metal cushion, 65.Stud, 70.Wear insert, 80. Hexagon nut not found)",PS5-25-02 - Crude Oil Export Pump A,PS5 - Milestone H
PL-001306,Originated,C,M,4.3:Overage material (control gear unit received which is not showing in PL),PS5-25-02 - Crude Oil Export Pump A,PS5 - Milestone H
PL-001312,Originated,C,M,"4:FOUND 6 nos CABLE GLANDS 4 nos RTJ GASKETS WHICH ARE NOT SHOWING IN PACKING LIST , 2 nos SLIDING PLATE (OVERAGE)",PS5-71-01 - CFO Storage Tank Feed Heater,PS5 - Milestone H
PL-001313,Originated,B,M,4.1:4NOS. GASKETS MISSING (AS PER PL 8NOS.),PS5-71-01 - CFO Storage Tank Feed Heater,PS5 - Milestone H
PL-001314,Originated,B,M,4.2:6NOS. BOLTS MISSING (AS PER PL 12NOS.),PS5-71-01 - CFO Storage Tank Feed Heater,PS5 - Milestone H
PL-001315,Originated,B,M,4.3:12 NOS. NUTS MISSING (AS PER PL 24NOS.),PS5-71-01 - CFO Storage Tank Feed Heater,PS5 - Milestone H
PL-001316,Originated,B,M,4.4:12 NOS. WASHERS MISSING (AS PER PL 24NOS.),PS5-71-01 - CFO Storage Tank Feed Heater,PS5 - Milestone H
PL-001317,Originated,C,E,4.5:ELECTRICAL CABLE ENTRIES WERE NOT PLUGGED,PS5-71-01 - CFO Storage Tank Feed Heater,PS5 - Milestone H
PL-001318,Originated,B,M,4.6:4 EACH BOLTS MISSING ON 2 FLANGES,PS5-71-01 - CFO Storage Tank Feed Heater,PS5 - Milestone H
PL-001319,Originated,B,M,4:TOTAL 8 BOLTS MISSING ON 2 FLANGES,PS5-71-01 - CFO Storage Tank Feed Heater,PS5 - Milestone H
PL-001320,Originated,C,M,4:PAINT DAMAGE IN THE MOTOR TERMINAL BOX,PS5-53-02 - Water Distribution Pump A/B,PS5 - Milestone E
PL-001321,Originated,C,M,4:PAINT DAMAGE IN THE MOTOR TERMINAL BOX,PS5-53-02 - Water Distribution Pump A/B,PS5 - Milestone E
PL-001322,Closed,C,M,"4:We received two vertical pumps, but the plugs are not available",PS5-28-06 - Relief Drum and Pump,PS5 - Milestone G
PL-001323,Closed,C,M,"4:We received two vertical pumps, but the plugs are not available.",PS5-28-03 - Closed Drain Drum and Pump 01,PS5 - Milestone G
PL-001324,Originated,B,M,4:PIG SIGNALLER FLANGE SURFACE IS RUSTED,PS5-25-07 - Export Pipeline Pig Launcher,PS5 - Milestone H
PL-001328,Originated,B,M,4:Oil leakage detected from the pump (PS5-71-PA-3500A),PS5-71-21 - Diesel Transfer Pump A/B,PS5 - Milestone B
PL-001329,Originated,B,M,4:Oil leakage detected from the pump (PS5-71-PA-3500B),PS5-71-21 - Diesel Transfer Pump A/B,PS5 - Milestone B
PL-001330,Originated,B,M,4:Oil leakage detected from the pump (PS5-28-PA-3700A),PS5-28-04 - Closed Drain Drum and Pump 02,PS5 - Milestone E
PL-001331,Originated,C,M,4.1:Pump body flanges are rusted (PS5-28-PA-3700A),PS5-28-04 - Closed Drain Drum and Pump 02,PS5 - Milestone E
PL-001332,Originated,B,M,4:Oil leakage detected from the pump (PS5-28-PA-3700B),PS5-28-04 - Closed Drain Drum and Pump 02,PS5 - Milestone E
PL-001333,Originated,C,M,4:(PACKAGE NO :6) 10000 X 2000= 2 pcs OVERAGE,PS5-53-01 - Utility Water / Storage Tank,PS5 - Milestone C
PL-001334,Originated,C,M,"4.1:(PACKAGE NO :10), 120X120X8 = 2000MM LENGTH 1 pcs OVERAGE",PS5-53-01 - Utility Water / Storage Tank,PS5 - Milestone C
PL-001335,Originated,C,M,4.2:(PACKAGE: 6 & 7 ) 2 PLATE DAMAGE,PS5-53-01 - Utility Water / Storage Tank,PS5 - Milestone C
PL-001336,Originated,C,M,4.3:(PACKAGE:14 ) 2 ROOF PLATE DAMAGE,PS5-53-01 - Utility Water / Storage Tank,PS5 - Milestone C
PL-001337,Originated,C,M,4.4:(PACKAGE:15 ) 1 ROOF PLATE DAMAGE,PS5-53-01 - Utility Water / Storage Tank,PS5 - Milestone C
PL-001338,Closed,B,M,4.5:(PACKAGE:10) CURB ANGLE FOUND BEND,PS5-53-01 - Utility Water / Storage Tank,PS5 - Milestone C
PL-001339,Closed,A,M,"4.6:THE MG TANK ANODE SHOULD BE SUPPLIED WITH U BOLT, MOUNTING BRACKET, DOUBLE NUT, FLAT WASHER, AND LOCK WASHER; HOWEVER, WE ONLY RECEIVED THE ANODES.(CP SYSTEM MATERIAL , SRN-517)",PS5-53-01 - Utility Water / Storage Tank,PS5 - Milestone C
PL-001397,Closed,C,M,4:ROPE DRUM (GROOVE OF THE STEEL ROPE) OF THE HOIST IS RUSTED,PS5-78-01 - Lifting and handling equipment,PS5 - Milestone E
PL-001398,Closed,C,M,4.1:HOOK IS RUSTED,PS5-78-01 - Lifting and handling equipment,PS5 - Milestone E
PL-001407,Originated,B,E,4.2:ELECTRICAL PANEL BOARD IS DAMAGED,PS5-78-01 - Lifting and handling equipment,PS5 - Milestone E
PL-001408,Closed,B,M,4.3:2 BOLTS MISSING IN PANNEL AT TROLLEY BUMBER,PS5-78-01 - Lifting and handling equipment,PS5 - Milestone E
PL-001409,Closed,B,E,4.4: GROUNTING / EARTHING POINT NOT PROVIDED FOR THE PANNEL BOXES,PS5-78-01 - Lifting and handling equipment,PS5 - Milestone E
PL-001410,Originated,B,E,4.5:CABLE FERRULES NEED TO BE PROVIDED FOR ALL THE PANNEL BOXES,PS5-78-01 - Lifting and handling equipment,PS5 - Milestone E
PL-001411,Closed,C,M,4.6:TAG NUMBERS OF ALL THE PANEL BOX/JBS NEED TO BE FIXED PROPERLY(WITH REVETS OR SCREWS),PS5-78-01 - Lifting and handling equipment,PS5 - Milestone E
PL-001412,Closed,A,M,4.7: PENDANT TRACK IS BEND,PS5-78-01 - Lifting and handling equipment,PS5 - Milestone E
PL-001413,Closed,B,M,4.8:PAINT DAMAGE / PARENT METAL DAMAGE FOUND ON GIRDER.,PS5-78-01 - Lifting and handling equipment,PS5 - Milestone E
PL-001414,Closed,B,M,"4.9:PLATFORM DAMAGED (PAINT AND METAL DAMAGES, SEVERE BENDS ON THE PLATFORM)",PS5-78-01 - Lifting and handling equipment,PS5 - Milestone E
PL-001415,Closed,B,M,4.10:THE HANDRAIL HAS PAINT DAMAGE AND IS SEVERELY BENT DUE TO MISHANDLING,PS5-78-01 - Lifting and handling equipment,PS5 - Milestone E
PL-001416,Originated,B,M,4.11:DOOR LOCK HANDLE IS MISSING,PS5-78-01 - Lifting and handling equipment,PS5 - Milestone E
PL-001417,Closed,C,M,4.12:HAND RAIL PAINT DAMAGE,PS5-78-01 - Lifting and handling equipment,PS5 - Milestone E
PL-001418,Closed,C,M,4.13:HANDRAIL BOLT NUT MISSING (6 NOS),PS5-78-01 - Lifting and handling equipment,PS5 - Milestone E
PL-001419,Closed,C,M,4.14:CABLE TROLLEYS UNIT IS RUSTED,PS5-78-01 - Lifting and handling equipment,PS5 - Milestone E
PL-001420,Closed,A,M,4.15:DOOR FIXING SCREWS ARE MISSING,PS5-78-01 - Lifting and handling equipment,PS5 - Milestone E
PL-001421,Closed,A,M,4.16:C HANGERS NOT RECEIVED,PS5-78-01 - Lifting and handling equipment,PS5 - Milestone E
PL-001422,Closed,C,M,4.17:THE TRACK ON TOP OF THE OVER HEAD CRANE GIRDER IS RUSTED,PS5-78-01 - Lifting and handling equipment,PS5 - Milestone E
PL-001425,Closed,C,M,4:ROPE DRUM (GROOVE OF THE STEEL ROPE) OF THE HOIST IS RUSTED,PS5-78-01 - Lifting and handling equipment,PS5 - Milestone E
PL-001426,Closed,C,M,4.1:PS5-78-DE-352008 HOISTING UNIT PAINT IS DAMAGED,PS5-78-01 - Lifting and handling equipment,PS5 - Milestone E
PL-001427,Closed,B,E,4.2:GROUNTING / EARTHING PONINT NOT PROVIDED FOR THE PANNEL,PS5-78-01 - Lifting and handling equipment,PS5 - Milestone E
PL-001428,Originated,B,E,4.3:CABLE FERRULES NEED TO BE PROVIDED FOR ALL THE PANNEL BOXES,PS5-78-01 - Lifting and handling equipment,PS5 - Milestone E
PL-001429,Closed,C,E,4.4:TAG NUMBERS OF ALL THE PANEL BOX/JBS NEED TO BE FIXED PROPERLY,PS5-78-01 - Lifting and handling equipment,PS5 - Milestone E
PL-001430,Closed,B,M,4.5:PAINT DAMAGE / PARENT METAL DAMAGE FOUND ON GIRDER,PS5-78-01 - Lifting and handling equipment,PS5 - Milestone E
PL-001431,Closed,C,M,4.6:HAND RAIL AND PLATFORM PAINT IS DAMAGED,PS5-78-01 - Lifting and handling equipment,PS5 - Milestone E
PL-001432,Originated,B,M,4.7:DOOR LOCK MISSING,PS5-78-01 - Lifting and handling equipment,PS5 - Milestone E
PL-001433,Closed,B,M,4.8:HAND RAIL IS SEVERELY BEND,PS5-78-01 - Lifting and handling equipment,PS5 - Milestone E
PL-001435,Closed,A,M,4.9:14 C HANGERS NOT RECEIVED,PS5-78-01 - Lifting and handling equipment,PS5 - Milestone E
PL-001436,Completed,C,M,4.10:CABLE TROLLEY UNIT IS RUSTED,PS5-78-01 - Lifting and handling equipment,PS5 - Milestone E
PL-001438,Completed,C,M,4.11:SWITCH STOP UNIT PAINT IS DAMAGED,PS5-78-01 - Lifting and handling equipment,PS5 - Milestone E
PL-001447,Completed,C,M,4.12:6 HAND RAIL BOLTS MISSING,PS5-78-01 - Lifting and handling equipment,PS5 - Milestone E
PL-001448,Closed,A,M,4.13:DOOR FIXING SCREWS ARE MISSING,PS5-78-01 - Lifting and handling equipment,PS5 - Milestone E
PL-001449,Closed,B,M,4.14:2 BOLTS MISSING IN PANNEL AT TROLLEY BUMBER,PS5-78-01 - Lifting and handling equipment,PS5 - Milestone E
PL-001450,Closed,C,M,4.15:THE TRACK ON TOP OF THE OVER HEAD CRANE GIRDER IS RUSTED,PS5-78-01 - Lifting and handling equipment,PS5 - Milestone E
PL-001451,Closed,C,M,4:ROPE DRUM (GROOVE OF THE STEEL ROPE) OF THE HOIST IS RUSTED.,PS5-78-01 - Lifting and handling equipment,PS5 - Milestone E
PL-001452,Closed,C,M,4.1:HOOK BLOCK AREA IS RUSTED,PS5-78-01 - Lifting and handling equipment,PS5 - Milestone E
PL-001453,Closed,C,M,4.2:HOISTING UNIT 2 LOCK NUTS ARE RUSTED,PS5-78-01 - Lifting and handling equipment,PS5 - Milestone E
PL-001454,Closed,B,E,4.3: GROUNTING / EARTHING POINT IS NOT PROVIDED FOR THE PANNEL,PS5-78-01 - Lifting and handling equipment,PS5 - Milestone E
PL-001455,Originated,B,E,4.4:CABLE FERRULES NEED TO BE PROVIDED FOR ALL PANNEL BOXES,PS5-78-01 - Lifting and handling equipment,PS5 - Milestone E
PL-001456,Closed,C,E,4.5:TAG NUMBERS OF ALL THE PANEL BOX/JB NEED TO BE FIXED,PS5-78-01 - Lifting and handling equipment,PS5 - Milestone E
PL-001457,Closed,C,M,4.6:WARNING STICKER IS DAMAGE,PS5-78-01 - Lifting and handling equipment,PS5 - Milestone E
PL-001458,Closed,B,M,4.7:2 BOLTS MISSING IN THE PANNEL AT TROLLEY BUMBER,PS5-78-01 - Lifting and handling equipment,PS5 - Milestone E
PL-001459,Closed,A,M,4.8:TOOL MISSING,PS5-78-01 - Lifting and handling equipment,PS5 - Milestone E
PL-001460,Closed,B,M,4.9:PAINT DAMAGE / PARENT METAL DAMAGE FOUND ON GIRDER,PS5-78-01 - Lifting and handling equipment,PS5 - Milestone E
PL-001461,Closed,A,M,4.10:PENDANT TRACK IS BEND,PS5-78-01 - Lifting and handling equipment,PS5 - Milestone E
PL-001462,Closed,B,M,4.11:3 HAND RAIL SEVERELY BEND DUE TO MISHANDLING.,PS5-78-01 - Lifting and handling equipment,PS5 - Milestone E
PL-001463,Closed,C,M,4.12:HAND RAIL & PLATFORM PAINT IS DAMAGED,PS5-78-01 - Lifting and handling equipment,PS5 - Milestone E
PL-001464,Closed,C,M,4.13:6 HANDRAIL NUT BOLT MISSING,PS5-78-01 - Lifting and handling equipment,PS5 - Milestone E
PL-001465,Closed,A,M,4.14:9 DOOR FIXING SCREWS ARE MISSING,PS5-78-01 - Lifting and handling equipment,PS5 - Milestone E
PL-001466,Closed,A,M,4.15:14 C- HANGERS NOT RECEIVED,PS5-78-01 - Lifting and handling equipment,PS5 - Milestone E
PL-001467,Closed,C,M,4.16:CABLE TROLLEY UNIT IS RUSTED,PS5-78-01 - Lifting and handling equipment,PS5 - Milestone E
PL-001468,Closed,C,M,4.17:THE TRACK ON TOP OF THE OVER HEAD CRANE GIRDERE IS RUSTED,PS5-78-01 - Lifting and handling equipment,PS5 - Milestone E
PL-001469,Originated,B,M,The Hoist fan cover/ support found damage and need to be replaced-Damage during transportation,PS5-78-01 - Lifting and handling equipment,PS5 - Milestone E
PL-001470,Originated,B,M,The brake resistor found damage and need to be replaced-Damage during transportation,PS5-78-01 - Lifting and handling equipment,PS5 - Milestone E
PL-001471,Closed,C,M,4.2:HOISTING UNIT IS NOT PROPERLY PACKED.,PS5-78-01 - Lifting and handling equipment,PS5 - Milestone E
PL-001472,Closed,C,M,4.3:ROPE DRUM (GROOVE OF THE STEEL ROPE) OF THE HOIST IS RUSTED.,PS5-78-01 - Lifting and handling equipment,PS5 - Milestone E
PL-001473,Closed,B,M,4.4:2 BOLTS MISSING IN THE PANNEL OF THE TROLLEY BUMBER,PS5-78-01 - Lifting and handling equipment,PS5 - Milestone E
PL-001474,Closed,B,E,4.5:GROUNTING/ EARTHING POINT NOT PROVIDED FOR THE PANEL,PS5-78-01 - Lifting and handling equipment,PS5 - Milestone E
PL-001475,Originated,B,E,4.6:CABLE FERRULES NEED TO BE PROVIDED FOR ALL THE PANNEL BOXES,PS5-78-01 - Lifting and handling equipment,PS5 - Milestone E
PL-001476,Closed,C,E,4.7:TAG NUMBERS OF ALL THE PANEL BOX/JBs NEED TO BE FIXED PROPERLY.,PS5-78-01 - Lifting and handling equipment,PS5 - Milestone E
PL-001477,Closed,B,M,4.8:PAINT DAMAGE / PARENT METAL DAMAGE FOUND ON THE GIRDER,PS5-78-01 - Lifting and handling equipment,PS5 - Milestone E
PL-001478,Closed,A,M,4.9:PENDANT TRACK IS DAMAGED AND BEND.,PS5-78-01 - Lifting and handling equipment,PS5 - Milestone E
PL-001479,Closed,C,M,4.10:HAND RAIL IS SEVERELY BEND DUE TO MISHANDLING,PS5-78-01 - Lifting and handling equipment,PS5 - Milestone E
PL-001480,Closed,C,M,4.11:HAND RAIL AND PLATFORM PAINT IS DAMAGED,PS5-78-01 - Lifting and handling equipment,PS5 - Milestone E
PL-001481,Originated,B,M,4.12:DOOR LOCK HANDLE MISSING,PS5-78-01 - Lifting and handling equipment,PS5 - Milestone E
PL-001482,Closed,A,M,4.13:ONE OVERAGE BOX OF CARBOLINE FIREPROOF COATING IS LEAKING,PS5-78-01 - Lifting and handling equipment,PS5 - Milestone E
PL-001483,Closed,A,M,4.14:9 DOOR FIXING SCREWS ARE MISSING,PS5-78-01 - Lifting and handling equipment,PS5 - Milestone E
PL-001484,Closed,C,M,4.15:6 HANDRAIL NUT BOLT MISSING,PS5-78-01 - Lifting and handling equipment,PS5 - Milestone E
PL-001485,Closed,A,M,4.16:14 C HANGERS NOT RECEIVED,PS5-78-01 - Lifting and handling equipment,PS5 - Milestone E
PL-001486,Closed,C,M,4.17:CABLE TROLLEYS UNIT IS RUSTED,PS5-78-01 - Lifting and handling equipment,PS5 - Milestone E
PL-001487,Closed,C,M,4.18:THE TRACK ON TOP OF THE OVER HEAD CRANE GIRDER IS RUST,PS5-78-01 - Lifting and handling equipment,PS5 - Milestone E
PL-001488,Originated,A,M,"CAT LUBE OIL 15W40, USED FOR PRESERVATION, MUST BE DRAINED AND FLUSHED BEFORE COMMISSIONING.",PS5-60-24 - Cooling Water Tank & Pump,PS5 - Milestone E
PL-001490,Closed,A,M,DUE TO THE MISALIGNMENT OF PENETRATIONS BETWEEN EDG & HYDRAULIC CABIN FIRE FIGHTING SYSTEM TUBING CANNOT BE CONNECTED,PS5-05-01 - Emergency Diesel Generator Package,PS5 - Milestone C
PL-001491,Closed,A,M,DUE TO THE MISALIGNMENT OF PENETRATIONS BETWEEN EDG & MIST CABIN FIRE FIGHTING SYSTEM TUBING CANNOT BE CONNECTED,PS5-05-01 - Emergency Diesel Generator Package,PS5 - Milestone C
PL-001533,Closed,A,M,"As per data sheet, Heater low stress gasket c/w SS IR & OR & SA 193 B7 stud c/w GR 2H nuts must be hot dip galvanized.",PS6-28-03 - Closed Drain Drum & Pump,PS6 - Milestone E
PL-001536,Originated,C,M,Corrosion fCorrosion found on many areas including blind flange face / Nuts. Painting Damage found as well.ound on many areas including blind flange face / Nuts. Painting Damage found as well.,PS6-28-03 - Closed Drain Drum & Pump,PS6 - Milestone E
PL-001547,Originated,A,M,"CAT LUBE OIL 15W40, USED FOR PRESERVATION, MUST BE DRAINED AND FLUSHED BEFORE COMMISSIONING.",PS5-71-21 - Diesel Transfer Pump A/B,PS5 - Milestone B
PL-001548,Originated,A,M,"CAT LUBE OIL 15W40, USED FOR PRESERVATION, MUST BE DRAINED AND FLUSHED BEFORE COMMISSIONING.",PS5-71-21 - Diesel Transfer Pump A/B,PS5 - Milestone B
PL-001566,Originated,A,M,"USE CAT 15W40 LUBE OIL FOR PRESERVATION, FLUSH AND USE THE PROPER LUBE OIL.",PS5-53-02 - Water Distribution Pump A/B,PS5 - Milestone E
PL-001610,Closed,A,M,4:NOZZLE/BRANCH ZAGGED DUE TO IMPROPER FABRICATION REQUIRED TO BE RECTIFIED,PS5-60-73 - Engine D Cooling system,PS5 - Milestone D
PL-001614,Originated,C,M,4:SOME FINS FOUND DAMAGE,PS5-60-73 - Engine D Cooling system,PS5 - Milestone D
PL-001615,Originated,C,M,4.1:FOUND LOT OF PAPER AND LEAVES AND OTHER PARTICLES ON TOP OF COOLER BUNDLES,PS5-60-73 - Engine D Cooling system,PS5 - Milestone D
PL-001616,Closed,A,M,4.2:FOUND RUST ON FAN SUPPORTS DUE TO IMPROPER PAINTING,PS5-60-73 - Engine D Cooling system,PS5 - Milestone D
PL-001617,Originated,C,M,4:END COVER OF THE HEADDER(CLADDING) DAMAGE (MAY BE DURING TRANSPORTATION),PS5-60-71 - Engine B Cooling system,PS5 - Milestone B
PL-001618,Closed,A,M,4.1:NOZZLE/BRANCH ZAGGED DUE TO IMPROPER FABRICATION REQUIRED TO BE RECTIFIED,PS5-60-71 - Engine B Cooling system,PS5 - Milestone B
PL-001619,Originated,C,M,4.2:SOME FINS FOUND DAMAGE,PS5-60-71 - Engine B Cooling system,PS5 - Milestone B
PL-001620,Originated,C,M,4.3:FOUND LOT OF PAPER AND LEAVES AND OTHER PARTICLES ON TOP OF COOLER BUNDLES,PS5-60-71 - Engine B Cooling system,PS5 - Milestone B
PL-001622,Closed,A,M,4.5:FOUND RUST ON FAN SUPPORTS DUE TO IMPROPER PAINTING,PS5-60-71 - Engine B Cooling system,PS5 - Milestone B
PL-001623,Originated,C,M,4:SOME FINS FOUND DAMAGE,PS5-60-71 - Engine B Cooling system,PS5 - Milestone B
PL-001624,Closed,A,M,4:NOZZLE/BRANCH ZAGGED DUE TO IMPROPER FABRICATION REQUIRED TO BE RECTIFIED,PS5-60-74 - Engine E Cooling system,PS5 - Milestone D
PL-001625,Originated,C,M,4:SOME FINS FOUND DAMAGE,PS5-60-70 - Engine A Cooling system,PS5 - Milestone B
PL-001626,Originated,C,M,4.1:FOUND LOT OF PAPER AND LEAVES AND OTHER PARTICLES ON TOP OF COOLER BUNDLES,PS5-60-70 - Engine A Cooling system,PS5 - Milestone B
PL-001627,Closed,A,M,4.2:FOUND RUST ON FAN SUPPORTS DUE TO IMPROPER PAINTING,PS5-60-70 - Engine A Cooling system,PS5 - Milestone B
PL-001628,Originated,C,M,4:VALVE HANDLE COATING/COVER MISSING,PS5-60-70 - Engine A Cooling system,PS5 - Milestone B
PL-001629,Originated,C,M,4.1:SOME FINS FOUND DAMAGE,PS5-60-70 - Engine A Cooling system,PS5 - Milestone B
PL-001630,Originated,C,M,4.2:FOUND LOT OF PAPER AND LEAVES AND OTHER PARTICLES ON TOP OF COOLER BUNDLES,PS5-60-70 - Engine A Cooling system,PS5 - Milestone B
PL-001631,Closed,A,M,4.3:FOUND RUST ON FAN SUPPORTS DUE TO IMPROPER PAINTING,PS5-60-70 - Engine A Cooling system,PS5 - Milestone B
PL-001632,Originated,C,M,4.1:SOME FINS FOUND DAMAGE,PS5-60-73 - Engine D Cooling system,PS5 - Milestone D
PL-001633,Originated,C,M,4.2:FOUND LOT OF PAPER AND LEAVES AND OTHER PARTICLES ON TOP OF COOLER BUNDLES,PS5-60-73 - Engine D Cooling system,PS5 - Milestone D
PL-001634,Closed,A,M,4.3:FOUND RUST ON FAN SUPPORTS DUE TO IMPROPER PAINTING,PS5-60-73 - Engine D Cooling system,PS5 - Milestone D
PL-001641,Originated,C,M,4.2:FOUND LOT OF PAPER AND LEAVES AND OTHER PARTICLES ON TOP OF COOLER BUNDLES,PS5-60-71 - Engine B Cooling system,PS5 - Milestone B
PL-001642,Closed,A,M,4.3:FOUND RUST ON FAN SUPPORTS DUE TO IMPROPER PAINTING,PS5-60-71 - Engine B Cooling system,PS5 - Milestone B
PL-001643,Originated,C,M,4.1:SOME FINS FOUND DAMAGE,PS5-60-74 - Engine E Cooling system,PS5 - Milestone D
PL-001645,Originated,C,M,4.3:FOUND LOT OF PAPER AND LEAVES AND OTHER PARTICLES ON TOP OF COOLER BUNDLES,PS5-60-74 - Engine E Cooling system,PS5 - Milestone D
PL-001646,Closed,A,M,4.4:FOUND RUST ON FAN SUPPORTS DUE TO IMPROPER PAINTING,PS5-60-74 - Engine E Cooling system,PS5 - Milestone D
PL-001647,Closed,A,M,4:HEADDER AND BRANCH GOT SEVERE DAMAGE (May be during transportation) AND NEED TO BE RECTIFIED,PS5-60-74 - Engine E Cooling system,PS5 - Milestone D
PL-001648,Originated,C,M,4.1:SOME FINS FOUND DAMAGE,PS5-60-74 - Engine E Cooling system,PS5 - Milestone D
PL-001650,Originated,C,M,4.2:FOUND LOT OF PAPER AND LEAVES AND OTHER PARTICLES ON TOP OF COOLER BUNDLES,PS5-60-74 - Engine E Cooling system,PS5 - Milestone D
PL-001651,Closed,A,M,4.3:FOUND RUST ON FAN SUPPORTS DUE TO IMPROPER PAINTING,PS5-60-74 - Engine E Cooling system,PS5 - Milestone D
PL-001652,Closed,A,M,4:NOZZLE/BRANCH ZAGGED DUE TO IMPROPER FABRICATION REQUIRED TO BE RECTIFIED,PS5-60-75 - Engine F Cooling system,PS5 - Milestone D
PL-001653,Originated,C,M,4.1:SOME FINS FOUND DAMAGE,PS5-60-75 - Engine F Cooling system,PS5 - Milestone D
PL-001655,Originated,C,M,4.3:FOUND LOT OF PAPER AND LEAVES AND OTHER PARTICLES ON TOP OF COOLER BUNDLES,PS5-60-75 - Engine F Cooling system,PS5 - Milestone D
PL-001656,Closed,A,M,4.4:FOUND RUST ON FAN SUPPORTS DUE TO IMPROPER PAINTING,PS5-60-75 - Engine F Cooling system,PS5 - Milestone D
PL-001657,Closed,A,M,4.5:FOUND RUST ON FAN SUPPORTS DUE TO IMPROPER PAINTING,PS5-60-75 - Engine F Cooling system,PS5 - Milestone D
PL-001658,Originated,C,M,4:SOME FINS FOUND DAMAGE,PS5-60-75 - Engine F Cooling system,PS5 - Milestone D
PL-001659,Originated,C,M,4.1:FOUND LOT OF PAPER AND LEAVES AND OTHER PARTICLES ON TOP OF COOLER BUNDLES,PS5-60-75 - Engine F Cooling system,PS5 - Milestone D
PL-001660,Closed,A,M,4.2:FOUND RUST ON FAN SUPPORTS DUE TO IMPROPER PAINTING,PS5-60-75 - Engine F Cooling system,PS5 - Milestone D
PL-001661,Originated,C,M,4:SOME FINS FOUND DAMAGE,PS5-60-76 - Engine G Cooling system,PS5 - Milestone E
PL-001662,Originated,C,M,4.1:FOUND LOT OF PAPER AND LEAVES AND OTHER PARTICLES ON TOP OF COOLER BUNDLES,PS5-60-76 - Engine G Cooling system,PS5 - Milestone E
PL-001663,Closed,A,M,4.2:FOUND RUST ON FAN SUPPORTS DUE TO IMPROPER PAINTING,PS5-60-76 - Engine G Cooling system,PS5 - Milestone E
PL-001664,Originated,C,M,4:SOME FINS FOUND DAMAGE,PS5-60-76 - Engine G Cooling system,PS5 - Milestone E
PL-001665,Originated,C,M,4.1:FOUND LOT OF PAPER AND LEAVES AND OTHER PARTICLES ON TOP OF COOLER BUNDLES,PS5-60-76 - Engine G Cooling system,PS5 - Milestone E
PL-001666,Closed,A,M,4.2:FOUND RUST ON FAN SUPPORTS DUE TO IMPROPER PAINTING,PS5-60-76 - Engine G Cooling system,PS5 - Milestone E
PL-001668,Originated,B,M,4.1:All carbon steel (CS) bolts on the skid are rusted,PS5-74-01 - N2 Generation Skid,PS5 - Milestone F
PL-001669,Originated,B,M,4.2:Equipment PS5-74-VF-1300B one name plate missing,PS5-74-01 - N2 Generation Skid,PS5 - Milestone F
PL-001670,Originated,C,M,4.3:Color change observed on galvanizing of equipment and tubing supports.,PS5-74-01 - N2 Generation Skid,PS5 - Milestone F
PL-001671,Originated,C,M,4.4:Skid base frame was found dirty and not properly cleaned prior to tansportation,PS5-74-01 - N2 Generation Skid,PS5 - Milestone F
PL-001672,Originated,B,M,4.5:The outlet pressure gauge (PS5-74-PG-5103) needle is not functioning properly (Showing positive pressure ),PS5-74-01 - N2 Generation Skid,PS5 - Milestone F
PL-001673,Closed,B,M,"4.6:Pressure gauge needle pointing below zero, may need to replace",PS5-74-01 - N2 Generation Skid,PS5 - Milestone F
PL-001674,Originated,C,M,4.7:All stud bolts installed at the flange connections are over length,PS5-74-01 - N2 Generation Skid,PS5 - Milestone F
PL-001675,Originated,C,M,4.8:Found rust of the SS earthing leg,PS5-74-01 - N2 Generation Skid,PS5 - Milestone F
PL-001676,Originated,C,M,4.9:Welded area was not properly painted at all earthing boss.,PS5-74-01 - N2 Generation Skid,PS5 - Milestone F
PL-001677,Originated,C,M,4.10:piping and branch connections were not properly painted,PS5-74-01 - N2 Generation Skid,PS5 - Milestone F
PL-001678,Originated,A,M,"4.11:Pipe to elbow weld joint found ruptured, Need to replace the elbow",PS5-74-01 - N2 Generation Skid,PS5 - Milestone F
PL-001690,Closed,A,M,Oil leakage found from the transformer body nozzle weld area prior to installation,PS5-25-02 - Crude Oil Export Pump A,PS5 - Milestone H
PL-001691,Originated,C,M,"4:Minor damage found during inspection, suspected to be caused during transportation",PS5-28-11 - Open Drain Interceptor,PS5 - Milestone I
PL-001692,Originated,C,M,4.1:Detials are not clear in the PL/SRN,PS5-28-11 - Open Drain Interceptor,PS5 - Milestone I
PL-001693,Originated,C,M,4.2:Detials are not clear in the PL/SRN,PS5-28-11 - Open Drain Interceptor,PS5 - Milestone I
PL-001694,Originated,B,M,4.3:Minor damage observed inside the drainage interceptor. Also not in the correct position,PS5-28-11 - Open Drain Interceptor,PS5 - Milestone I
PL-001695,Originated,C,M,4:It was observed that the insulation is not properly sealed,PS5-60-58 - Fuel Conditioning Module PS5-60-UZ-8900B,PS5 - Milestone B
PL-001696,Originated,B,M,"4.1:Pressure gauge (PS5-60-PG-8905B)needle pointing below zero, may need to replace",PS5-60-58 - Fuel Conditioning Module PS5-60-UZ-8900B,PS5 - Milestone B
PL-001697,Originated,B,M,"4.2:Pressure gauge (PS5-60-PG-8901B)needle pointing below zero, may need to replace",PS5-60-58 - Fuel Conditioning Module PS5-60-UZ-8900B,PS5 - Milestone B
PL-001698,Originated,B,M,"4.3:Pressure gauge (PS5-60-PG-8903B)needle pointing positive, may need to replace",PS5-60-58 - Fuel Conditioning Module PS5-60-UZ-8900B,PS5 - Milestone B
PL-001699,Originated,C,M,4:It was observed that the insulation is not properly sealed,PS5-60-60 - Fuel Conditioning Module PS5-60-UZ-8900C,PS5 - Milestone D
PL-001700,Originated,C,M,4:It was observed that the insulation is not properly sealed,PS5-60-62 - Fuel Conditioning Module PS5-60-UZ-8900D,PS5 - Milestone D
PL-001701,Originated,B,M,"4.1:Pressure gauge (PS5-60-PG-8906D)needle pointing below zero, may need to replace",PS5-60-62 - Fuel Conditioning Module PS5-60-UZ-8900D,PS5 - Milestone D
PL-001703,Originated,C,M,4.1:It was observed that the insulation is not properly sealed,PS5-60-64 - Fuel Conditioning Module PS5-60-UZ-8900E,PS5 - Milestone D
PL-001704,Originated,C,M,"4:Diesel leak found, but source not yet identified (May be improper cleanning after FAT",PS5-60-66 - Fuel Conditioning Module PS5-60-UZ-8900F,PS5 - Milestone D
PL-001705,Originated,C,M,4.1:It was observed that the insulation is not properly sealed,PS5-60-66 - Fuel Conditioning Module PS5-60-UZ-8900F,PS5 - Milestone D
PL-001706,Originated,B,M,"4.2:Pressure gauge (PS5-60-PG-8902F)needle pointing below zero, may need to replace",PS5-60-66 - Fuel Conditioning Module PS5-60-UZ-8900F,PS5 - Milestone D
PL-001708,Originated,B,M,"4.4:Pressure gauge (PS5-60-PG-8905F)needle pointing below zero, may need to replace",PS5-60-66 - Fuel Conditioning Module PS5-60-UZ-8900F,PS5 - Milestone D
PL-001709,Originated,C,M,4:It was observed that the insulation is not properly sealed,PS5-60-68 - Fuel Conditioning Module PS5-60-UZ-8900G,PS5 - Milestone E
PL-001710,Originated,B,M,"4.1:Pressure gauge (PS5-60-PG-8905G) needle pointing positive, may need to replace",PS5-60-68 - Fuel Conditioning Module PS5-60-UZ-8900G,PS5 - Milestone E
PL-001711,Originated,B,M,"4.2:Pressure gauge (PS5-60-PG-8902G) needle pointing below zero, may need to replace",PS5-60-68 - Fuel Conditioning Module PS5-60-UZ-8900G,PS5 - Milestone E
PL-001712,Originated,B,M,"4.3:Pressure gauge (PS5-60-PG-8903G)needle pointing below zero, may need to replace",PS5-60-68 - Fuel Conditioning Module PS5-60-UZ-8900G,PS5 - Milestone E
PL-001713,Originated,C,M,"4:Received Material with tag no. PS5-61-BE-0006A, As per PL PS5-61-IU-0001F.",PS5-60-16 - Power Generation Package F,PS5 - Milestone D
PL-001714,Originated,C,M,4.1:Transportation packing (Between radiators) were misplaced/ fallen down resulting damage on the edges of the radiators (May be severe),PS5-60-16 - Power Generation Package F,PS5 - Milestone D
PL-001715,Originated,C,M,"4:Received Material with tag no. PS5-61-BE-0007A, As per PL PS5-61-IU-0001G.",PS5-60-19 - Power Generation Package G,PS5 - Milestone E
PL-001716,Originated,C,M,4.1:Transportation packing (Between radiators) were misplaced/ fallen down resulting damage on the edges of the radiators (May be severe),PS5-60-19 - Power Generation Package G,PS5 - Milestone E
PL-001717,Originated,C,M,4.2:Transportation packing (Between radiators) were misplaced/ fallen down resulting damage on the edges of the radiators (May be severe),PS5-60-19 - Power Generation Package G,PS5 - Milestone E
PL-001722,Originated,C,M,4.7:Transportation packing (Between radiators) were misplaced/ fallen down resulting damage on the edges of the radiators (May be severe),PS5-60-19 - Power Generation Package G,PS5 - Milestone E
PL-001724,Originated,C,M,4.1:Found insulation not properly sealed.,PS5-71-08 - CFO Pre-Pressure Modules,PS5 - Milestone H
PL-001725,Originated,B,M,"4.2:Pressure gauge (PS5-71-PG-6401) needle pointing below zero, may need to replace",PS5-71-08 - CFO Pre-Pressure Modules,PS5 - Milestone H
PL-001726,Originated,B,M,"4.3:Pressure gauge (PS5-71-PG-6417)needle pointing below zero, may need to replace",PS5-71-08 - CFO Pre-Pressure Modules,PS5 - Milestone H
PL-001727,Originated,B,M,"4.4:Pressure gauge (PS5-71-PG-6416)needle pointing below zero, may need to replace",PS5-71-08 - CFO Pre-Pressure Modules,PS5 - Milestone H
PL-001728,Originated,B,M,"4.5:Pressure gauge (PS5-71-PG-6414)needle pointing below zero, may need to replace",PS5-71-08 - CFO Pre-Pressure Modules,PS5 - Milestone H
PL-001729,Originated,C,M,"4.6:One loose flame arrester delivered (Overage) without bolts, nuts, and gaskets",PS5-71-08 - CFO Pre-Pressure Modules,PS5 - Milestone H
PL-001730,Originated,B,M,"4:Pressure gauge (PS5-60-PI-8207A, PS5-60-PI-8205A, PS5-60-PI-8206A, PS5-60-PI-8208A)needle pointing positive reading, may need to replace",PS5-60-01 - Power Generation Package A,PS5 - Milestone B
PL-001731,Originated,B,M,"4:Pressure gauge (PS5-60-TI-8308F, PS5-60-TI-8306F, PS5-60-PI-8208F, PS5-60-PI-8206F)needle pointing positive reading, may need to replace",PS5-60-16 - Power Generation Package F,PS5 - Milestone D
PL-001732,Originated,B,M,"4:Pressure gauge (PS5-60-PI-8207E, PS5-60-PI-8208E, PS5-60-PI-8206E, PS5-60-PI-8205E) needle pointing positive reading, may need to replace",PS5-60-13 - Power Generation Package E,PS5 - Milestone D
PL-001733,Originated,B,M,"4:Pressure gauge (PS5-60-PI-8207D, PS5-60-PI-8205D, PS5-60-PI-8208D, PS5-60-PI-8206D)needle pointing positive reading, may need to replace",PS5-60-10 - Power Generation Package D,PS5 - Milestone D
PL-001734,Originated,B,M,"4:Pressure gauge (PS5-60-PI-8207C, PS5-60-TI-8306C, PS5-60-PI-8206C, PS5-60-PI-8208C)needle pointing positive reading, may need to replace",PS5-60-07 - Power Generation Package C,PS5 - Milestone D
PL-001735,Originated,B,M,"4:Pressure gauge (PS5-60-PI-8207B,PS5-60-PI-8205B, PS5-60-PI-8206B, PS5-60-PI-8208B) needle pointing positive reading, may need to replace",PS5-60-04 - Power Generation Package B,PS5 - Milestone B
PL-001736,Originated,A,E,"4:""Temperature gauge found broken (PS5-60-TI-8308C)""",PS5-60-37 - Injector Tip Cooling Module C,PS5 - Milestone D
PL-001737,Originated,B,E,4.1:Tube support found missing during inspection,PS5-60-37 - Injector Tip Cooling Module C,PS5 - Milestone D
PL-001738,Closed,A,M,4.2:Found plate removed due to not proper welding.,PS5-60-37 - Injector Tip Cooling Module C,PS5 - Milestone D
PL-001739,Closed,B,M,4:Found top plate is damaged,PS5-60-40 - Injector Tip Cooling Module F,PS5 - Milestone D
PL-001740,Closed,A,M,4:Found plate removed due to not proper welding.,PS5-60-38 - Injector Tip Cooling Module D,PS5 - Milestone D
PL-001741,Closed,A,M,4.1:Cracks found on end plate welding. One of the end plate dittached and fallen down.,PS5-60-38 - Injector Tip Cooling Module D,PS5 - Milestone D
PL-001742,Closed,B,M,4.2:Found damage on top plate damaged,PS5-60-38 - Injector Tip Cooling Module D,PS5 - Milestone D
PL-001743,Originated,C,M,"4.3:""Detials not available so not checked """,PS5-60-38 - Injector Tip Cooling Module D,PS5 - Milestone D
PL-001744,Originated,B,M,4:Found panel base damage VMS system cabinet 1,PS5-60-01 - Power Generation Package A,PS5 - Milestone B
PL-001746,Closed,A,M,4.1:Found rust on fan supports due to improper painting,PS5-60-72 - Engine C Cooling system,PS5 - Milestone D
PL-001747,Originated,C,M,"4.2:""Rust found on outside angle of Luve remote radiator PS5-60-EA-2300A""",PS5-60-72 - Engine C Cooling system,PS5 - Milestone D
PL-001748,Closed,A,M,4:Found rust on fan supports due to improper painting,PS5-60-72 - Engine C Cooling system,PS5 - Milestone D
PL-001749,Originated,C,M,"4.1:""Rust found on outside angle of Luve remote radiator PS5-60-EA-2300B""",PS5-60-72 - Engine C Cooling system,PS5 - Milestone D
PL-001750,Originated,C,M,"4:Gas Detection Panel PS5-60-SEA-001 arrived as per the packing list, while PS-60-GB-0003 arrived without packing list/SRN and is missing the battery.",PS5-03-14 - FZ-14 - Power Generation Building - Switchgear Room,PS5 - Milestone E
PL-001751,Closed,A,M,4:Tube got severe bend due to the damage of top plate touching (PS5-60-EA-21200G),PS5-60-41 - Injector Tip Cooling Module G,PS5 - Milestone E
PL-001752,Closed,A,M,4.1:Tube got severe bend due to the damage of top plate touching (PS 5-60-EA-21100G),PS5-60-41 - Injector Tip Cooling Module G,PS5 - Milestone E
PL-001753,Closed,A,M,4.2:Stitch / tack welding broken and end plate displaced from it's location PS5-60-EA-21200G,PS5-60-41 - Injector Tip Cooling Module G,PS5 - Milestone E
PL-001754,Originated,B,M,"4.3:As per packing list, quantity of seal O-rings is 900, but received only 895",PS5-60-41 - Injector Tip Cooling Module G,PS5 - Milestone E
PL-001755,Originated,A,M,"4:As per packing list, 7 Senior Flexonics but received only 5 nos.",PS5-60-19 - Power Generation Package G,PS5 - Milestone E
PL-001756,Originated,C,M,"4.1:""No details mentioned in the packing list SO NOT CHECKED (CAT Special tools)""""No details mentioned in the packing list SO NOT CHECKED (CAT Special tools)""",PS5-60-19 - Power Generation Package G,PS5 - Milestone E
PL-001757,Originated,C,M,4.2:Paint damage found on oil breather line pipe during inspection,PS5-60-19 - Power Generation Package G,PS5 - Milestone E
PL-001758,Originated,C,M,4.3:Proper details not available for the materials in Colli no:33,PS5-60-19 - Power Generation Package G,PS5 - Milestone E
PL-001759,Originated,B,M,"4.4:During inspection, a leakage of glycerin was found at the pressure gauge.",PS5-60-19 - Power Generation Package G,PS5 - Milestone E
PL-001760,Originated,B,M,4:Signs of leakage were observed in three different locations,PS5-60-10 - Power Generation Package D,PS5 - Milestone D
PL-001761,Originated,C,M,Painting Damage,PS6-28-09 - Open Drain Interceptor,PS6 - Milestone E
PL-001762,Originated,C,M,Tag number not correct,PS6-28-09 - Open Drain Interceptor,PS6 - Milestone E
PL-001798,Closed,A,M,Visual inspection revealed defects transformer in the piping welding joints.,PS6-25-02 - Crude Oil Export Pump A,PS6 - Milestone E
PL-001799,Closed,A,M,There is damage to the radiator section.,PS6-25-02 - Crude Oil Export Pump A,PS6 - Milestone E
PL-001800,Closed,A,M,Visual inspection revealed defects transformer in the piping welding joints.,PS6-25-03 - Crude Oil Export Pump B,PS6 - Milestone E
PL-001801,Closed,A,M,Visual inspection revealed defects transformer in the piping welding joints.,PS6-25-04 - Crude Oil Export Pump C,PS6 - Milestone E
PL-001877,Originated,A,E,SFU bar neutral to be tighten,PS5-71-01 - CFO Storage Tank Feed Heater,PS5 - Milestone H
PL-001915,Originated,B,M,4:Base plate of the transformer found damage on two foots after opening the wooden packing box. This might have happened due to the improper packing of the equipmentfromfactory,PS5-60-04 - Power Generation Package B,PS5 - Milestone B
PL-001919,Originated,B,M,4:BOLTS AND NUTS FOR LIGHTING SUPPORT ARE MISING,PS5-25-02 - Crude Oil Export Pump A,PS5 - Milestone H
PL-001920,Originated,B,M,4.1:BOLT FOR HAND RAIL BASE PLATE ARE MISSING,PS5-25-02 - Crude Oil Export Pump A,PS5 - Milestone H
PL-001921,Originated,B,M,4.2: MINOR DAMAGE OBSERVED ON HVAC COMPRESSOR FINS,PS5-25-02 - Crude Oil Export Pump A,PS5 - Milestone H
PL-001922,Originated,A,M,4.3:MAJOR DAMAGE (Might happened during transportation) ON THE MAINTENANCE DOOR AND THE CORNER STRUCTURE OF THE CONTAINER. Door could't open due to this. Need to replace these.Also lot of paint damages on the container.,PS5-25-02 - Crude Oil Export Pump A,PS5 - Milestone H
PL-001923,Originated,B,M,4.4: BOLTS DAMAGED IN THE SIDE BOTTOM PORTION OF THE CONTAINER (Transportation damage),PS5-25-02 - Crude Oil Export Pump A,PS5 - Milestone H
PL-001924,Originated,C,M,4.5:E-HOUSE CONTAINER OUT SIDE PAINT DAMAGE,PS5-25-02 - Crude Oil Export Pump A,PS5 - Milestone H
PL-001925,Originated,B,M,4.6:LADDER CONNECTING PLATE BOLTS AND NUTS MISING,PS5-25-02 - Crude Oil Export Pump A,PS5 - Milestone H
PL-001926,Originated,B,M,4.7:DOOR CAN NOT BE OPEN FROM OUTSIDE DUE TO THE IMPROPER FIXING OF THE HANDLE. NEED TO RECTIFY OR REPLACE BY VENDOR,PS5-25-02 - Crude Oil Export Pump A,PS5 - Milestone H
PL-001927,Originated,B,M,4:L CLAMP BOLT (HAND RAIL CONNECTION) MISSING,PS5-25-03 - Crude Oil Export Pump B,PS5 - Milestone H
PL-001944,Originated,B,M,4.1: BOLTS DAMAGED IN THE SIDE BOTTOM PORTION OF THE CONTAINER (Transportation damage),PS5-25-03 - Crude Oil Export Pump B,PS5 - Milestone H
PL-001945,Closed,A,M,4.2:WALLMAX PIPE INLET MISSING,PS5-25-03 - Crude Oil Export Pump B,PS5 - Milestone H
PL-001946,Closed,A,M,4.3:WALLMAX PIPE CABLE ENTRY MISSING,PS5-25-03 - Crude Oil Export Pump B,PS5 - Milestone H
PL-001947,Originated,C,M,4.4:DOOR CAN NOT BE OPEN FROM OUTSIDE DUE TO THE IMPROPER FIXING OF THE HANDLE. NEED TO RECTIFY OR REPLACE BY VENDOR,PS5-25-03 - Crude Oil Export Pump B,PS5 - Milestone H
PL-001948,Originated,B,M,4.5:E-HOUSE CONTAINER OUT SIDE PAINT DAMAGE,PS5-25-03 - Crude Oil Export Pump B,PS5 - Milestone H
PL-001949,Completed,A,M,4.6:LADDER CONNECTING PLATE BOLTS NUTS MISING,PS5-25-03 - Crude Oil Export Pump B,PS5 - Milestone H
PL-001950,Completed,A,M,4:BOLT FOR HAND RAIL BASE PLATE ARE MISSING,PS5-25-04 - Crude Oil Export Pump C,PS5 - Milestone H
PL-001951,Closed,A,M,4.1:TOE GUARD CONNECTING BOLTS ARE MISSING,PS5-25-04 - Crude Oil Export Pump C,PS5 - Milestone H
PL-001952,Closed,A,M,4.2:L CLAMP (HAND RAIL CONNECTION) MISSING,PS5-25-04 - Crude Oil Export Pump C,PS5 - Milestone H
PL-001953,Originated,B,M,4.3:L CLAMP BOLT (HAND RAIL CONNECTION) MISSING,PS5-25-04 - Crude Oil Export Pump C,PS5 - Milestone H
PL-001954,Originated,B,M,4.4: BOLTS DAMAGED IN THE SIDE BOTTOM PORTION OF THE CONTAINER (Transportation damage),PS5-25-04 - Crude Oil Export Pump C,PS5 - Milestone H
PL-001956,Originated,B,M,4.6:E HOUSE CONTAINER DAMAGE AND PAINT DAMAGE,PS5-25-04 - Crude Oil Export Pump C,PS5 - Milestone H
PL-001957,Originated,B,M,4.7:LADDER CONNECTING PLATE BOLTS NUTS MISING,PS5-25-04 - Crude Oil Export Pump C,PS5 - Milestone H
PL-001959,Originated,C,M,4:The accumulator’s support was found on the floor during inspection.,PS5-71-05 - CFO Transfer Pump A/B,PS5 - Milestone H
PL-001960,Originated,C,M,4.1:The tube support was found on the floor during inspection.,PS5-71-05 - CFO Transfer Pump A/B,PS5 - Milestone H
PL-001962,Originated,A,M,4: Signs of leakage were observed in one location.,PS5-71-13 - CFO Service Pump A/B,PS5 - Milestone H
PL-001963,Originated,B,E,"Once opened the box, found the plastic cover containing bolts was not sealed. Only 3(out of 62) bolts were there inside the plastic cover-59nos (M10 X 38 stainless steel) bolts/nuts/ washersaremissing",PS5-60-10 - Power Generation Package D,PS5 - Milestone D
PL-001994,Originated,A,I,THE CONTROL PANEL FOR THE SHUT DOWN VALVE HAS BEEN DAMAGED WHILE SHIPMENT,PS6-25-04 - Crude Oil Export Pump C,PS6 - Milestone E
PL-001995,Originated,A,I,THE CONTROL PANEL FOR THE SHUT DOWN VALVE HAS BEEN DAMAGED WHILE SHIPMENT,PS6-25-03 - Crude Oil Export Pump B,PS6 - Milestone E
PL-002000,Closed,A,M,4:Shutdown electric control panel of Shut Down Valve found damaged while shipment.,PS6-25-04 - Crude Oil Export Pump C,PS6 - Milestone E
PL-002001,Closed,A,M,4:1.:Shutdown electric control panel of Shut Down Valve found damaged while shipment.,PS6-25-03 - Crude Oil Export Pump B,PS6 - Milestone E
PL-002010,Closed,A,M,4.1:2.Mounting Nut and bolts fallen down or disloged from its position.,PS6-25-04 - Crude Oil Export Pump C,PS6 - Milestone E
PL-002011,Closed,A,M,4.2:3.Nitrogen gauge reading was found Zero at accumolator recharge point.,PS6-25-04 - Crude Oil Export Pump C,PS6 - Milestone E
PL-002012,Closed,A,M,4.3.Electric panel door were found open due to absence of the lashing provision.,PS6-25-04 - Crude Oil Export Pump C,PS6 - Milestone E
PL-002015,Closed,A,M,4.1:Mounting Nut and bolts fallen down or disloged from its position.,PS6-25-03 - Crude Oil Export Pump B,PS6 - Milestone E
PL-002016,Closed,A,M,4.2:Nitrogen gauge reading was found Zero at accumolator recharge point.,PS6-25-03 - Crude Oil Export Pump B,PS6 - Milestone E
PL-002017,Closed,A,M,4.3:Electric panel door were found open due to absence of the lashing provision.,PS6-25-03 - Crude Oil Export Pump B,PS6 - Milestone E
PL-002018,Closed,A,M,4.4:Pressure transducer was found detached from the panel.,PS6-25-03 - Crude Oil Export Pump B,PS6 - Milestone E
PL-002019,Closed,A,M,4.5:Instrument tube was found detached from its designated position.,PS6-25-03 - Crude Oil Export Pump B,PS6 - Milestone E
PL-002023,Closed,A,M,4:Nitrogen level Found Zero.,PS6-25-04 - Crude Oil Export Pump C,PS6 - Milestone E
PL-002029,Closed,A,M,4:Jacking bolt clash with electric cable tray to be rectify,PS6-28-04 - Reinjection Pump,PS6 - Milestone E
PL-002031,Originated,A,M,4.1:SPR-28-IES-3900 Emergency push botton connection to be done.,PS6-28-04 - Reinjection Pump,PS6 - Milestone E
PL-002032,Closed,A,M,4.2:Discharge pulsation Damper connections bolts found corrosion and to be confirmed with galvanised bolt.,PS6-28-04 - Reinjection Pump,PS6 - Milestone E
PL-002033,Originated,A,M,4.3:All the Hydrocarbon lines inside package to be confirmed thermally insulated or electrical Heat tracing package received without any heat tracing and insulation.,PS6-28-04 - Reinjection Pump,PS6 - Milestone E
PL-002034,Closed,A,M,4.4:Short bolt on blind flange to be replaced (External PSV connection-F4),PS6-28-04 - Reinjection Pump,PS6 - Milestone E
PL-002035,Closed,A,M,4.5:Short bolt on motor to pump connection to be rectify.,PS6-28-04 - Reinjection Pump,PS6 - Milestone E
PL-002036,Originated,A,M,4.6:PSV connection to be done,PS6-28-04 - Reinjection Pump,PS6 - Milestone E
PL-002037,Originated,A,M,4.7:Spare parts materials and recharging kit for pulsation damper not received with package,PS6-28-04 - Reinjection Pump,PS6 - Milestone E
PL-002038,Closed,A,M,4:Hydraulic oil leakage was observed on the shutdown valve’s electrical panel.,PS6-25-02 - Crude Oil Export Pump A,PS6 - Milestone E
PL-002041,Closed,A,M,4:Cage ladder inside the E-house A to be removed and fixed.,PS6-25-02 - Crude Oil Export Pump A,PS6 - Milestone E
PL-002042,Originated,A,M,4.1:VSD E-House container sealing from the bottom damaged.,PS6-25-02 - Crude Oil Export Pump A,PS6 - Milestone E
PL-002043,Closed,A,M,4.2:Water cooling Unit piping connection to be complete.,PS6-25-02 - Crude Oil Export Pump A,PS6 - Milestone E
PL-002045,Originated,A,M,4.3:Visual inspection revelead the missing of Key's for incoming line 1 (KB0X1) tag#11Z.,PS6-25-02 - Crude Oil Export Pump A,PS6 - Milestone E
PL-002046,Originated,A,M,4.4:Visual inspection revelead the missing of Key's for KB0X2 tag11X.,PS6-25-02 - Crude Oil Export Pump A,PS6 - Milestone E
PL-002047,Closed,A,M,4.5:Loosen bolt found and fallen from VSD EHouse Container side cover,PS6-25-02 - Crude Oil Export Pump A,PS6 - Milestone E
PL-002048,Closed,A,M,4.6:Heat exchanger connection to be completed with piping interface of cooling water unit.,PS6-25-02 - Crude Oil Export Pump A,PS6 - Milestone E
PL-002050,Closed,A,M,"4:Inspection was not carried out, Key's used to open the E-House door was not found",PS6-25-03 - Crude Oil Export Pump B,PS6 - Milestone E
PL-002051,Closed,A,M,"4:Inspection was not carried out, Key's used to open the E-House door was not found",PS6-25-04 - Crude Oil Export Pump C,PS6 - Milestone E
PL-002053,Closed,A,M,"6"" V1 &V2 FLANGE CONNECTION MATERIAL IS MISSING ( GRE PIPE RECEIVED WITHOUT FLANGE OR COUPLER CONNECTION)/(OSD)",PS6-82-03 - Sanitary sewage collection,PS6 - Milestone G
PL-002288,Originated,A,M,4:Shutdown valve electric juncrion box damaged while shipment/(OSD).,PS6-25-04 - Crude Oil Export Pump C,PS6 - Milestone E
PL-002301,Closed,A,M,4.1: Cage ladder inside the E-house B to be removed and fixed.,PS6-25-03 - Crude Oil Export Pump B,PS6 - Milestone E
PL-002302,Closed,A,M,4.2:Water cooling Unit piping connection to be complete.,PS6-25-03 - Crude Oil Export Pump B,PS6 - Milestone E
PL-002303,Closed,A,M,4.3:Heat exchanger connection to be completed with piping interface of cooling water unit,PS6-25-03 - Crude Oil Export Pump B,PS6 - Milestone E
PL-002304,Closed,A,M,"4.4:During inspection, it was discovered that the entrance door of E-House B can not be open from outside due to improper fixing of the handle.Need to rectify or replaced by the vendor.",PS6-25-03 - Crude Oil Export Pump B,PS6 - Milestone E
PL-002305,Closed,A,M,"4.5:Visual inspection revealed that some identification tags, warning signs, and nameplates are faded or partially invisible.",PS6-25-03 - Crude Oil Export Pump B,PS6 - Milestone E
PL-002306,Originated,A,M,"4.6:Master Key (KB0X2) tag#21X, for Key box Earth Switch enable Not Found/ Missing for E house B.",PS6-25-03 - Crude Oil Export Pump B,PS6 - Milestone E
PL-002307,Originated,A,M,4.7:Master Key for door opening for incoming line 1 (KB0X1) tag#21Z for E house B Not found /Missing.,PS6-25-03 - Crude Oil Export Pump B,PS6 - Milestone E
PL-002308,Originated,A,M,4.8: HMI Local remote selection Key is not Found/Missing,PS6-25-03 - Crude Oil Export Pump B,PS6 - Milestone E
PL-002309,Originated,A,M,4.9: Master Key for door opening for incoming line 1 (KB0X1) tag#2Wfor E house B found bending/damaged.,PS6-25-03 - Crude Oil Export Pump B,PS6 - Milestone E
PL-002310,Closed,A,M,4.1:Cage ladder inside the E-house C to be removed and fixed.,PS6-25-04 - Crude Oil Export Pump C,PS6 - Milestone E
PL-002311,Closed,A,M,4.2: Water cooling Unit piping connection to be complete.,PS6-25-04 - Crude Oil Export Pump C,PS6 - Milestone E
PL-002312,Closed,A,M,4.3:Heat exchanger connection to be completed with piping interface of cooling water unit,PS6-25-04 - Crude Oil Export Pump C,PS6 - Milestone E
PL-002313,Closed,A,M,"4.4:During inspection, it was discovered that the entrance door of E-House C can not be open from outside due to improper fixing of the handle",PS6-25-04 - Crude Oil Export Pump C,PS6 - Milestone E
PL-002314,Originated,A,M,"4.5:Master Key (KB0X2) tag#31X, for Key box Earth Switch enable Not Found/ Missing for E house C.",PS6-25-04 - Crude Oil Export Pump C,PS6 - Milestone E
PL-002315,Originated,A,M,4.6:Master Key for door opening for incoming line 1 (KB0X1) tag#31Z for E house C Not found /Missing,PS6-25-04 - Crude Oil Export Pump C,PS6 - Milestone E
PL-002316,Originated,A,M,4.7:HMI Local remote selection Key is not Found/Missing.,PS6-25-04 - Crude Oil Export Pump C,PS6 - Milestone E
PL-002335,Originated,C,M,"4:Found paint damaged at ladder,davit and platform angle",PS5-74-03 - Nitrogen Receiver,PS5 - Milestone F
PL-002336,Originated,B,E,PS005-E&I-ALL-PL-2439 - ALL CABLE COMPARTMENTS: LABELS FROM OUTGOING FEEDERS SHALL BE BLACK/BROWN/GREY COLOURS,PS5-61-07 - 0.4kV Switchboard EITS Building (PS5-61-IK-0001),PS5 - Milestone A
PL-002340,Originated,B,E,PS005-E&I-ALL-PL-2451 - ALL CUBICLES: FINAL PROTECTION SETTINGS ARE NOT SET.,PS5-61-02 - 6.6kV Switchboard and Transformer LLHT North - EITS Building (PS5-61-IJ-0010),PS5 - Milestone G
PL-002341,Originated,B,E,PS005-E&I-ALL-PL-2452 - ALL CUBICLES: FINAL PROTECTION SETTINGS ARE NOT SET.,PS5-61-03 - 6.6kV Switchboard and Transformer LLHT South - EITS Building (PS5-61-IJ-0011),PS5 - Milestone G
PL-002344,Originated,B,E,PS005-E&I-ALL-PL-2440 - ALL DRAWERS: FINAL PROTECTION SETTINGS NOT SET COMPLETELY IN DRAWERS,PS5-61-07 - 0.4kV Switchboard EITS Building (PS5-61-IK-0001),PS5 - Milestone A
PL-002347,Originated,B,E,PS005-E&I-ALL-PL-2448 - B04 Cell : Missing 1 set of Mechanical Key Lock = 2 CAMLOCK + 1 Key + 2 Spacer with serial number PH3212 (diameter rear side 10mm) was damage,PS5-61-01 - 33kV Switchboard EITS Building (PS5-61-IJ-0001),PS5 - Milestone D
PL-002349,Originated,A,T,PS005-E&I-M4-PL-2586 - Flood light to be tested in tanzania and to be included in the ISMS SAT.,PS5-08-15 - Security Data Network (SII SP3 SEC),PS5 - Milestone C
PL-002350,Originated,A,T,PS005-E&I-ETC-PL-2340 - Battery room door contact TBC if Atex required,"PS5-08-85 - Access Control, POB & e-Mustering",PS5 - Milestone F
PL-002355,Originated,A,T,PS005-E&I-M6-PL-2584 - Cable not terminator due to panel PNC-001 not install yet,PS5-08-35 - Optical Transport Network,PS5 - Milestone C
PL-002361,Closed,A,E,PS005-E&I-M4-PL-2366 - Cable One Side Termination (COW),PS5-09-05 - HVAC for EITS Building,PS5 - Milestone A
PL-002362,Originated,A,T,PS005-E&I-M4-PL-2260 - Cable one side termination /cow,PS5-08-11 - Corporate LAN  (SIE),PS5 - Milestone C
PL-002363,Originated,A,T,PS005-E&I-M4-PL-2261 - Cable one side termination /cow,PS5-08-11 - Corporate LAN  (SIE),PS5 - Milestone C
PL-002364,Originated,A,T,PS005-E&I-M4-PL-2262 - Cable one side termination /cow,PS5-08-11 - Corporate LAN  (SIE),PS5 - Milestone C
PL-002365,Closed,A,E,PS005-E&I-ALL-PL-1584 - Cable one side termination due to battery not install here (COW),PS5-06-01 - AC UPS - EITS Building,PS5 - Milestone A
PL-002366,Closed,A,E,PS005-E&I-ALL-PL-1587 - Cable one side termination due to battery not install here (COW),PS5-06-01 - AC UPS - EITS Building,PS5 - Milestone A
PL-002367,Closed,A,E,PS005-E&I-ALL-PL-1590 - Cable one side termination due to battery not install here (COW),PS5-06-01 - AC UPS - EITS Building,PS5 - Milestone A
PL-002368,Closed,A,E,PS005-E&I-ALL-PL-1593 - Cable one side termination due to battery not install here (COW),PS5-06-01 - AC UPS - EITS Building,PS5 - Milestone A
PL-002369,Closed,A,E,PS005-E&I-ALL-PL-1895 - Cable one side termination due to battery not install here (COW),PS5-06-01 - AC UPS - EITS Building,PS5 - Milestone A
PL-002370,Closed,A,E,PS005-E&I-ALL-PL-1898 - Cable one side termination due to battery not install here (COW),PS5-06-01 - AC UPS - EITS Building,PS5 - Milestone A
PL-002371,Closed,A,E,PS005-E&I-ALL-PL-1901 - Cable one side termination due to battery not install here (COW),PS5-06-01 - AC UPS - EITS Building,PS5 - Milestone A
PL-002372,Closed,A,E,PS005-E&I-ALL-PL-1904 - Cable one side termination due to battery not install here (COW),PS5-06-01 - AC UPS - EITS Building,PS5 - Milestone A
PL-002373,Originated,A,T,PS005-E&I-M3-PL-2353 - Cable one side termination due to ECS Work station n/a (cow),PS5-61-08 - Electrical Control System,PS5 - Milestone C
PL-002374,Originated,A,T,PS005-E&I-M3-PL-2354 - Cable one side termination due to ECS Work station n/a (cow),PS5-61-08 - Electrical Control System,PS5 - Milestone C
PL-002375,Originated,A,T,PS005-E&I-M3-PL-2355 - Cable one side termination due to ECS Work station n/a (cow),PS5-61-08 - Electrical Control System,PS5 - Milestone C
PL-002376,Originated,A,E,PS005-E&I-M4-PL-1743 - Cable one side termination due to other side panel not available (COW),PS5-04-03 - 33kV ICSS System,PS5 - Milestone A
PL-002378,Originated,A,B,PS005-E&I-M3-PL-2494 - Cable Still Coiled o top ECS Panel and 15CB Panel,PS5-83-01 - EITS Building,PS5 - Milestone A
PL-002388,Originated,A,T,PS005-E&I-ALL-PL-2558 - Coaxial cable to be tested,PS5-08-23 - VHF Trunk Radio System,PS5 - Milestone F
PL-002389,Completed,A,E,PS005-E&I-ALL-PL-2449 - CT Box Not installed and not inspected.,PS5-61-01 - 33kV Switchboard EITS Building (PS5-61-IJ-0001),PS5 - Milestone D
PL-002408,Originated,A,E,PS005-E&I-ALL-PL-2587 - Ex stoper plug to be installed for spare hole MCCB Box A,PS5-06-01 - AC UPS - EITS Building,PS5 - Milestone A
PL-002410,Originated,A,E,PS005-E&I-ALL-PL-2588 - Ex stoper plug to be installed for spare hole MCCB Box B,PS5-06-01 - AC UPS - EITS Building,PS5 - Milestone A
PL-002413,Originated,B,E,"PS005-E&I-ALL-PL-2441 - INCOMERS: INCOMER A, B AND C MCT CONFIGURATION DOES NOT FIT THE FIELD CABLE SCHEDULE PROVIDED BY EPS IN DESIGN DOSSIER",PS5-61-07 - 0.4kV Switchboard EITS Building (PS5-61-IK-0001),PS5 - Milestone A
PL-002414,Closed,C,E,PS005-E&I-ALL-PL-2454 - Maintenance trolley for BlokSet Air Circuit Breakers is missing,PS5-78-01 - Lifting and handling equipment,PS5 - Milestone E
PL-002422,Originated,A,I,"PS005-E&I-M4-PL-0357 - Missing component BP3-68FD-03, BP468FD-04",PS5-04-04 - 33kV PCS System,PS5 - Milestone A
PL-002423,Closed,C,E,PS005-HVA-ETC-PL-2254 - No access to operate Emergency stop,PS5-09-05 - HVAC for EITS Building,PS5 - Milestone A
PL-002430,Closed,A,H,PS005-E&I-M6-PL-2308 - One side cable coil /cow,PS5-09-05 - HVAC for EITS Building,PS5 - Milestone A
PL-002431,Closed,A,H,PS005-E&I-M6-PL-2309 - One side cable coil /cow,PS5-09-05 - HVAC for EITS Building,PS5 - Milestone A
PL-002432,Originated,A,T,PS005-E&I-M4-PL-2039 - One side termination,PS5-04-03 - 33kV ICSS System,PS5 - Milestone A
PL-002433,Originated,A,T,PS005-E&I-M4-PL-2041 - One side termination,PS5-04-03 - 33kV ICSS System,PS5 - Milestone A
PL-002434,Originated,A,T,PS005-E&I-M4-PL-2043 - One side termination,PS5-04-03 - 33kV ICSS System,PS5 - Milestone A
PL-002435,Originated,A,T,PS005-E&I-M4-PL-2045 - One side termination,PS5-04-03 - 33kV ICSS System,PS5 - Milestone A
PL-002436,Originated,A,T,PS005-E&I-M4-PL-2047 - One side termination,PS5-04-03 - 33kV ICSS System,PS5 - Milestone A
PL-002437,Originated,A,T,PS005-E&I-M4-PL-2049 - One side termination,PS5-04-03 - 33kV ICSS System,PS5 - Milestone A
PL-002438,Originated,A,T,PS005-E&I-M4-PL-2051 - One side termination,PS5-04-03 - 33kV ICSS System,PS5 - Milestone A
PL-002439,Originated,A,T,PS005-E&I-M4-PL-2053 - One side termination,PS5-04-03 - 33kV ICSS System,PS5 - Milestone A
PL-002440,Originated,A,T,PS005-E&I-M4-PL-2055 - One side termination,PS5-04-03 - 33kV ICSS System,PS5 - Milestone A
PL-002441,Originated,A,T,PS005-E&I-M4-PL-2057 - One side termination,PS5-04-03 - 33kV ICSS System,PS5 - Milestone A
PL-002442,Originated,A,T,PS005-E&I-M4-PL-2059 - One side termination,PS5-04-03 - 33kV ICSS System,PS5 - Milestone A
PL-002443,Originated,A,T,PS005-E&I-M4-PL-2061 - One side termination,PS5-04-03 - 33kV ICSS System,PS5 - Milestone A
PL-002444,Originated,A,T,PS005-E&I-M4-PL-2063 - One side termination,PS5-04-03 - 33kV ICSS System,PS5 - Milestone A
PL-002445,Originated,A,T,PS005-E&I-M4-PL-2065 - One side termination,PS5-04-03 - 33kV ICSS System,PS5 - Milestone A
PL-002446,Originated,A,E,PS005-E&I-M4-PL-2382 - One side termination due to panel PNC COW,PS5-04-03 - 33kV ICSS System,PS5 - Milestone A
PL-002448,Originated,A,E,PS005-E&I-ALL-PL-2589 - Power cable HIPPS Cabinet in General Batch 2 Should be replaced by Fire resistance (Orange cable),PS5-0H-01 - HIPPS,PS5 - Milestone H
PL-002449,Originated,A,E,PS005-E&I-ALL-PL-2589 - Power cable HIPPS Cabinet in General Batch 2 Should be replaced by Fire resistance (Orange cable),PS5-0H-01 - HIPPS,PS5 - Milestone H
PL-002476,Originated,A,E,"PS005-E&I-ALL-PL-2442 - Ring Ethernet cat6 Cables that are extended with coupler to be replaced by longer ones, and should pass through suitable cable opening.",PS5-61-07 - 0.4kV Switchboard EITS Building (PS5-61-IK-0001),PS5 - Milestone A
PL-002477,Closed,C,S,"PS005-E&I-ALL-PL-2453 - Safety Kit that are supplied and installed in the substaion have some missing contents,  to be check to match Doc. No. UT-MID-60-SSF1-120001",PS5-02-01 - Miscellaneous Safety equipment,PS5 - Milestone H
PL-002484,Originated,A,I,PS005-E&I-M6-PL-1501 - Termination need to completed in drawing not mention for terminal block AN terminal number in panel ( PS5-01-LA-0001),PS5-0H-01 - HIPPS,PS5 - Milestone H
PL-002490,Closed,A,T,PS005-E&I-M2-PL-1347 - Update cable schedule and termination drawing to be confirm by enginnering,PS5-61-08 - Electrical Control System,PS5 - Milestone C
PL-002491,Closed,A,T,PS005-E&I-M2-PL-1349 - Update cable schedule and termination drawing to be confirm by enginnering,PS5-61-08 - Electrical Control System,PS5 - Milestone C
PL-002492,Closed,A,T,PS005-E&I-M2-PL-1351 - Update cable schedule and termination drawing to be confirm by enginnering,PS5-61-08 - Electrical Control System,PS5 - Milestone C
PL-002493,Closed,A,T,PS005-E&I-M2-PL-1353 - Update cable schedule and termination drawing to be confirm by enginnering,PS5-61-08 - Electrical Control System,PS5 - Milestone C
PL-002494,Closed,A,T,PS005-E&I-M2-PL-1355 - Update cable schedule and termination drawing to be confirm by enginnering,PS5-61-08 - Electrical Control System,PS5 - Milestone C
PL-002495,Closed,A,T,PS005-E&I-M2-PL-1357 - Update cable schedule and termination drawing to be confirm by enginnering,PS5-61-08 - Electrical Control System,PS5 - Milestone C
PL-002496,Originated,A,T,"PS005-E&I-M1-PL-2325 - Utilities power not tested, to be tested in tanzania",PS5-08-13 - Safety Data Network (SII SP3 SAF),PS5 - Milestone C
PL-002497,Originated,A,T,"PS005-E&I-M1-PL-2326 - Utilities power not tested, to be tested in tanzania",PS5-08-11 - Corporate LAN  (SIE),PS5 - Milestone C
PL-002498,Originated,A,T,"PS005-E&I-M1-PL-2327 - Utilities power not tested, to be tested in tanzania",PS5-08-35 - Optical Transport Network,PS5 - Milestone C
PL-002499,Originated,A,T,"PS005-E&I-M1-PL-2328 - Utilities power not tested, to be tested in tanzania",PS5-08-15 - Security Data Network (SII SP3 SEC),PS5 - Milestone C
PL-002505,Originated,A,P,"Valve damaged by the CPP contractor, It shall be repaired or replaced.",PS5-25-07 - Export Pipeline Pig Launcher,PS5 - Milestone H
PL-002580,Originated,C,M,4.1:Handrail bend due to mishandling,PS5-74-03 - Nitrogen Receiver,PS5 - Milestone F
PL-002581,Closed,B,M,4.2:As per packing list materials are ok. As per drawing we need more bolts. Which is not appearing in the packing list and didn't receive. (Bolt M16x45 w/nut & washer =20 nos and Bolt M12x45 w/nut & washer = 20 nos),PS5-74-03 - Nitrogen Receiver,PS5 - Milestone F
PL-002589,Closed,B,M,4.1:The vertical ladder top cage hoop farication is not correct. Required mirror emage of the present fabricated cage hoop,PS5-60-25 - Cooling Water Maintenance Tank & Return Pump,PS5 - Milestone E
PL-002590,Closed,A,M,"4:During inspection, we found the 2"" pipe weld at the bottom of the tank (Branch weld joint) is totally broken",PS5-01-05 - Foam Skid,PS5 - Milestone F
PL-002591,Closed,A,M,4.1:The PS4-01-UV-8700 skid was received here instead of the PS5 skid to be replaced with correct one,PS5-01-05 - Foam Skid,PS5 - Milestone F
PL-002592,Closed,A,M,4.2:Four flange connections with tag number PS4 have been identified and verified during inspection,PS5-01-05 - Foam Skid,PS5 - Milestone F
PL-002593,Originated,C,M,"4:During the inspection, it was found that the flange face area had been painted",PS5-28-17 - Reinjection Pump,PS5 - Milestone H
PL-002594,Originated,A,M,"4.1:During the inspection, a significant oil leakage was detected on the pump body(Joint)",PS5-28-17 - Reinjection Pump,PS5 - Milestone H
PL-002595,Originated,C,M,4.2:It was observed that the stud installed was shorter than the required length.,PS5-28-17 - Reinjection Pump,PS5 - Milestone H
PL-002596,Completed,A,M,"4.3:During the inspection, a significant oil leakage was detected on the boll vave(Joint)",PS5-28-17 - Reinjection Pump,PS5 - Milestone H
PL-002597,Originated,C,M,4.4:Found paint damage at pump area,PS5-28-17 - Reinjection Pump,PS5 - Milestone H
PL-002598,Completed,A,M,"4:During inspection, a noticeable oil leakage was detected at the discharge valve area of PS5-28-APO-3901B",PS5-28-17 - Reinjection Pump,PS5 - Milestone H
PL-002599,Originated,C,M,4.1It was observed that the stud installed was shorter than the required length.,PS5-28-17 - Reinjection Pump,PS5 - Milestone H
PL-002600,Originated,C,M,4:Paint damage and U clamp support missing,PS5-01-05 - Foam Skid,PS5 - Milestone F
PL-002601,Originated,C,M,4.1:Found paint damage,PS5-01-05 - Foam Skid,PS5 - Milestone F
PL-002602,Closed,A,M,4.2:Hilti hit-HY-200-A was expired,PS5-01-05 - Foam Skid,PS5 - Milestone F
PL-002603,Originated,B,M,4.3:PS5-01-IE-0001A support clamp bolt missing and support clamp was broken-01-IE-0001A support clamp bolt missing and support clamp was broken,PS5-01-05 - Foam Skid,PS5 - Milestone F
PL-002604,Originated,B,M,4.4:Junction box stand 2 bolts are missing,PS5-01-05 - Foam Skid,PS5 - Milestone F
PL-002605,Originated,A,M,"4.5:1"" recirculating line piping flange connection bolts 8 nos and spool 2"" flange connection bolts 8 nos are not available with spool or skid",PS5-01-05 - Foam Skid,PS5 - Milestone F
PL-002607,Completed,B,M,"4.1:During the inspection, it was found that the flange face area had Found bend on the nozzle(N5) - Might have happened due to external impact. Also observed paint damage in the location.(No paint damage on the flange or damageonthebolts)been painted",PS5-71-20 - Diesel Fuel Day Tank,PS5 - Milestone B
PL-002608,Originated,B,M,"4:During the inspection, it was found that the gasket (331ID × 348OD × 1.5T) was damaged",PS5-01-01 - Fire Water Jockey Pump A/B,PS5 - Milestone C
PL-002609,Originated,B,M,"4.1:As per the packing list (Equipment No. 12286.347), 12 pieces of 1/2"" BSP female elbows were listed; they were not received.",PS5-01-01 - Fire Water Jockey Pump A/B,PS5 - Milestone C
PL-002610,Originated,B,M,"4.2:As per the packing list, 4 units of Stud Coupling A-Lok 8MSC8N-316 were scheduled for delivery; only 2 units were received..",PS5-01-01 - Fire Water Jockey Pump A/B,PS5 - Milestone C
PL-002611,Completed,A,M,4.3:Hole diameter for the anchor bolts are is lesser than anchor bolt diameter. Need to enlarge the hole diameter to fit withanchorbolt,PS5-01-01 - Fire Water Jockey Pump A/B,PS5 - Milestone C
PL-002612,Originated,C,M,4.4:Oil observed at the pump base frame floor area (Oil indicator glass not fixed properly).,PS5-01-01 - Fire Water Jockey Pump A/B,PS5 - Milestone C
PL-002613,Originated,B,M,"4.5:As per the packing list (Equipment No. 13472-711-076-7), 1/2"" OD × 16SWG W/T Tubes (4000 mm ) but not received.",PS5-01-01 - Fire Water Jockey Pump A/B,PS5 - Milestone C
PL-002614,Originated,B,M,"4:During the inspection, it was found that the gasket (331ID × 348OD × 1.5T) was damaged",PS5-01-01 - Fire Water Jockey Pump A/B,PS5 - Milestone C
PL-002615,Originated,B,M,"4.1:As per the packing list (Equipment No. 12286.347), 12 pieces of 1/2"" BSP female elbows were listed; they were not received.",PS5-01-01 - Fire Water Jockey Pump A/B,PS5 - Milestone C
PL-002616,Originated,B,M,"4.2:As per the packing list, 4 units of Stud Coupling A-Lok 8MSC8N-316 were scheduled for delivery; only 2 units were received..",PS5-01-01 - Fire Water Jockey Pump A/B,PS5 - Milestone C
PL-002617,Completed,A,M,4.3:Hole diameter for the anchor bolts are is lesser than anchor bolt diameter. Need to enlarge the hole diameter to fit withanchorbolt,PS5-01-01 - Fire Water Jockey Pump A/B,PS5 - Milestone C
PL-002618,Originated,C,M,4.4:Oil observed at the pump base frame floor area (Oil indicator glass not fixed properly).,PS5-01-01 - Fire Water Jockey Pump A/B,PS5 - Milestone C
PL-002619,Originated,B,M,"4.5:As per the packing list (Equipment No. 13472-711-076-7), 1/2"" OD × 16SWG W/T Tubes (4000 mm ) but not received.",PS5-01-01 - Fire Water Jockey Pump A/B,PS5 - Milestone C
PL-002621,Originated,B,M,4.1:Plug missing on the 2 nos valves (with pressure gauge) firewaterpumpB,PS5-01-03 - Fire Water Pump B,PS5 - Milestone C
PL-002622,Originated,B,M,4.2:Oil was found in this area (may be oil leakage),PS5-01-03 - Fire Water Pump B,PS5 - Milestone C
PL-002623,Originated,B,M,4.3:The cover plate and nuts and bolts are missing.,PS5-01-03 - Fire Water Pump B,PS5 - Milestone C
PL-002624,Originated,C,M,4.4:Observed paint damage on the hose,PS5-01-03 - Fire Water Pump B,PS5 - Milestone C
PL-002625,Originated,A,M,4.5:Damage observed on pressure gauge,PS5-01-03 - Fire Water Pump B,PS5 - Milestone C
PL-002626,Originated,B,M,4.6:Rubber bush / shock absorber found damage.,PS5-01-03 - Fire Water Pump B,PS5 - Milestone C
PL-002627,Originated,B,M,"4:During the inspection, some nuts of the overhead pipe supports were found on the floor to be reinstated",PS5-01-10 - Water Mist Package,PS5 - Milestone E
PL-002634,Originated,A,M,4.1:As per the packing list 2 units of EDS-C1-106-002 were scheduled for delivery; only 1 unit was received.,PS5-83-01 - EITS Building,PS5 - Milestone A
PL-002635,Originated,B,M,"4.2:""As per the packing list PS5-3BC-FP-01 Coverplate on deckplate 1Qty listed; that was not received""",PS5-83-01 - EITS Building,PS5 - Milestone A
PL-002636,Completed,B,M,4.3:As per the packing list -PS5-A34-03 Dripping Nose 1Qty listed;that was not received,PS5-83-01 - EITS Building,PS5 - Milestone A
PL-002637,Originated,B,M,4.4:As per the packing list 6 units of EDS-C1-106-002 were scheduled for delivery; only 2 unit were received.,PS5-83-01 - EITS Building,PS5 - Milestone A
PL-002638,Originated,A,M,4.5:As per the packing list -BOLT M10*40HDG 40Qty listed;they were not received,PS5-83-01 - EITS Building,PS5 - Milestone A
PL-002639,Closed,A,M,4.6:As per the packing list -CLAMP LADDER 40 Qty listed;they were not received,PS5-83-01 - EITS Building,PS5 - Milestone A
PL-002640,Originated,B,M,4.7:As per the packing list 57 units of shroud were scheduled for delivery; only 50 unit were received.,PS5-83-01 - EITS Building,PS5 - Milestone A
PL-002641,Originated,B,M,4.8:As per the packing list 414 units of shroud were scheduled for delivery; only 337 unit were received.,PS5-83-01 - EITS Building,PS5 - Milestone A
PL-002642,Closed,B,M,4.9:Flashing column (inside the module )PS5-FLS-RF10 is shorter in lenghth and it can not be fix,PS5-83-01 - EITS Building,PS5 - Milestone A
PL-002643,Originated,B,M,4.10: item cut on one side due to deep scratch,PS5-83-01 - EITS Building,PS5 - Milestone A
PL-002644,Originated,A,E,4.11:NOT COMPLETE ONE PART IS MISSING,PS5-83-01 - EITS Building,PS5 - Milestone A
PL-002645,Closed,B,M,"4.12:External holes (for the alignment of bolt ) are missalinged /need to modify the hole, Rust found near the joint between module 2&3",PS5-83-01 - EITS Building,PS5 - Milestone A
PL-002646,Originated,B,M,"4.13:Holes not provided/drilled/tap for installing deck cover plate Between Module 5/6, 6/3, 5/2, 3/2",PS5-83-01 - EITS Building,PS5 - Milestone A
PL-002647,Originated,B,M,"4.14:Duct support ,light support,cable tray misplaced/ collapsed from the location",PS5-83-01 - EITS Building,PS5 - Milestone A
PL-002648,Closed,B,M,4.15:Flashing column (inside the module 5/6) PS5-FLS-RF10 is shorter in lenghth and it can not be fix.,PS5-83-01 - EITS Building,PS5 - Milestone A
PL-002649,Originated,B,M,4.16:EITS - IT room door not fixed properly and water coming inside during the rain (manufacturing issue),PS5-83-01 - EITS Building,PS5 - Milestone A
PL-002650,Originated,A,T,PS005-E&I-M6-PL-2582 - Cable not terminator due to panel PNC-001 not install yet,PS5-08-35 - Optical Transport Network,PS5 - Milestone C
PL-002651,Originated,A,T,PS005-E&I-M6-PL-2583 - Cable not terminator due to panel PNC-001 not install yet,PS5-08-35 - Optical Transport Network,PS5 - Milestone C
PL-002652,Originated,A,T,PS005-E&I-M6-PL-2585 - Cable not terminator due to panel PNC-001 not install yet,PS5-08-35 - Optical Transport Network,PS5 - Milestone C
PL-002653,Originated,A,E,PS005-E&I-ALL-PL-1625 - Cable one side termination due to panel not install yet COW - TAG change to be done,PS5-61-08 - Electrical Control System,PS5 - Milestone C
PL-002655,Closed,C,E,PS005-HVA-ETC-PL-2254 - No access to operate Emergency stop,PS5-09-05 - HVAC for EITS Building,PS5 - Milestone A
PL-002656,Originated,A,I,PS005-E&I-ALL-PL-2589 - Power cable HIPPS Cabinet in General Batch 2 Should be replaced by Fire resistance (Orange cable),PS5-0H-01 - HIPPS,PS5 - Milestone H
PL-002662,Closed,C,I,PS005-E&I-ALL-PL-2426 - Special tool to reset Fire suppression solenoid valve to be provided. One by substation,PS5-01-09 - Inergen for EITS Building,PS5 - Milestone A
PL-002663,Originated,B,E,4:IP washers are damaged,PS5-61-01 - 33kV Switchboard EITS Building (PS5-61-IJ-0001),PS5 - Milestone D
PL-002664,Originated,B,E,4.1:Some cable entries are installed without IPwashers,PS5-61-01 - 33kV Switchboard EITS Building (PS5-61-IJ-0001),PS5 - Milestone D
PL-002665,Originated,A,M,"4:Pressure gauge glass was dislodged, and the gauge found in a bent position",PS5-61-01 - 33kV Switchboard EITS Building (PS5-61-IJ-0001),PS5 - Milestone D
PL-002666,Originated,C,M,4.1:Oil barrel leakage (Since bottom side of the barrel was leaking turnedupsidedown),PS5-61-01 - 33kV Switchboard EITS Building (PS5-61-IJ-0001),PS5 - Milestone D
PL-002667,Originated,C,M,4:There is no mention of the tag number on the name plate.,PS5-09-03 - HVAC for Generator Building,PS5 - Milestone D
PL-002668,Originated,C,M,4:There is no mention of the tag number on the name plate.,PS5-09-03 - HVAC for Generator Building,PS5 - Milestone D
PL-002669,Closed,A,M,4.1:Rust was found on the coupling / coupling hub during the inspection.,PS5-09-03 - HVAC for Generator Building,PS5 - Milestone D
PL-002670,Originated,C,M,"4:As per the packing list, 2 numbers of compressed non-asbestos fibre gaskets; Received 4 numbers were received, resulting in an overage of 2 numbers.",PS5-60-24 - Cooling Water Tank & Pump,PS5 - Milestone E
PL-002672,Originated,A,M,Pressure gauges removed from the equipment by CPP preservation/ material team to be reistated after piping installation,PS5-01-03 - Fire Water Pump B,PS5 - Milestone C
PL-002799,Closed,A,M,4:The Emergency shutdown button not installed in its designed position,PS6-09-04 - HVAC for EITS Building,PS6 - Milestone C
PL-002800,Originated,B,M,4.1:Scratches found near the Supply air Fan.,PS6-09-04 - HVAC for EITS Building,PS6 - Milestone C
PL-002801,Closed,A,P,18: Torquing to be done for the sliding and baseplate.,PS6-28-03 - Closed Drain Drum & Pump,PS6 - Milestone E
PL-002802,Closed,A,P,18.1:Ladders and Platform need to be installed.,PS6-28-03 - Closed Drain Drum & Pump,PS6 - Milestone E
PL-002803,Originated,A,P,18.2:Insulation need to be done.,PS6-28-03 - Closed Drain Drum & Pump,PS6 - Milestone E
PL-002804,Originated,A,P,18:Torquing need to be done for sliding and baseplate.,PS6-05-01 - Emergency Diesel Generator Package,PS6 - Milestone C
PL-002806,Originated,A,P,18.1: Piping reinstatement need to be complete.,PS6-05-01 - Emergency Diesel Generator Package,PS6 - Milestone C
PL-002807,Originated,A,P,18.3: All the Piping works and reinstatment need to be completed.,PS6-28-03 - Closed Drain Drum & Pump,PS6 - Milestone E
PL-002808,Originated,A,P,19:Piping reinstatement to be completed.,PS6-25-01 - Export Pipeline Pig Receiver,PS6 - Milestone E
PL-002809,Originated,A,P,"19.1:Pig signaller tag number 25-ZS1101,PSV,Temp transmitter to be install.",PS6-25-01 - Export Pipeline Pig Receiver,PS6 - Milestone E
PL-002810,Originated,A,P,19:All the piping reinstatement need to be completed.,PS6-25-07 - Export Pipeline Pig Launcher,PS6 - Milestone E
PL-002811,Originated,A,P,"19.1:Pig Signaller, PT,TT,PSV need to be install.",PS6-25-07 - Export Pipeline Pig Launcher,PS6 - Milestone E
PL-002812,Closed,A,M,4.2:Isolator Switch for (ON/OFF) is inside the elect rical panel found not installed in its designed position,PS6-09-04 - HVAC for EITS Building,PS6 - Milestone C
PL-002813,Closed,A,M,4.3:The fresh air damper cover need to be install.,PS6-09-04 - HVAC for EITS Building,PS6 - Milestone C
PL-002814,Closed,A,M,4.4No packing list for the components of HVAC or commissioning Spare parts materials received with packages.,PS6-09-04 - HVAC for EITS Building,PS6 - Milestone C
PL-002815,Closed,A,M,4:The Emergency shutdown button not installed in its designed position,PS6-09-04 - HVAC for EITS Building,PS6 - Milestone C
PL-002816,Originated,B,M,4.1:Scratches found near the Supply air Fan.,PS6-09-04 - HVAC for EITS Building,PS6 - Milestone C
PL-002817,Closed,A,M,4.2:Isolator Switch for (ON/OFF) is inside the elect rical panel found not installed in its designed position,PS6-09-04 - HVAC for EITS Building,PS6 - Milestone C
PL-002818,Closed,B,M,4.3:The fresh air damper cover need to be install.,PS6-09-04 - HVAC for EITS Building,PS6 - Milestone C
PL-002868,Originated,B,E,"ECS-iVT - 2024-05-29-007 SFP (100Mb or 1Gb) to provide for Ethernet switches, SW02A/SW02B",PS5-61-08 - Electrical Control System,PS5 - Milestone C
PL-002869,Originated,B,E,"ECS-iVT - 2024-05-29-007 SFP (100Mb or 1Gb) to provide for Ethernet switches, SW02A",PS6-61-05 - Electrical Control System,PS6 - Milestone E
PL-002874,Originated,B,I,4:The panel board was found to have fallen from its bolt support during transportation. The bolt locations were cracked and torn due to excessive load.,PS5-25-03 - Crude Oil Export Pump B,PS5 - Milestone H
PL-002875,Originated,B,I,4:The panel board was found to have fallen from its bolt support during transportation. The bolt locations were cracked and torn due to excessive load.,PS5-25-04 - Crude Oil Export Pump C,PS5 - Milestone H
PL-003051,Originated,C,M,PS005-E&I-COW-1004 - Maintenance trolley for BlokSet : oil filling required,PS5-78-01 - Lifting and handling equipment,PS5 - Milestone E
PL-003059,Originated,B,E,PS005-E&I-COW-1014 - ATS PLC SOFTWARE (I/O MAPPING) TO BE UPDATED AND TESTED,PS5-61-07 - 0.4kV Switchboard EITS Building (PS5-61-IK-0001),PS5 - Milestone A
PL-003063,Completed,C,E,PS005-E&I-COW-1018 - Missing Terminal ID X05 and Terminal numbers 1 to 8,PS5-06-01 - AC UPS - EITS Building,PS5 - Milestone A
PL-003068,Originated,B,E,PS005-E&I-COW-1023 - STS SETTINGS TO BE SET,PS5-06-01 - AC UPS - EITS Building,PS5 - Milestone A
PL-003069,Originated,B,E,PS006-E&I-COW-1024 - STS SETTINGS TO BE SET,PS6-06-01 - AC UPS - EITS Building,PS6 - Milestone A
PL-003077,Originated,A,E,Vendor TB minimum termination capacity is 25 sqmm. Vendor to provide terminals suitable  16 sqmm and to be installed by Construction CTR.,PS5-62-10 - CRO Generator Building Normal L&SP DB  - PS5-61-IG-0015,PS5 - Milestone B
PL-003078,Originated,A,E,Vendor TB minimum termination capacity is 25 sqmm. Vendor to provide terminals suitable  6 sqmm and to be installed by Construction CTR.,PS5-62-07 - CRO Generator Electrical Building Emergency Lighting DB  - PS5-05-IG-0026,PS5 - Milestone B
PL-003254,Originated,A,I,Range calibration to be done,PS5-25-01 - Export Pipeline Pig Receiver,PS5 - Milestone H
PL-003259,Originated,A,I,Range calibration to be done,PS5-28-17 - Reinjection Pump,PS5 - Milestone H
PL-003260,Originated,A,I,Range calibration to be done,PS6-25-01 - Export Pipeline Pig Receiver,PS6 - Milestone E
PL-003261,Originated,A,I,Range calibration to be done,PS6-28-03 - Closed Drain Drum & Pump,PS6 - Milestone E
PL-003294,Originated,A,I,"Cyber-FAT-120 Moxa switch for SIS PS2-03-SW-0001 was tested in Vitrolles, the remaining moxa sw are in Batam or they have been already sent to site.",PS5-04-05 - 33kV SIS/FGS System,PS5 - Milestone A
PL-003295,Originated,A,I,"Cyber-FAT-120 Moxa switch for SIS PS2-03-SW-0001 was tested in Vitrolles, the remaining moxa sw are in Batam or they have been already sent to site.",PS6-04-03 - SIS/FGS System,PS6 - Milestone B
PL-003308,Originated,A,E,Bearing insulation resistance: phase to earth.,PS6-28-04 - Reinjection Pump,PS6 - Milestone E
PL-003309,Originated,A,E,Bearing insulation resistance: phase to earth.,PS6-53-02 - Water Distribution Pump,PS6 - Milestone D
PL-003310,Originated,B,E,Serial N° is missing,PS6-53-02 - Water Distribution Pump,PS6 - Milestone D
PL-003349,Originated,A,E,Bearing insulation resistance: phase to earth to be done.,PS6-28-03 - Closed Drain Drum & Pump,PS6 - Milestone E
PL-003358,Originated,A,M,4:Post Insulator bushings: damaged and detached from from its original position.,PS6-61-02 - 6.6kV Switchboard and Transformer LLHT North - EITS Building (PS6-61-IJ-0010),PS6 - Milestone F
PL-003359,Originated,A,M,4.1:Missing item for bolt support: 7 flat washers and 4 lock washers.,PS6-61-02 - 6.6kV Switchboard and Transformer LLHT North - EITS Building (PS6-61-IJ-0010),PS6 - Milestone F
PL-003360,Originated,A,M,4.2:Painting removed and scratches observed on the top of the LLHT transformer NER top cover.,PS6-61-02 - 6.6kV Switchboard and Transformer LLHT North - EITS Building (PS6-61-IJ-0010),PS6 - Milestone F
PL-003361,Originated,A,M,"4.3:Heat plate found damaged, bend, and small scratches observed.",PS6-61-02 - 6.6kV Switchboard and Transformer LLHT North - EITS Building (PS6-61-IJ-0010),PS6 - Milestone F
PL-003362,Originated,A,M,"4.4:Resistor elements found damaged leads to the broken small pieces, formation of resistor dust inside the LLHT Transformer",PS6-61-02 - 6.6kV Switchboard and Transformer LLHT North - EITS Building (PS6-61-IJ-0010),PS6 - Milestone F
PL-003363,Originated,A,M,4.5:Paint damage and scratches found inside the walls and at the bottom of the transformer resistor block element,PS6-61-02 - 6.6kV Switchboard and Transformer LLHT North - EITS Building (PS6-61-IJ-0010),PS6 - Milestone F
PL-003367,Originated,A,M,4.6:Scratches found on the cable sleeve.,PS6-61-02 - 6.6kV Switchboard and Transformer LLHT North - EITS Building (PS6-61-IJ-0010),PS6 - Milestone F
PL-003370,Originated,A,M,4.7:Cable from Current Transformer (CT L/P2 term inal) to Resistor block found detached/loose at Resistor block connection point.,PS6-61-02 - 6.6kV Switchboard and Transformer LLHT North - EITS Building (PS6-61-IJ-0010),PS6 - Milestone F
PL-003371,Originated,A,M,4.8:Bottom bolts for holding Post Insulation bushings found missing,PS6-61-02 - 6.6kV Switchboard and Transformer LLHT North - EITS Building (PS6-61-IJ-0010),PS6 - Milestone F
PL-003372,Originated,A,M,4:Missing screw nut at the Outgoing terminal box of the LLHT Transfomer NER,PS6-61-03 - 6.6kV Switchboard and Transformer LLHT South - EITS Building (PS6-61-IJ-0011),PS6 - Milestone F
PL-003387,Originated,A,E,13:Bearing insulation resistance: phase to earth test to be done,PS6-28-04 - Reinjection Pump,PS6 - Milestone E
PL-003388,Originated,B,E,13: Motor Serial number to be updated.,PS6-53-02 - Water Distribution Pump,PS6 - Milestone D
PL-003401,Originated,A,E,13:Bearing insulation resistance: phase to earth to be done.,PS6-28-03 - Closed Drain Drum & Pump,PS6 - Milestone E
PL-003402,Originated,B,E,13.1: Serial no of Motor not Found in data sheet,PS6-28-03 - Closed Drain Drum & Pump,PS6 - Milestone E
PL-003415,Closed,A,I,PS005-E&I-ALL-PL-2608 - PAL Cable that currently installed Flame Retardant (E253359) shall be replace with Fire Resistan cable IEC60331 (Orange).,PS5-01-09 - Inergen for EITS Building,PS5 - Milestone A
PL-003416,Closed,A,I,PS005-E&I-ALL-PL-2608 - PAL Cable that currently installed Flame Retardant (E253359) shall be replace with Fire Resistan cable IEC60331 (Orange).,PS5-01-09 - Inergen for EITS Building,PS5 - Milestone A
PL-003417,Closed,A,I,PS005-E&I-ALL-PL-2608 - PAL Cable that currently installed Flame Retardant (E253359) shall be replace with Fire Resistan cable IEC60331 (Orange).,PS5-01-09 - Inergen for EITS Building,PS5 - Milestone A
PL-003473,Originated,A,E,7:,PS5-61-07 - 0.4kV Switchboard EITS Building (PS5-61-IK-0001),PS5 - Milestone A
PL-003579,Originated,B,P,10:FINAL PIPING CONNECTION AND REINSTATEMENT SHALL BE COMPLETED (DISCIPILINE - PIPING),PS5-60-01 - Power Generation Package A,PS5 - Milestone B
PL-003580,Originated,B,M,10.1:FINAL ALIGNMENT SHULD BE DONE,PS5-60-01 - Power Generation Package A,PS5 - Milestone B
PL-003581,Originated,B,P,10:FINAL PIPING CONNECTION AND REINSTATEMENT SHAL BE COMPLETED (DESCIPILINE - PIPING),PS5-60-04 - Power Generation Package B,PS5 - Milestone B
PL-003582,Originated,B,M,10.1:FINAL ALIGNMENT SHOULD BE DONE,PS5-60-04 - Power Generation Package B,PS5 - Milestone B
PL-003583,Originated,B,P,10:FINAL PIPING CONNECTION AND REINSTATEMENT SHAL BE COMPLETED (DESCIPILINE - PIPING),PS5-60-07 - Power Generation Package C,PS5 - Milestone D
PL-003584,Originated,B,M,10.1:FINAL ALIGNMENT SHULD BE DONE,PS5-60-07 - Power Generation Package C,PS5 - Milestone D
PL-003585,Originated,B,P,10:FINAL PIPING CONNECTION AND REINSTATEMENT SHAL BE COMPLETED (DESCIPILINE - PIPING),PS5-60-10 - Power Generation Package D,PS5 - Milestone D
PL-003586,Originated,B,M,10.1:FINAL ALIGNMENT SHULD BE DONE,PS5-60-10 - Power Generation Package D,PS5 - Milestone D
PL-003587,Originated,B,P,10:FINAL PIPING CONNECTION AND REINSTATEMENT SHAL BE COMPLETED (DESCIPILINE - PIPING),PS5-60-13 - Power Generation Package E,PS5 - Milestone D
PL-003588,Originated,B,M,10.1:FINAL ALIGNMENT SHULD BE DONE,PS5-60-13 - Power Generation Package E,PS5 - Milestone D
PL-003589,Originated,B,P,10:FINAL PIPING CONNECTION AND REINSTATEMENT SHAL BE COMPLETED (DESCIPILINE - PIPING),PS5-60-16 - Power Generation Package F,PS5 - Milestone D
PL-003590,Originated,B,M,10.1:FINAL ALIGNMENT SHOULD BE DONE,PS5-60-16 - Power Generation Package F,PS5 - Milestone D
PL-003591,Originated,B,P,10:FINAL PIPING CONNECTION AND REINSTATEMENT SHAL BE COMPLETED (DESCIPILINE - PIPING),PS5-60-19 - Power Generation Package G,PS5 - Milestone E
PL-003592,Originated,B,M,10.1:FINAL ALIGNMENT SHOULD BE DONE,PS5-60-19 - Power Generation Package G,PS5 - Milestone E
PL-003593,Closed,A,M,Structural bolts shall be properly secured & tightened all over the EITS Building area,PS5-83-01 - EITS Building,PS5 - Milestone A
PL-003594,Originated,B,B,"Proper Leveling, compaction, gravel fill required for the whole EITS building area.",PS5-83-01 - EITS Building,PS5 - Milestone A
PL-003595,Closed,A,M,Grating Clips shall be properly fastened and tightened,PS5-83-01 - EITS Building,PS5 - Milestone A
PL-003596,Originated,B,M,"External covers outside the EITS building found gaps, screw damages & holes mismatch.",PS5-83-01 - EITS Building,PS5 - Milestone A
PL-003597,Originated,B,B,Proper finishing required for the EITS building foundations.,PS5-83-01 - EITS Building,PS5 - Milestone A
PL-003598,Closed,B,E,13:Bearing insulation resistance: phase to earth to be done,PS6-53-02 - Water Distribution Pump,PS6 - Milestone D
PL-003599,Closed,B,E,13.1: Motor Serial Number to be updated.,PS6-53-02 - Water Distribution Pump,PS6 - Milestone D
PL-003600,Originated,B,E,Sprinkler to be installed after GALT.,PS5-83-01 - EITS Building,PS5 - Milestone A
PL-003601,Originated,A,M,Anchor bolts need to be tightened for HVAC ACU units.,PS5-09-05 - HVAC for EITS Building,PS5 - Milestone A
PL-003602,Closed,B,M,Handrail Splice needs to be Welded and Painted at East side area,PS5-83-01 - EITS Building,PS5 - Milestone A
PL-003603,Originated,B,E,13:Bearing insulation resistance: phase to earth to be done.,PS6-28-04 - Reinjection Pump,PS6 - Milestone E
PL-003604,Originated,B,E,13.1: Motor Serial Number to be updated.,PS6-28-04 - Reinjection Pump,PS6 - Milestone E
PL-003605,Originated,A,H,All HVAC ducts were misaligned with the ACU units.,PS5-83-01 - EITS Building,PS5 - Milestone A
PL-003606,Originated,A,E,Earthing bonders need to be installed all over structural connection.,PS5-83-01 - EITS Building,PS5 - Milestone A
PL-003608,Originated,A,E,For all Inergen lines U-bolts tightening & Torquing shall be done before GALT,PS5-83-01 - EITS Building,PS5 - Milestone A
PL-003609,Closed,A,M,Shutoff Dampers were not installed above the HVAC ACU units (4 Dampers),PS5-83-01 - EITS Building,PS5 - Milestone A
PL-003610,Originated,A,H,HVAC Ducts leak test shall be performed after finishing the whole installations,PS5-83-01 - EITS Building,PS5 - Milestone A
PL-003611,Originated,A,B,Missing two elbows (3019F and 3019G),PS5-83-01 - EITS Building,PS5 - Milestone A
PL-003612,Closed,A,P,MCT not provided for the Inergen pipes which are entering into the Inergen Package,PS5-83-01 - EITS Building,PS5 - Milestone A
PL-003613,Originated,B,E,13:Bearing insulation resistance: phase to earth To be done.,PS6-28-03 - Closed Drain Drum & Pump,PS6 - Milestone E
PL-003615,Originated,B,E,"All EIT cable tray, Ladder, tray supports shall be installed",PS5-83-01 - EITS Building,PS5 - Milestone A
PL-003616,Closed,A,E,Electrical earthing around the building shall be completed.,PS5-83-01 - EITS Building,PS5 - Milestone A
PL-003617,Originated,A,E,"4:During inspection, the junction box fell down due to improper fixing. The item was dispatched without being securely installed.",PS5-61-03 - 6.6kV Switchboard and Transformer LLHT South - EITS Building (PS5-61-IJ-0011),PS5 - Milestone G
PL-003618,Originated,B,E,4.1:No cable glands are installed in the DECT MDU PANEL,PS5-61-03 - 6.6kV Switchboard and Transformer LLHT South - EITS Building (PS5-61-IJ-0011),PS5 - Milestone G
PL-003619,Originated,B,E,4.2:All installed cables are directly fixed to the transformer without cable trays and/or rigid conduit pipes.,PS5-61-03 - 6.6kV Switchboard and Transformer LLHT South - EITS Building (PS5-61-IJ-0011),PS5 - Milestone G
PL-003620,Originated,B,E,"4.3:""At the commissioning stage, it is necessary to verify the functionality of the equipment and confirm the absence of any hidden defects. Because panel was unfixed.""",PS5-61-03 - 6.6kV Switchboard and Transformer LLHT South - EITS Building (PS5-61-IJ-0011),PS5 - Milestone G
PL-003621,Originated,B,E,4:No cable glands are installed in the DECT MDU PANEL,PS5-61-02 - 6.6kV Switchboard and Transformer LLHT North - EITS Building (PS5-61-IJ-0010),PS5 - Milestone G
PL-003622,Originated,B,E,4.1:All installed cables are directly fixed to the transformer without cable trays and/or rigid conduit pipes.,PS5-61-02 - 6.6kV Switchboard and Transformer LLHT North - EITS Building (PS5-61-IJ-0010),PS5 - Milestone G
PL-003623,Originated,B,M,4:All the jack bolts are missing on the base frame of the pump,PS5-01-02 - Fire Water Pump A,PS5 - Milestone C
PL-003624,Originated,A,M,"4.1:22 batteries had a voltage below 1V, 6 batteries had a voltage below 1.2V",PS5-01-02 - Fire Water Pump A,PS5 - Milestone C
PL-003625,Completed,A,M,4.2:Silencer not received along with the pump,PS5-01-02 - Fire Water Pump A,PS5 - Milestone C
PL-003648,Originated,A,M,"4:As per the packing list, a 0.18-liter Nitrogen (N₂) cylinder is specified with a filling pressure of 200 bar. However, upon receipt at PS5-01-UZ-610, two cylinders were found with pressures of 1300 psi (89.6 Bar), which are below the specified 200 bar requirement.",PS5-01-11 - Inergen for Power Gen Building,PS5 - Milestone E
PL-003649,Originated,B,M,"4:""Spare parts have arrived; but no details are mentioned in the packing list. ( gaskets-2 pcs 3/4"""" 150# 4 pcs 1"""" 150# 4 pcs 1 1/2"""" 150# 5 pcs 2"""" 150"""" 3 pcs 4"""" 150# 2 set lamps fuses and connectors (SIBA FUSE 5X20 T 125MA DS10) 1 PCS DIGITAL BARRIER dek-oe-24dc/100k. 1 pcs repeater power supply (Analog barrier) MACX MCR-SL-RPSSI-2I. )""",PS5-71-02 - CFO Allocation Metering Package,PS5 - Milestone H
PL-003654,Closed,B,M,Coupling hub inside dia is not matching with the shaft dia of pump and motor,PS5-28-04 - Closed Drain Drum and Pump 02,PS5 - Milestone E
PL-003655,Closed,A,M,Coupling hub inside dia is not matching with the shaft dia of pump and motor,PS5-28-04 - Closed Drain Drum and Pump 02,PS5 - Milestone E
PL-003692,Originated,B,I,Level Gauge FAT not conducted as the Specific gravity of the water does not allow the instrument float to float.,PS5-75-02 - Biocide Injection Package,PS5 - Milestone G
PL-003701,Originated,B,E,ECS-iFAT-2024-07-02-011 Keyboard and mouse lose connection after power recycle from MCB on ECS Server A & B,PS5-61-08 - Electrical Control System,PS5 - Milestone C
PL-003706,Originated,B,E,ECS-ECS - 20255-08-12-003 Configure the static route for ALL ECS/PCS connection,PS5-61-08 - Electrical Control System,PS5 - Milestone C
PL-003707,Originated,B,E,ECS-ECS - 20255-08-12-003 Configure the static route for ALL ECS/PCS connection,PS6-61-05 - Electrical Control System,PS6 - Milestone E
PL-003714,Closed,A,M,"4:As per the drawing, the deluge piping should be galvanized Carbon steel, but it was received without a galvanized coating.",PS5-71-04 - CFO Storage Tank,PS5 - Milestone H
PL-003715,Closed,A,M,"4.1:SL NO-11, M10 'U' BOLT - 2"" PIPE + 4NUTS (STD) NOT RECEIVED",PS5-71-04 - CFO Storage Tank,PS5 - Milestone H
PL-003716,Closed,A,M,"4.2:SL NO - 14 , GASKET 3MM NOT RECEIVED",PS5-71-04 - CFO Storage Tank,PS5 - Milestone H
PL-003717,Closed,A,M,"4.3: SL NO - 17, WASHER NOT RECEIVED",PS5-71-04 - CFO Storage Tank,PS5 - Milestone H
PL-003718,Closed,A,M,"4.4:SL NO - 20 , GASKET 762O.D.x600I.D.x1.5THK NOT RECEIVED",PS5-71-04 - CFO Storage Tank,PS5 - Milestone H
PL-003719,Closed,A,M,"4.5:SL NO - 24 , GASKET 4.5 THK., 8""-150# RF NOT RECEIVED",PS5-71-04 - CFO Storage Tank,PS5 - Milestone H
PL-003720,Closed,A,M,"4.6:SL NO - 26 , GASKET 1.5 THK., 6""-150# RF NOT RECEIVED",PS5-71-04 - CFO Storage Tank,PS5 - Milestone H
PL-003721,Closed,A,M,"4.7:SL NO - 29 , GASKET 4.5 THK., 8""-150# RF NOT RECEIVED",PS5-71-04 - CFO Storage Tank,PS5 - Milestone H
PL-003722,Closed,A,M,"4.8:SL NO - 32 , GASKET 4.5 THK., 8""-150# RF NOT RECEIVED",PS5-71-04 - CFO Storage Tank,PS5 - Milestone H
PL-003723,Closed,A,M,"4.9:SL NO - 37 , GASKET 4.5 THK., 3""-150# RF NOT RECEIVED",PS5-71-04 - CFO Storage Tank,PS5 - Milestone H
PL-003724,Closed,A,M,"4.10:SL NO - 38 , STUD+2NUTS-5/8"" UNC NOT RECEIVED",PS5-71-04 - CFO Storage Tank,PS5 - Milestone H
PL-003725,Closed,A,M,"4.11:SL NO - 54 , HEX.BOLT+NUTS+WASHER. M12X45 NOT RECEIVED",PS5-71-04 - CFO Storage Tank,PS5 - Milestone H
PL-003726,Closed,A,M,"4.12:SL NO - 58 , HEX.BOLT+NUTS+WASHER. M12X45 NOT RECEIVED",PS5-71-04 - CFO Storage Tank,PS5 - Milestone H
PL-003727,Closed,A,M,"4:As per the drawing, the deluge piping should be galvanized carbon steel, but it was received without a galvanized coating.",PS5-71-12 - CFO Service Tank,PS5 - Milestone H
PL-003728,Closed,A,M,"4.1:SL NO - 61 , GASKET 762 ,O.D.x600,I.D.x1.5THK NOT RECEIVED",PS5-71-12 - CFO Service Tank,PS5 - Milestone H
PL-003729,Closed,A,M,"4.2:SL NO - 67 , GASKET 3MM NOT RECEIVED",PS5-71-12 - CFO Service Tank,PS5 - Milestone H
PL-003731,Closed,A,M,"4.4:SL NO - 70 , WASHER NOT RECEIVED",PS5-71-12 - CFO Service Tank,PS5 - Milestone H
PL-003732,Closed,A,M,"4.5:SL SL NO - 71 , HEX. NUTS M20 NOT RECEIVED",PS5-71-12 - CFO Service Tank,PS5 - Milestone H
PL-003733,Closed,A,M,"4.6:SL NO - 75 , WASHER O.D. 40 x I.D. 18 NOT RECEIVED",PS5-71-12 - CFO Service Tank,PS5 - Milestone H
PL-003734,Closed,A,M,"4.7:SL NO - 76 , SPLIT PIN-5Ø NOT RECEIVED",PS5-71-12 - CFO Service Tank,PS5 - Milestone H
PL-003735,Closed,A,M,"4.8:SL NO -77 , GASKET 4.5 THK., 8""-150# RF NOT RECEIVED",PS5-71-12 - CFO Service Tank,PS5 - Milestone H
PL-003736,Closed,A,M,"4.9:SL NO - 79 , GASKET 1.5 THK., 3""-150# RF NOT RECEIVED",PS5-71-12 - CFO Service Tank,PS5 - Milestone H
PL-003737,Closed,A,M,"4.10:SL NO - 82 , GASKET 4.5 THK., 10""-150# RF NOT RECEIVED",PS5-71-12 - CFO Service Tank,PS5 - Milestone H
PL-003738,Closed,A,M,"4.11:SL NO - 85 , GASKET 4.5 THK., 8""-150# RF NOT RECEIVED",PS5-71-12 - CFO Service Tank,PS5 - Milestone H
PL-003739,Closed,A,M,"4.12:SL NO - 90 , GASKET 4.5 THK., 3""-150# RF NOT RECEIVED",PS5-71-12 - CFO Service Tank,PS5 - Milestone H
PL-003740,Closed,A,M,"4.13:SL NO - 90 , GASKET 4.5 THK., 3""-150# RF NOT RECEIVED",PS5-71-12 - CFO Service Tank,PS5 - Milestone H
PL-003741,Closed,A,M,"4.14:SL NO - 106 , HEX.BOLT+NUTS+WASHER. M12X45 NOT RECEIVED",PS5-71-12 - CFO Service Tank,PS5 - Milestone H
PL-003742,Closed,A,M,"4.15:SL NO - 111 , HEX.BOLT+NUTS+WASHER. M12X45 NOT RECEIVED",PS5-71-12 - CFO Service Tank,PS5 - Milestone H
PL-003743,Originated,B,M,"As per the packing list, 3 Nos. of 1/4"" nipple are mentioned, but they have not been received.",PS5-71-15 - Diesel Fuel Storage Tank,PS5 - Milestone F
PL-003744,Originated,B,M,"As per the packing list, 3 Nos. of vortex breakers are mentioned, but they have not been received.",PS5-53-01 - Utility Water / Storage Tank,PS5 - Milestone C
PL-004293,Originated,B,I,Battery to be replaced,PS6-25-01 - Export Pipeline Pig Receiver,PS6 - Milestone E
PL-004300,Originated,B,E,Bearing insulation resistance shaft driving end not Performed.,PS6-25-02 - Crude Oil Export Pump A,PS6 - Milestone E
PL-004301,Originated,B,E,19.1:Bearing insulation resistance shaft non driving end not performed yet,PS6-25-02 - Crude Oil Export Pump A,PS6 - Milestone E
PL-004303,Originated,B,E,Bearing insulation resistance shaft driving end not Performed.,PS6-25-03 - Crude Oil Export Pump B,PS6 - Milestone E
PL-004304,Originated,B,E,19.1:Bearing insulation resistance shaft non driving end not performed yet,PS6-25-03 - Crude Oil Export Pump B,PS6 - Milestone E
PL-004305,Originated,B,E,19:Bearing insulation resistance shaft driving end will be done latter stage.,PS6-25-04 - Crude Oil Export Pump C,PS6 - Milestone E
PL-004307,Originated,B,E,19.1:Bearing insulation resistance shaft non driving end will be Done on latter Stage.,PS6-25-04 - Crude Oil Export Pump C,PS6 - Milestone E
PL-004311,Originated,B,P,10:FINAL PIPING CONNECTION AND REINSTATEMENT TO BE COMPLETED AFTER HT(descipiline-piping),PS5-60-42 - Oil Mist Separator Skid PS5-60-VS-9100A,PS5 - Milestone B
PL-004312,Originated,B,P,10:FINAL PIPING CONNECTION AND REINSTATEMENT TO BE COMPLETED AFTER HT(descipiline-piping),PS5-60-43 - Oil Mist Separator Skid PS5-60-VS-9100B,PS5 - Milestone B
PL-004313,Originated,B,P,10:FINAL PIPING CONNECTION AND REINSTATEMENT TO BE COMPLETED AFTER HT(descipiline-piping),PS5-60-44 - Oil Mist Separator Skid PS5-60-VS-9100C,PS5 - Milestone D
PL-004314,Originated,B,P,10:FINAL PIPING CONNECTION AND REINSTATEMENT TO BE COMPLETED AFTER HT(descipiline-piping),PS5-60-45 - Oil Mist Separator Skid PS5-60-VS-9100D,PS5 - Milestone D
PL-004315,Originated,B,P,10:FINAL PIPING CONNECTION AND REINSTATEMENT TO BE COMPLETED AFTER HT(descipiline-piping,PS5-60-47 - Oil Mist Separator Skid PS5-60-VS-9100F,PS5 - Milestone D
PL-004316,Originated,A,P,23:FINAL PIPING CONNECTION AND REINSTATEMENT TO BE COMPLETED AFTER HT(descipiline-piping),PS5-60-30 - Air Receiver C & Air Regulator C,PS5 - Milestone D
PL-004333,Originated,B,P,16:FINAL PIPING CONNECTION AND REINSTATEMENT TO BE COMPLETED AFTER HT(descipiline-piping),PS5-60-56 - Fuel Conditioning Module PS5-60-UZ-8900A,PS5 - Milestone B
PL-004334,Originated,C,E,16.1:EARTHING TO BE DONE,PS5-60-56 - Fuel Conditioning Module PS5-60-UZ-8900A,PS5 - Milestone B
PL-004335,Originated,B,P,16:FINAL PIPING CONNECTION AND REINSTATEMENT TO BE COMPLETED AFTER HT(descipiline-piping),PS5-60-58 - Fuel Conditioning Module PS5-60-UZ-8900B,PS5 - Milestone B
PL-004336,Originated,C,E,16.1:EARTHING TO BE DONE,PS5-60-58 - Fuel Conditioning Module PS5-60-UZ-8900B,PS5 - Milestone B
PL-004340,Originated,C,M,25:ouch up paint will be carried out,PS5-78-01 - Lifting and handling equipment,PS5 - Milestone E
PL-004341,Originated,C,M,25:Touch-up painting will be carried out,PS5-78-01 - Lifting and handling equipment,PS5 - Milestone E
PL-004342,Originated,C,M,25:Touch-up painting will be carried out,PS5-78-01 - Lifting and handling equipment,PS5 - Milestone E
PL-004343,Originated,C,M,25:Touch-up painting will be carried out,PS5-78-01 - Lifting and handling equipment,PS5 - Milestone E
PL-004344,Originated,B,P,10:FINAL PIPING CONNECTION AND REINSTATEMENT TO BE COMPLETED AFTER HT(descipiline-piping),PS5-05-01 - Emergency Diesel Generator Package,PS5 - Milestone C
PL-004345,Closed,A,M,10.1: Flame arrester to be installed,PS5-05-01 - Emergency Diesel Generator Package,PS5 - Milestone C
PL-004346,Originated,B,M,10.2:Final alignment to be verified,PS5-05-01 - Emergency Diesel Generator Package,PS5 - Milestone C
PL-004347,Originated,B,P,23:FINAL PIPING CONNECTION AND REINSTATEMENT TO BE COMPLETED AFTER HT(descipiline-piping),PS5-60-28 - Air Receiver A & Air Regulator A,PS5 - Milestone B
PL-004348,Originated,B,P,23.1:EARTHING TO BE DONE,PS5-60-28 - Air Receiver A & Air Regulator A,PS5 - Milestone B
PL-004349,Originated,B,P,23:FINAL PIPING CONNECTION AND REINSTATEMENT TO BE COMPLETED AFTER HT(descipiline-piping),PS5-60-29 - Air Receiver B & Air Regulator B,PS5 - Milestone B
PL-004350,Originated,B,P,23.1:EARTHING TO BE DONE,PS5-60-29 - Air Receiver B & Air Regulator B,PS5 - Milestone B
PL-004351,Originated,B,P,10:FINAL PIPING CONNECTION AND REINSTATEMENT TO BE COMPLETED AFTER HT(descipiline-piping),PS5-60-46 - Oil Mist Separator Skid PS5-60-VS-9100E,PS5 - Milestone D
PL-004352,Originated,B,P,10:FINAL PIPING CONNECTION AND REINSTATEMENT TO BE COMPLETED AFTER HT(descipiline-piping),PS5-60-48 - Oil Mist Separator Skid PS5-60-VS-9100G,PS5 - Milestone E
PL-004353,Originated,A,P,10:FINAL PIPING CONNECTION AND REINSTATEMENT TO BE COMPLETED AFTER HT(descipiline-piping),PS5-60-56 - Fuel Conditioning Module PS5-60-UZ-8900A,PS5 - Milestone B
PL-004354,Originated,A,P,23:EARTHING TO BE DONE,PS5-60-31 - Air Receiver D & Air Regulator D,PS5 - Milestone D
PL-004355,Originated,B,P,23.1:FINAL PIPING CONNECTION AND REINSTATEMENT TO BE COMPLETED AFTER HT(descipiline-piping),PS5-60-31 - Air Receiver D & Air Regulator D,PS5 - Milestone D
PL-004356,Originated,B,P,23:FINAL PIPING CONNECTION AND REINSTATEMENT TO BE COMPLETED AFTER HT(descipiline-piping),PS5-60-32 - Air Receiver E & Air Regulator E,PS5 - Milestone D
PL-004357,Originated,B,E,23.1:EARTHING TO BE DONE,PS5-60-32 - Air Receiver E & Air Regulator E,PS5 - Milestone D
PL-004358,Originated,B,P,23:FINAL PIPING CONNECTION AND REINSTATEMENT TO BE COMPLETED AFTER HT(descipiline-piping),PS5-60-33 - Air Receiver F & Air Regulator F,PS5 - Milestone D
PL-004359,Originated,B,E,23.1: EARTHING TO BE DONE,PS5-60-33 - Air Receiver F & Air Regulator F,PS5 - Milestone D
PL-004360,Originated,B,P,23:FINAL PIPING CONNECTION AND REINSTATEMENT TO BE COMPLETED AFTER HT(descipiline-piping),PS5-60-34 - Air Receiver G & Air Regulator G,PS5 - Milestone E
PL-004361,Originated,B,E,23.1: EARTHING TO BE DONE,PS5-60-34 - Air Receiver G & Air Regulator G,PS5 - Milestone E
PL-004362,Originated,B,M,16:FINAL PIPING CONNECTION AND REINSTATEMENT TO BE COMPLETED AFTER HT(descipiline-piping),PS5-60-68 - Fuel Conditioning Module PS5-60-UZ-8900G,PS5 - Milestone E
PL-004363,Originated,B,E,16.1: EARTHING TO BE DONE,PS5-60-68 - Fuel Conditioning Module PS5-60-UZ-8900G,PS5 - Milestone E
PL-004364,Originated,B,P,16:FINAL PIPING CONNECTION AND REINSTATEMENT TO BE COMPLETED AFTER HT(descipiline-piping),PS5-60-66 - Fuel Conditioning Module PS5-60-UZ-8900F,PS5 - Milestone D
PL-004365,Originated,B,E,16.1:EARTHING TO BE DONE,PS5-60-66 - Fuel Conditioning Module PS5-60-UZ-8900F,PS5 - Milestone D
PL-004366,Originated,A,P,16:FINAL PIPING CONNECTION AND REINSTATEMENT TO BE COMPLETED AFTER HT(descipiline-piping),PS5-60-64 - Fuel Conditioning Module PS5-60-UZ-8900E,PS5 - Milestone D
PL-004367,Originated,B,E,16.1:EARTHING TO BE DONE,PS5-60-64 - Fuel Conditioning Module PS5-60-UZ-8900E,PS5 - Milestone D
PL-004368,Originated,B,P,16:FINAL PIPING CONNECTION AND REINSTATEMENT TO BE COMPLETED AFTER HT(descipiline-piping),PS5-60-62 - Fuel Conditioning Module PS5-60-UZ-8900D,PS5 - Milestone D
PL-004369,Originated,B,E,16.1:EATRHING TO BE DONE,PS5-60-62 - Fuel Conditioning Module PS5-60-UZ-8900D,PS5 - Milestone D
PL-004370,Originated,B,P,16:FINAL PIPING CONNECTION AND REINSTATEMENT TO BE COMPLETED AFTER HT(descipiline-piping),PS5-60-60 - Fuel Conditioning Module PS5-60-UZ-8900C,PS5 - Milestone D
PL-004371,Originated,B,E,16.1:EARTHING TO BE DONE,PS5-60-60 - Fuel Conditioning Module PS5-60-UZ-8900C,PS5 - Milestone D
PL-004372,Originated,B,P,10:FINAL PIPING CONNECTION AND REINSTATEMENT TO BE COMPLETED AFTER HT(descipiline-piping),PS5-60-01 - Power Generation Package A,PS5 - Milestone B
PL-004373,Originated,B,P,10:FINAL PIPING CONNECTION AND REINSTATEMENT TO BE COMPLETED AFTER HT(descipiline-piping),PS5-60-04 - Power Generation Package B,PS5 - Milestone B
PL-004374,Originated,B,P,10:FINAL PIPING CONNECTION AND REINSTATEMENT TO BE COMPLETED AFTER HT(descipiline-piping),PS5-60-07 - Power Generation Package C,PS5 - Milestone D
PL-004375,Originated,B,P,10:FINAL PIPING CONNECTION AND REINSTATEMENT TO BE COMPLETED AFTER HT(descipiline-piping),PS5-60-10 - Power Generation Package D,PS5 - Milestone D
PL-004376,Originated,B,P,10:FINAL PIPING CONNECTION AND REINSTATEMENT TO BE COMPLETED AFTER HT(descipiline-piping),PS5-60-13 - Power Generation Package E,PS5 - Milestone D
PL-004377,Originated,B,P,10:FINAL PIPING CONNECTION AND REINSTATEMENT TO BE COMPLETED AFTER HT(descipiline-piping),PS5-60-16 - Power Generation Package F,PS5 - Milestone D
PL-004378,Originated,B,P,10:FINAL PIPING CONNECTION AND REINSTATEMENT TO BE COMPLETED AFTER HT(descipiline-piping),PS5-60-19 - Power Generation Package G,PS5 - Milestone E
PL-004379,Originated,B,B,ROOF-final installation need to be done In PG area,PS5-78-01 - Lifting and handling equipment,PS5 - Milestone E
PL-004380,Originated,B,B,ROOF-final installation need to be done In PG area,PS5-78-01 - Lifting and handling equipment,PS5 - Milestone E
PL-004381,Originated,B,B,ROOF-final installation need to be done In PG area-9100 C,PS5-78-01 - Lifting and handling equipment,PS5 - Milestone E
PL-004382,Originated,B,B,ROOF-final installation need to be done In PG area,PS5-78-01 - Lifting and handling equipment,PS5 - Milestone E
PL-004384,Originated,B,E,"Sand bedding not yet done , cable route marker &trench backfilled will be done after all cable installation in the trench finish",PS5-60-01 - Power Generation Package A,PS5 - Milestone B
PL-004385,Originated,B,E,"Sand bedding not yet done , cable route marker &trench backfilled will be done after all cable installation in the trench finish",PS5-60-04 - Power Generation Package B,PS5 - Milestone B
PL-004386,Originated,B,E,"Sand bedding not yet done , cable route marker &trench backfilled will be done after all cable installation in the trench finish",PS5-60-07 - Power Generation Package C,PS5 - Milestone D
PL-004387,Originated,B,E,"Sand bedding not yet done , cable route marker &trench backfilled will be done after all cable installation in the trench finish",PS5-60-10 - Power Generation Package D,PS5 - Milestone D
PL-004388,Originated,B,E,"Sand bedding not yet done , cable route marker &trench backfilled will be done after all cable installation in the trench finish",PS5-60-13 - Power Generation Package E,PS5 - Milestone D
PL-004389,Originated,B,E,"Sand bedding not yet done , cable route marker &trench backfilled will be done after all cable installation in the trench finish",PS5-60-16 - Power Generation Package F,PS5 - Milestone D
PL-004390,Originated,B,E,"Sand bedding not yet done , cable route marker &trench backfilled will be done after all cable installation in the trench finish",PS5-60-19 - Power Generation Package G,PS5 - Milestone E
PL-004411,Closed,B,M,Chain to be correctly installed (still hooked on the rail).,PS5-78-01 - Lifting and handling equipment,PS5 - Milestone E
PL-004412,Closed,B,M,Chain to be installed,PS5-78-01 - Lifting and handling equipment,PS5 - Milestone E
PL-004413,Closed,B,M,Guide rail anti-derailment to be installed,PS5-78-01 - Lifting and handling equipment,PS5 - Milestone E
PL-004414,Originated,B,E,3 pin connectors damaged for motor fan and need to be replaced --> Damage during installation,PS5-78-01 - Lifting and handling equipment,PS5 - Milestone E
PL-004415,Closed,B,M,Control pendant height to be properly secured within the crane,PS5-78-01 - Lifting and handling equipment,PS5 - Milestone E
PL-004416,Closed,B,E,Rectify the GAP between the C/T power supply and the pendant power supply to avoid any blockage,PS5-78-01 - Lifting and handling equipment,PS5 - Milestone E
PL-004417,Closed,B,M,Guide rail anti-derailment to be installed,PS5-78-01 - Lifting and handling equipment,PS5 - Milestone E
PL-004418,Closed,B,M,Control pendant height to be properly secured within the crane,PS5-78-01 - Lifting and handling equipment,PS5 - Milestone E
PL-004419,Originated,B,E,VSD failure during testing and need to be changed by vendor (Equipment failure),PS5-78-01 - Lifting and handling equipment,PS5 - Milestone E
PL-004420,Originated,B,M,Damaged current collector (swapped to Crane C) to be changed,PS5-78-01 - Lifting and handling equipment,PS5 - Milestone E
PL-004423,Originated,C,E,Remaining electrical work is to be completed after the installation of LV cables/ panels/ Protection cover of phase bus,PS5-78-01 - Lifting and handling equipment,PS5 - Milestone E
PL-004424,Originated,C,E,Remaining electrical work is to be completed after the installation of LV cables/ panels/ Protection cover of phase bus,PS5-78-01 - Lifting and handling equipment,PS5 - Milestone E
PL-004425,Originated,C,E,Remaining electrical work is to be completed after the installation of LV cables/ panels/ Protection cover of phase bus,PS5-78-01 - Lifting and handling equipment,PS5 - Milestone E
PL-004426,Originated,C,E,Remaining electrical work is to be completed after the installation of LV cables/ panels/ Protection cover of phase bus,PS5-78-01 - Lifting and handling equipment,PS5 - Milestone E
PL-004427,Originated,B,P,10:FINAL PIPING CONNECTION AND REINSTATEMENT TO BE COMPLETED AFTER HT(descipiline-piping),PS5-71-18 - Diesel Separator Module,PS5 - Milestone F
PL-004429,Originated,B,P,10:FINAL PIPING CONNECTION AND REINSTATEMENT TO BE COMPLETED AFTER HT(descipiline-piping),PS5-71-22 - Diesel Fuel Pre Pressure Module,PS5 - Milestone B
PL-004433,Originated,B,P,10:FINAL PIPING CONNECTION AND REINSTATEMENT TO BE COMPLETED AFTER HT(descipiline-piping),PS5-71-08 - CFO Pre-Pressure Modules,PS5 - Milestone H
PL-004436,Originated,B,P,10:FINAL PIPING CONNECTION AND REINSTATEMENT TO BE COMPLETED AFTER HT(descipiline-piping),PS5-71-06 - Crude Fuel Separation Module,PS5 - Milestone H
PL-004439,Originated,B,P,10:FINAL PIPING CONNECTION AND REINSTATEMENT TO BE COMPLETED AFTER HT(descipiline-piping),PS5-71-06 - Crude Fuel Separation Module,PS5 - Milestone H
PL-004454,Closed,A,E,PS005-E&I-M6-PL-2234 - Cable 1 side termination,PS5-63-04 - Electrical Earthing - EITS Building,PS5 - Milestone A
PL-004455,Closed,A,E,PS005-E&I-M6-PL-2236 - Cable 1 side termination,PS5-63-04 - Electrical Earthing - EITS Building,PS5 - Milestone A
PL-004456,Originated,A,E,PS005-E&I-M4-PL-2238 - Cable 1 side termination,PS5-04-03 - 33kV ICSS System,PS5 - Milestone A
PL-004457,Closed,A,T,PS005-E&I-M4-PL-2350 - Port number (Terminal no.) N/A at interconnection drawing,PS5-04-03 - 33kV ICSS System,PS5 - Milestone A
PL-004458,Originated,A,T,PS005-E&I-ALL-PL-2559 - Coaxial cable to be tested,PS5-08-23 - VHF Trunk Radio System,PS5 - Milestone F
PL-004459,Originated,A,T,PS005-E&I-ALL-PL-2560 - Coaxial cable to be tested,PS5-08-23 - VHF Trunk Radio System,PS5 - Milestone F
PL-004460,Originated,A,T,PS005-E&I-ALL-PL-2561 - Coaxial cable to be tested,PS5-08-23 - VHF Trunk Radio System,PS5 - Milestone F
PL-004487,Originated,C,E,PS006-E&I-COW-1134 - MCCB NAMEPLATE TO BE REPLACED. RATING TO BE 600A INSTEAD OF 300A,PS6-06-01 - AC UPS - EITS Building,PS6 - Milestone A
PL-004491,Originated,C,E,PS006-E&I-COW-1165 - MCCB NAMEPLATE TO BE REPLACED. RATING TO BE 600A INSTEAD OF 300A,PS6-06-01 - AC UPS - EITS Building,PS6 - Milestone A
PL-004511,Originated,A,E,PS006-E&I-COW-1775 - Random malfunction in the spring charging motor. The motor is randomly starting and attempting to operate even though the spring is already fully charged,PS6-61-04 - 0.4kV Switchboard EITS Building (PS6-61-IK-0001),PS6 - Milestone A
PL-004546,Closed,A,I,PS005-E&I-M1-PL-2592 - Cable gland for temperature cable sensor in battery room oversize ( General punch for all the buildings),PS5-06-01 - AC UPS - EITS Building,PS5 - Milestone A
PL-004547,Closed,A,I,PS005-E&I-M1-PL-2592 - Cable gland for temperature cable sensor in battery room oversize ( General punch for all the buildings),PS5-06-01 - AC UPS - EITS Building,PS5 - Milestone A
PL-004548,Originated,A,B,PS005-E&I-M1-PL-2605 - The MCT installed in the battery room must be replaced with an Ex-rated MCT.,PS5-83-01 - EITS Building,PS5 - Milestone A
PL-004549,Originated,A,B,PS005-E&I-M1-PL-2605 - The MCT installed in the battery room must be replaced with an Ex-rated MCT.,PS5-83-01 - EITS Building,PS5 - Milestone A
PL-004550,Originated,A,B,PS005-E&I-M1-PL-2605 - The MCT installed in the battery room must be replaced with an Ex-rated MCT.,PS5-83-01 - EITS Building,PS5 - Milestone A
PL-004551,Originated,A,B,PS005-E&I-M1-PL-2605 - The MCT installed in the battery room must be replaced with an Ex-rated MCT.,PS5-83-01 - EITS Building,PS5 - Milestone A
PL-004552,Closed,C,M,"PS005-MEC-ALL-PL-2606 - The name tag is messy, the letters are not straight line",PS5-01-09 - Inergen for EITS Building,PS5 - Milestone A
PL-004566,Originated,A,E,PS006-E&I-ALL-PL-0103 - Battery connector to be ensured to match with the rigidity and cross section of the cable.,PS6-78-01 - Lifting and handling equipment,PS6 - Milestone G
PL-004567,Originated,A,I,PS006-E&I-ALL-PL-0195 - BP3-69FD03 - PS6 -04-PC-0013 not installed,PS6-04-02 - PCS System,PS6 - Milestone B
PL-004568,Originated,A,I,PS006-E&I-ALL-PL-0197 - BP4-69FD04 - PS6 -04-PC-0014 not installed,PS6-04-02 - PCS System,PS6 - Milestone B
PL-004569,Originated,A,T,"PS006-E&I-ALL-PL-0401 - Utilities power not tested, to be tested in tanzania",PS6-08-13 - Safety Data Network (SII SP3 SAF),PS6 - Milestone C
PL-004570,Originated,A,T,"PS006-E&I-ALL-PL-0402 - Utilities power not tested, to be tested in tanzania",PS6-08-11 - Corporate LAN (SIE),PS6 - Milestone C
PL-004571,Originated,A,T,"PS006-E&I-ALL-PL-0403 - Utilities power not tested, to be tested in tanzania",PS6-08-35 - Optical Transport Network,PS6 - Milestone D
PL-004572,Originated,A,T,"PS006-E&I-ALL-PL-0404 - Utilities power not tested, to be tested in tanzania",PS6-08-15 - Security Data Network (SII SP3 SEC),PS6 - Milestone C
PL-004573,Originated,A,E,PS006-E&I-ALL-PL-0455 - PS006 Undervoltage coil CBGS-0- Export pump: issued in coil of the spring for incomer from generators E and C 11kV/33kV (Only one now is broken) so the spring cannot be operated),PS6-61-01 - 33kV Switchboard EITS Building (PS6-61-IJ-0001),PS6 - Milestone D
PL-004574,Originated,A,E,"PS006-E&I-M5-PL-0550 - Found during Preservation inspection, 1 key interlock is broken. To be rectify.",PS6-61-01 - 33kV Switchboard EITS Building (PS6-61-IJ-0001),PS6 - Milestone D
PL-004575,Closed,B,B,"PS006-E&I-ALL-PL-0551 - Earthing bonding jumpers drawing mark up to be provided. 
The shorted material to be provided such as earthing boss, bonding jumper 1core 70 mm2, bonding plate inclued holes and Bolt.",PS6-83-01 - EITS Building,PS6 - Milestone G
PL-004596,Originated,C,B,PS005-ARC-ALL-PL-2612 - Poor quality of rubber gasket installed on the doors (easy to detaches and some contamined by water) to be replaced with the proper rubber gasket for industrial grade.,PS5-83-01 - EITS Building,PS5 - Milestone A
PL-004605,Closed,B,B,"PS005-E&I-ALL-PL-2609 - Earthing bonding jumpers drawing mark up to be provided. 
The shorted material to be provided such as earthing boss, bonding jumper 1core 70 mm2, bonding plate inclued holes and Bolt.",PS5-83-01 - EITS Building,PS5 - Milestone A
PL-004654,Originated,B,I,"PS005-E&I-COW-1827 - Pressure Differential Transmitters (PDTs) installed for the battery exhaust fans to be replaced with fit to purpose PDTs ( new complete product code 3051CD1A22A1KKSY2L4M5Q4Q8T1D0 / 7th digit = ""1"" for Differential Pressure Range type = –25 to +25 in H2O / (–62.16 to +62.16 mbar)",PS5-09-05 - HVAC for EITS Building,PS5 - Milestone A
PL-004655,Originated,B,I,"PS005-E&I-COW-1828 - Pressure Differential Transmitters (PDTs) installed for the battery exhaust fans to be replaced with fit to purpose PDTs ( new complete product code 3051CD1A22A1KKSY2L4M5Q4Q8T1D0 / 7th digit = ""1"" for Differential Pressure Range type = –25 to +25 in H2O / (–62.16 to +62.16 mbar)",PS5-09-05 - HVAC for EITS Building,PS5 - Milestone A
PL-004656,Originated,B,I,"PS006-E&I-COW-1829 - Pressure Differential Transmitters (PDTs) installed for the battery exhaust fans to be replaced with fit to purpose PDTs ( new complete product code 3051CD1A22A1KKSY2L4M5Q4Q8T1D0 / 7th digit = ""1"" for Differential Pressure Range type = –25 to +25 in H2O / (–62.16 to +62.16 mbar)",PS6-09-04 - HVAC for EITS Building,PS6 - Milestone C
PL-004657,Originated,B,I,"PS006-E&I-COW-1830 - Pressure Differential Transmitters (PDTs) installed for the battery exhaust fans to be replaced with fit to purpose PDTs ( new complete product code 3051CD1A22A1KKSY2L4M5Q4Q8T1D0 / 7th digit = ""1"" for Differential Pressure Range type = –25 to +25 in H2O / (–62.16 to +62.16 mbar)",PS6-09-04 - HVAC for EITS Building,PS6 - Milestone C
PL-004826,Originated,B,E,13.1: Motor serial Number is missing in datasheet.,PS6-28-03 - Closed Drain Drum & Pump,PS6 - Milestone E
PL-004837,Originated,B,P,10:FINAL PIPING CONNECTION AND REINSTATEMENT TO BE COMPLETED AFTER HT(descipiline-piping),PS5-60-27 - Compressed Air Starting Skid,PS5 - Milestone B
PL-004838,Originated,B,P,10:FINAL PIPING CONNECTION AND REINSTATEMENT TO BE COMPLETED AFTER HT(descipiline-piping),PS5-60-26 - Instrument Air Compressor Skid,PS5 - Milestone B
PL-004839,Originated,B,P,10:FINAL PIPING CONNECTION AND REINSTATEMENT TO BE COMPLETED AFTER HT(descipiline-piping),PS5-71-02 - CFO Allocation Metering Package,PS5 - Milestone H
PL-004840,Originated,B,P,10:FINAL PIPING CONNECTION AND REINSTATEMENT TO BE COMPLETED AFTER HT(descipiline-piping),PS5-01-05 - Foam Skid,PS5 - Milestone F
PL-004841,Completed,A,M,10:OSD PUNCH POINTS TO BE CLOSED,PS5-71-14 - Diesel Fuel Transfer and Dispensing Station,PS5 - Milestone F
PL-004842,Originated,B,P,10:FINAL PIPING CONNECTION AND REINSTATEMENT TO BE COMPLETED AFTER HT(descipiline-piping),PS5-01-10 - Water Mist Package,PS5 - Milestone E
PL-004843,Originated,B,P,10:FINAL PIPING CONNECTION AND REINSTATEMENT TO BE COMPLETED AFTER HT(descipiline-piping),PS5-01-08 - PS5 Deluge Valve Skid (PS5-01-UK-6100),PS5 - Milestone F
PL-004844,Originated,B,M,"During verification of loose materials received from Velath, I have found some issues which is related to materials. Some spools received from the vendor for the Deluge system are not fabricated as per drawing. N9 The spool received is not as per the drawing(3x2 reducer and 3” flange was not welded with the spool and 2” flange welded.).",PS5-71-12 - CFO Service Tank,PS5 - Milestone H
PL-004845,Originated,A,E,"4:Damaged insulation at instrument cable termination (Tag: PS6-01-PAL-6101-E); insulation torn exposing conductors, with cable connection loose/broke.",PS6-01-01 - Inergen,PS6 - Milestone E
PL-004846,Closed,A,E,"4:Perforated Cable tray supports found to be dismatled and tray found to be hanging inside the ED Room ( Infront of Tool box , Tag no. PS6-61-QE-0001).",PS6-83-01 - EITS Building,PS6 - Milestone G
PL-004847,Closed,A,H,"4.1:HVAC Duct supports found to be dismantled and found to be hanging inside the ED Room ( Infront of 33kV MV Switchgear , Tag no. PS6-61-IJ-0001 ).",PS6-83-01 - EITS Building,PS6 - Milestone G
PL-004848,Closed,A,E,4.2:Emergency / Escape light fixture ( Tag.No. PS6-62-IC-9005-01) support dismatled on one side and found to be hanging inside the ED Room.,PS6-83-01 - EITS Building,PS6 - Milestone G
PL-004849,Closed,A,E,4.3:Normal LED light fixture ( Tag.No. PS6-62-IB-9006-01) support dismatled on one side and found to be hanging inside the ED Room.,PS6-83-01 - EITS Building,PS6 - Milestone G
PL-004850,Closed,A,E,4.4:PAGA loud speaker ( Tag.No. PS6-08-01LS-0221) support found to be loose inside the ED Room.,PS6-83-01 - EITS Building,PS6 - Milestone G
PL-004851,Closed,A,E,"4.5:Normal LED light fixture ( Tag.No. PS6-62-IB-9009-01) support dismatled, found to be hanging and its power cables are also damaged inside the ED Room.",PS6-83-01 - EITS Building,PS6 - Milestone G
PL-004852,Closed,A,E,4.6:Emergency / Escape light fixture ( Tag.No. PS6-62-IC-9004-02) support dismatled on one side and found to be hanging inside the IT Room.,PS6-83-01 - EITS Building,PS6 - Milestone G
PL-004853,Closed,A,E,"4.7:Emergency / Escape light fixture ( Tag.No. PS6-62-IC-9009-01) support dismatled, found to be hanging and its power cables are also damaged inside the ED Room.",PS6-83-01 - EITS Building,PS6 - Milestone G
PL-004854,Closed,A,E,4.8:Emergency / Escape light fixture ( Tag.No. PS6-62-IC-9005-02) support dismatled on one side and found to be hanging inside the IT Room.,PS6-83-01 - EITS Building,PS6 - Milestone G
PL-004855,Closed,A,M,4.9:Gas detector remote sensor ( Tag.No.PS6-03-GDHS-E202) support dismatled on one side and found replaced from original position inside the Battery Room.,PS6-83-01 - EITS Building,PS6 - Milestone G
PL-004856,Originated,B,E,"33kV MV Switchgear (Tag no. PS6-61-IJ-0001) bus coupler cubicle, earth switch interlock key (key no. 144) found to be broken.",PS6-83-01 - EITS Building,PS6 - Milestone G
PL-004857,Closed,A,M,4.11:Inergen piping flange bolting connection to be bolted properly/ 2 bolts missing,PS6-83-01 - EITS Building,PS6 - Milestone G
PL-004858,Closed,A,H,4.12:hvac duct insulation damages inside module 5 and 6,PS6-83-01 - EITS Building,PS6 - Milestone G
PL-004861,Closed,A,E,4.13:Emergency / Escape light fixture ( Tag.No. PS6-62-IC-9003-02) support dismatled on one side and found to be hanging inside the IT Room.,PS6-83-01 - EITS Building,PS6 - Milestone G
PL-004865,Originated,A,T,PS005-E&I-COW-1935 - Cable terminations to be done (Network Cabinet),PS5-04-03 - 33kV ICSS System,PS5 - Milestone A
PL-004866,Originated,A,T,PS005-E&I-COW-1936 - Cable terminations to be done (Network Cabinet),PS5-04-03 - 33kV ICSS System,PS5 - Milestone A
PL-004867,Originated,A,T,PS005-E&I-COW-1937 - Cable terminations to be done (Network Cabinet),PS5-04-03 - 33kV ICSS System,PS5 - Milestone A
PL-004868,Originated,A,T,PS005-E&I-COW-1938 - Cable terminations to be done (Network Cabinet),PS5-04-03 - 33kV ICSS System,PS5 - Milestone A
PL-004869,Originated,A,T,PS005-E&I-COW-1939 - Cable terminations to be done (Network Cabinet),PS5-04-03 - 33kV ICSS System,PS5 - Milestone A
PL-004870,Originated,A,T,PS005-E&I-COW-1940 - Cable terminations to be done (Network Cabinet),PS5-04-03 - 33kV ICSS System,PS5 - Milestone A
PL-004871,Originated,A,T,PS005-E&I-COW-1941 - Cable terminations to be done (Network Cabinet),PS5-04-03 - 33kV ICSS System,PS5 - Milestone A
PL-004872,Originated,A,T,PS005-E&I-COW-1942 - Cable terminations to be done (Network Cabinet),PS5-04-03 - 33kV ICSS System,PS5 - Milestone A
PL-004873,Originated,A,T,PS005-E&I-COW-1943 - Cable terminations to be done (Network Cabinet),PS5-04-03 - 33kV ICSS System,PS5 - Milestone A
PL-004874,Originated,A,T,PS005-E&I-COW-1944 - Cable terminations to be done (Network Cabinet),PS5-04-03 - 33kV ICSS System,PS5 - Milestone A
PL-004875,Originated,A,T,PS005-E&I-COW-1945 - Cable terminations to be done (Network Cabinet),PS5-04-03 - 33kV ICSS System,PS5 - Milestone A
PL-004876,Originated,A,T,PS005-E&I-COW-1946 - Cable terminations to be done (Network Cabinet),PS5-04-03 - 33kV ICSS System,PS5 - Milestone A
PL-004877,Originated,A,T,PS005-E&I-COW-1947 - Cable terminations to be done (Network Cabinet),PS5-04-03 - 33kV ICSS System,PS5 - Milestone A
PL-004878,Originated,A,T,PS005-E&I-COW-1948 - Cable terminations to be done (Network Cabinet),PS5-04-03 - 33kV ICSS System,PS5 - Milestone A
PL-004879,Originated,A,I,PS005-E&I-COW-1934 - Cable terminations to be done (Network Cabinet),PS5-04-03 - 33kV ICSS System,PS5 - Milestone A
PL-004880,Originated,A,E,PS005-E&I-COW-1949 - Cable terminations to be done (Network Cabinet),PS5-04-03 - 33kV ICSS System,PS5 - Milestone A
PL-004881,Originated,A,T,PS005-E&I-COW-1950 - Cable terminations to be done (Network Cabinet),PS5-08-11 - Corporate LAN  (SIE),PS5 - Milestone C
PL-004882,Originated,A,T,PS005-E&I-COW-1951 - Cable terminations to be done (Network Cabinet),PS5-08-11 - Corporate LAN  (SIE),PS5 - Milestone C
PL-004883,Originated,A,T,PS005-E&I-COW-1952 - Cable terminations to be done (Network Cabinet),PS5-08-11 - Corporate LAN  (SIE),PS5 - Milestone C
PL-004884,Originated,A,T,PS005-E&I-COW-1953 - Cable terminations to be done (Network Cabinet),PS5-08-11 - Corporate LAN  (SIE),PS5 - Milestone C
PL-004885,Originated,A,T,PS005-E&I-COW-1954 - Cable terminations to be done (Network Cabinet),PS5-08-11 - Corporate LAN  (SIE),PS5 - Milestone C
PL-004886,Originated,A,T,PS005-E&I-COW-1955 - Cable terminations to be done (Network Cabinet),PS5-08-35 - Optical Transport Network,PS5 - Milestone C
PL-004887,Originated,A,T,PS005-E&I-COW-1956 - Cable terminations to be done (Network Cabinet),PS5-08-35 - Optical Transport Network,PS5 - Milestone C
PL-004888,Originated,A,T,PS005-E&I-COW-1957 - Cable terminations to be done (Network Cabinet),PS5-08-35 - Optical Transport Network,PS5 - Milestone C
PL-004889,Originated,A,T,PS005-E&I-COW-1958 - Cable terminations to be done (Network Cabinet),PS5-08-35 - Optical Transport Network,PS5 - Milestone C
PL-004890,Originated,A,T,PS005-E&I-COW-1959 - Cable terminations to be done (Network Cabinet),PS5-08-35 - Optical Transport Network,PS5 - Milestone C
PL-004891,Originated,A,T,PS005-E&I-COW-1960 - Cable terminations to be done (Network Cabinet),PS5-08-35 - Optical Transport Network,PS5 - Milestone C
PL-004892,Originated,A,T,PS005-E&I-COW-1961 - Cable terminations to be done (Network Cabinet),PS5-08-35 - Optical Transport Network,PS5 - Milestone C
PL-004893,Originated,A,T,PS005-E&I-COW-1962 - Cable terminations to be done (Network Cabinet),PS5-08-35 - Optical Transport Network,PS5 - Milestone C
PL-004894,Originated,A,T,PS005-E&I-COW-1963 - Cable terminations to be done (Network Cabinet),PS5-08-35 - Optical Transport Network,PS5 - Milestone C
PL-004895,Originated,A,T,PS005-E&I-COW-1964 - Cable terminations to be done (Network Cabinet),PS5-08-35 - Optical Transport Network,PS5 - Milestone C
PL-004896,Originated,A,T,PS005-E&I-COW-1965 - Cable terminations to be done (Network Cabinet),PS5-08-35 - Optical Transport Network,PS5 - Milestone C
PL-004897,Originated,A,T,PS005-E&I-COW-1966 - Cable terminations to be done (Network Cabinet),PS5-08-35 - Optical Transport Network,PS5 - Milestone C
PL-004898,Originated,A,T,PS005-E&I-COW-1967 - Cable terminations to be done (Network Cabinet),PS5-08-35 - Optical Transport Network,PS5 - Milestone C
PL-004899,Originated,A,T,PS005-E&I-COW-1968 - Cable terminations to be done (Network Cabinet),PS5-08-35 - Optical Transport Network,PS5 - Milestone C
PL-004900,Originated,A,T,PS005-E&I-COW-1969 - Cable terminations to be done (Network Cabinet),PS5-08-35 - Optical Transport Network,PS5 - Milestone C
PL-004901,Originated,A,T,PS005-E&I-COW-1970 - Cable terminations to be done (Network Cabinet),PS5-08-35 - Optical Transport Network,PS5 - Milestone C
PL-004902,Originated,A,T,PS005-E&I-COW-1971 - Cable terminations to be done (Network Cabinet),PS5-08-35 - Optical Transport Network,PS5 - Milestone C
PL-004903,Originated,A,T,PS005-E&I-COW-1972 - Cable terminations to be done (Network Cabinet),PS5-08-35 - Optical Transport Network,PS5 - Milestone C
PL-004904,Originated,A,T,PS005-E&I-COW-1973 - Cable terminations to be done (Network Cabinet),PS5-08-35 - Optical Transport Network,PS5 - Milestone C
PL-004905,Originated,A,I,PS005-E&I-COW-1974 - New cable to be added,PS5-04-04 - 33kV PCS System,PS5 - Milestone A
PL-004906,Originated,A,I,PS005-E&I-COW-1975 - New cable to be added,PS5-04-04 - 33kV PCS System,PS5 - Milestone A
PL-004907,Originated,A,T,PS005-E&I-COW-1976 - New cable to be added,PS5-04-03 - 33kV ICSS System,PS5 - Milestone A
PL-004908,Originated,A,T,PS005-E&I-COW-1977 - New cable to be added,PS5-04-03 - 33kV ICSS System,PS5 - Milestone A
PL-004909,Originated,A,T,PS005-E&I-COW-1978 - New cable to be added,PS5-08-13 - Safety Data Network (SII SP3 SAF),PS5 - Milestone C
PL-004910,Closed,A,E,PS005-E&I-COW-1979 - Cable to be removed,PS5-09-05 - HVAC for EITS Building,PS5 - Milestone A
PL-004911,Closed,A,E,PS005-E&I-COW-1980 - Cable to be removed,PS5-09-05 - HVAC for EITS Building,PS5 - Milestone A
PL-004912,Closed,A,E,PS005-E&I-COW-1981 - Cable to be removed,PS5-09-05 - HVAC for EITS Building,PS5 - Milestone A
PL-004913,Closed,A,E,PS005-E&I-COW-1982 - Cable to be removed,PS5-09-05 - HVAC for EITS Building,PS5 - Milestone A
PL-004914,Originated,A,T,PS005-E&I-COW-1983 - New cable to be added,PS5-61-03 - 6.6kV Switchboard and Transformer LLHT South - EITS Building (PS5-61-IJ-0011),PS5 - Milestone G
PL-004915,Originated,A,E,PS005-E&I-COW-1984 - Cable to be removed,PS5-61-08 - Electrical Control System,PS5 - Milestone C
PL-004916,Originated,A,T,PS005-E&I-COW-1985 - Cable to be removed,PS5-04-03 - 33kV ICSS System,PS5 - Milestone A
PL-004917,Originated,B,E,PS005-E&I-COW-1986 - Cable TAG labels to be changed,PS5-0H-01 - HIPPS,PS5 - Milestone H
PL-004918,Originated,B,I,PS005-E&I-COW-1987 - Cable TAG labels to be changed,PS5-04-05 - 33kV SIS/FGS System,PS5 - Milestone A
PL-004919,Originated,B,I,PS005-E&I-COW-1988 - Cable TAG labels to be changed,PS5-04-05 - 33kV SIS/FGS System,PS5 - Milestone A
PL-004920,Originated,B,I,PS005-E&I-COW-1989 - Cable TAG labels to be changed,PS5-04-05 - 33kV SIS/FGS System,PS5 - Milestone A
PL-004921,Originated,B,I,PS005-E&I-COW-1990 - Cable TAG labels to be changed,PS5-04-05 - 33kV SIS/FGS System,PS5 - Milestone A
PL-004922,Originated,B,I,PS005-E&I-COW-1991 - Cable TAG labels to be changed,PS5-04-05 - 33kV SIS/FGS System,PS5 - Milestone A
PL-004923,Originated,B,I,PS005-E&I-COW-1992 - Cable TAG labels to be changed,PS5-04-05 - 33kV SIS/FGS System,PS5 - Milestone A
PL-004924,Originated,B,I,PS005-E&I-COW-1993 - Cable TAG labels to be changed,PS5-04-05 - 33kV SIS/FGS System,PS5 - Milestone A
PL-004925,Originated,B,I,PS005-E&I-COW-1994 - Cable TAG labels to be changed,PS5-04-05 - 33kV SIS/FGS System,PS5 - Milestone A
PL-004926,Originated,B,I,PS005-E&I-COW-1995 - Cable TAG labels to be changed,PS5-04-05 - 33kV SIS/FGS System,PS5 - Milestone A
PL-004927,Originated,B,I,PS005-E&I-COW-1996 - Cable TAG labels to be changed,PS5-04-05 - 33kV SIS/FGS System,PS5 - Milestone A
PL-004928,Originated,B,I,PS005-E&I-COW-1997 - Cable TAG labels to be changed,PS5-04-05 - 33kV SIS/FGS System,PS5 - Milestone A
PL-004929,Originated,B,I,PS005-E&I-COW-1998 - Cable TAG labels to be changed,PS5-04-05 - 33kV SIS/FGS System,PS5 - Milestone A
PL-004930,Originated,B,I,PS005-E&I-COW-1999 - Cable TAG labels to be changed,PS5-04-05 - 33kV SIS/FGS System,PS5 - Milestone A
PL-004931,Originated,B,I,PS005-E&I-COW-2000 - Cable TAG labels to be changed,PS5-04-05 - 33kV SIS/FGS System,PS5 - Milestone A
PL-004932,Originated,B,I,PS005-E&I-COW-2001 - Cable TAG labels to be changed,PS5-04-05 - 33kV SIS/FGS System,PS5 - Milestone A
PL-004933,Originated,B,I,PS005-E&I-COW-2002 - Cable TAG labels to be changed,PS5-04-05 - 33kV SIS/FGS System,PS5 - Milestone A
PL-004934,Originated,B,I,PS005-E&I-COW-2003 - Cable TAG labels to be changed,PS5-04-05 - 33kV SIS/FGS System,PS5 - Milestone A
PL-004935,Originated,B,I,PS005-E&I-COW-2004 - Cable TAG labels to be changed,PS5-04-05 - 33kV SIS/FGS System,PS5 - Milestone A
PL-004936,Originated,B,I,PS005-E&I-COW-2005 - Cable TAG labels to be changed,PS5-04-05 - 33kV SIS/FGS System,PS5 - Milestone A
PL-004937,Originated,B,I,PS005-E&I-COW-2006 - Cable TAG labels to be changed,PS5-04-05 - 33kV SIS/FGS System,PS5 - Milestone A
PL-004938,Originated,B,I,PS005-E&I-COW-2007 - Cable TAG labels to be changed,PS5-04-05 - 33kV SIS/FGS System,PS5 - Milestone A
PL-004939,Originated,B,I,PS005-E&I-COW-2008 - Cable TAG labels to be changed,PS5-04-05 - 33kV SIS/FGS System,PS5 - Milestone A
PL-004940,Originated,B,I,PS005-E&I-COW-2009 - Cable TAG labels to be changed,PS5-04-05 - 33kV SIS/FGS System,PS5 - Milestone A
PL-004941,Originated,B,I,PS005-E&I-COW-2010 - Cable TAG labels to be changed,PS5-04-05 - 33kV SIS/FGS System,PS5 - Milestone A
PL-004942,Originated,B,I,PS005-E&I-COW-2011 - Cable TAG labels to be changed,PS5-04-05 - 33kV SIS/FGS System,PS5 - Milestone A
PL-004943,Originated,B,I,PS005-E&I-COW-2012 - Cable TAG labels to be changed,PS5-04-05 - 33kV SIS/FGS System,PS5 - Milestone A
PL-004944,Originated,B,I,PS005-E&I-COW-2013 - Cable TAG labels to be changed,PS5-04-05 - 33kV SIS/FGS System,PS5 - Milestone A
PL-004945,Originated,B,I,PS005-E&I-COW-2014 - Cable TAG labels to be changed,PS5-04-05 - 33kV SIS/FGS System,PS5 - Milestone A
PL-004946,Originated,B,I,PS005-E&I-COW-2015 - Cable TAG labels to be changed,PS5-04-05 - 33kV SIS/FGS System,PS5 - Milestone A
PL-004947,Originated,B,I,PS005-E&I-COW-2016 - Cable TAG labels to be changed,PS5-04-05 - 33kV SIS/FGS System,PS5 - Milestone A
PL-004948,Originated,B,I,PS005-E&I-COW-2017 - Cable TAG labels to be changed,PS5-04-05 - 33kV SIS/FGS System,PS5 - Milestone A
PL-004949,Originated,B,I,PS005-E&I-COW-2018 - Cable TAG labels to be changed,PS5-04-05 - 33kV SIS/FGS System,PS5 - Milestone A
PL-004950,Originated,B,I,PS005-E&I-COW-2019 - Cable TAG labels to be changed,PS5-04-05 - 33kV SIS/FGS System,PS5 - Milestone A
PL-004951,Originated,B,I,PS005-E&I-COW-2020 - Cable TAG labels to be changed,PS5-04-05 - 33kV SIS/FGS System,PS5 - Milestone A
PL-004952,Originated,B,I,PS005-E&I-COW-2021 - Cable TAG labels to be changed,PS5-04-05 - 33kV SIS/FGS System,PS5 - Milestone A
PL-004953,Originated,B,I,PS005-E&I-COW-2022 - Cable TAG labels to be changed,PS5-04-05 - 33kV SIS/FGS System,PS5 - Milestone A
PL-004954,Originated,B,I,PS005-E&I-COW-2023 - Cable TAG labels to be changed,PS5-04-05 - 33kV SIS/FGS System,PS5 - Milestone A
PL-004955,Originated,B,I,PS005-E&I-COW-2024 - Cable TAG labels to be changed,PS5-04-05 - 33kV SIS/FGS System,PS5 - Milestone A
PL-004956,Originated,B,I,PS005-E&I-COW-2025 - Cable TAG labels to be changed,PS5-04-05 - 33kV SIS/FGS System,PS5 - Milestone A
PL-004957,Originated,B,I,PS005-E&I-COW-2026 - Cable TAG labels to be changed,PS5-04-05 - 33kV SIS/FGS System,PS5 - Milestone A
PL-004958,Originated,B,I,PS005-E&I-COW-2027 - Cable TAG labels to be changed,PS5-04-05 - 33kV SIS/FGS System,PS5 - Milestone A
PL-004959,Originated,B,I,PS005-E&I-COW-2028 - Cable TAG labels to be changed,PS5-04-05 - 33kV SIS/FGS System,PS5 - Milestone A
PL-004960,Originated,B,I,PS005-E&I-COW-2029 - Cable TAG labels to be changed,PS5-04-05 - 33kV SIS/FGS System,PS5 - Milestone A
PL-004961,Originated,B,I,PS005-E&I-COW-2030 - Cable TAG labels to be changed,PS5-04-05 - 33kV SIS/FGS System,PS5 - Milestone A
PL-004962,Originated,B,I,PS005-E&I-COW-2031 - Cable TAG labels to be changed,PS5-04-05 - 33kV SIS/FGS System,PS5 - Milestone A
PL-004963,Originated,B,I,PS005-E&I-COW-2032 - Cable TAG labels to be changed,PS5-04-05 - 33kV SIS/FGS System,PS5 - Milestone A
PL-004964,Originated,B,I,PS005-E&I-COW-2033 - Cable TAG labels to be changed,PS5-04-05 - 33kV SIS/FGS System,PS5 - Milestone A
PL-004965,Originated,B,I,PS005-E&I-COW-2034 - Cable TAG labels to be changed,PS5-04-05 - 33kV SIS/FGS System,PS5 - Milestone A
PL-004966,Originated,B,I,PS005-E&I-COW-2035 - Cable TAG labels to be changed,PS5-04-04 - 33kV PCS System,PS5 - Milestone A
PL-004967,Originated,B,T,PS005-E&I-COW-2036 - Cable TAG labels to be changed,PS5-04-03 - 33kV ICSS System,PS5 - Milestone A
PL-004968,Originated,B,I,PS005-E&I-COW-2037 - Cable TAG labels to be changed,PS5-04-04 - 33kV PCS System,PS5 - Milestone A
PL-004969,Originated,B,I,PS005-E&I-COW-2038 - Cable TAG labels to be changed,PS5-04-04 - 33kV PCS System,PS5 - Milestone A
PL-004970,Originated,B,I,PS005-E&I-COW-2039 - Cable TAG labels to be changed,PS5-04-04 - 33kV PCS System,PS5 - Milestone A
PL-004971,Originated,B,I,PS005-E&I-COW-2040 - Cable TAG labels to be changed,PS5-04-04 - 33kV PCS System,PS5 - Milestone A
PL-004972,Originated,B,I,PS005-E&I-COW-2041 - Cable TAG labels to be changed,PS5-04-04 - 33kV PCS System,PS5 - Milestone A
PL-004973,Originated,B,I,PS005-E&I-COW-2042 - Cable TAG labels to be changed,PS5-04-04 - 33kV PCS System,PS5 - Milestone A
PL-004974,Originated,B,I,PS005-E&I-COW-2043 - Cable TAG labels to be changed,PS5-04-04 - 33kV PCS System,PS5 - Milestone A
PL-004975,Originated,B,I,PS005-E&I-COW-2044 - Cable TAG labels to be changed,PS5-04-04 - 33kV PCS System,PS5 - Milestone A
PL-004976,Originated,B,I,PS005-E&I-COW-2045 - Cable TAG labels to be changed,PS5-04-04 - 33kV PCS System,PS5 - Milestone A
PL-004977,Originated,B,I,PS005-E&I-COW-2046 - Cable TAG labels to be changed,PS5-04-04 - 33kV PCS System,PS5 - Milestone A
PL-004978,Originated,B,I,PS005-E&I-COW-2047 - Cable TAG labels to be changed,PS5-04-04 - 33kV PCS System,PS5 - Milestone A
PL-004979,Originated,B,I,PS005-E&I-COW-2048 - Cable TAG labels to be changed,PS5-04-04 - 33kV PCS System,PS5 - Milestone A
PL-004980,Originated,B,I,PS005-E&I-COW-2049 - Cable TAG labels to be changed,PS5-04-04 - 33kV PCS System,PS5 - Milestone A
PL-004981,Originated,B,I,PS005-E&I-COW-2050 - Cable TAG labels to be changed,PS5-04-04 - 33kV PCS System,PS5 - Milestone A
PL-004982,Originated,B,I,PS005-E&I-COW-2051 - Cable TAG labels to be changed,PS5-04-04 - 33kV PCS System,PS5 - Milestone A
PL-004983,Originated,B,I,PS005-E&I-COW-2052 - Cable TAG labels to be changed,PS5-04-04 - 33kV PCS System,PS5 - Milestone A
PL-004984,Originated,B,I,PS005-E&I-COW-2053 - Cable TAG labels to be changed,PS5-04-04 - 33kV PCS System,PS5 - Milestone A
PL-004985,Originated,B,I,PS005-E&I-COW-2054 - Cable TAG labels to be changed,PS5-04-04 - 33kV PCS System,PS5 - Milestone A
PL-004986,Originated,B,I,PS005-E&I-COW-2055 - Cable TAG labels to be changed,PS5-04-04 - 33kV PCS System,PS5 - Milestone A
PL-004987,Originated,B,I,PS005-E&I-COW-2056 - Cable TAG labels to be changed,PS5-04-04 - 33kV PCS System,PS5 - Milestone A
PL-004988,Originated,B,I,PS005-E&I-COW-2057 - Cable TAG labels to be changed,PS5-04-04 - 33kV PCS System,PS5 - Milestone A
PL-004989,Originated,B,I,PS005-E&I-COW-2058 - Cable TAG labels to be changed,PS5-04-04 - 33kV PCS System,PS5 - Milestone A
PL-004990,Originated,B,I,PS005-E&I-COW-2059 - Cable TAG labels to be changed,PS5-04-04 - 33kV PCS System,PS5 - Milestone A
PL-004991,Originated,B,I,PS005-E&I-COW-2060 - Cable TAG labels to be changed,PS5-04-04 - 33kV PCS System,PS5 - Milestone A
PL-004992,Originated,B,I,PS005-E&I-COW-2061 - Cable TAG labels to be changed,PS5-04-04 - 33kV PCS System,PS5 - Milestone A
PL-004993,Originated,B,I,PS005-E&I-COW-2062 - Cable TAG labels to be changed,PS5-04-04 - 33kV PCS System,PS5 - Milestone A
PL-004994,Originated,B,I,PS005-E&I-COW-2063 - Cable TAG labels to be changed,PS5-04-04 - 33kV PCS System,PS5 - Milestone A
PL-004995,Originated,B,I,PS005-E&I-COW-2064 - Cable TAG labels to be changed,PS5-04-04 - 33kV PCS System,PS5 - Milestone A
PL-004996,Originated,B,I,PS005-E&I-COW-2065 - Cable TAG labels to be changed,PS5-04-04 - 33kV PCS System,PS5 - Milestone A
PL-004997,Originated,B,I,PS005-E&I-COW-2066 - Cable TAG labels to be changed,PS5-04-04 - 33kV PCS System,PS5 - Milestone A
PL-004998,Originated,B,I,PS005-E&I-COW-2067 - Cable TAG labels to be changed,PS5-04-04 - 33kV PCS System,PS5 - Milestone A
PL-004999,Originated,B,I,PS005-E&I-COW-2068 - Cable TAG labels to be changed,PS5-04-04 - 33kV PCS System,PS5 - Milestone A
PL-005000,Originated,B,I,PS005-E&I-COW-2069 - Cable TAG labels to be changed,PS5-04-04 - 33kV PCS System,PS5 - Milestone A
PL-005001,Originated,B,I,PS005-E&I-COW-2070 - Cable TAG labels to be changed,PS5-04-04 - 33kV PCS System,PS5 - Milestone A
PL-005002,Originated,B,I,PS005-E&I-COW-2071 - Cable TAG labels to be changed,PS5-04-04 - 33kV PCS System,PS5 - Milestone A
PL-005003,Originated,B,I,PS005-E&I-COW-2072 - Cable TAG labels to be changed,PS5-04-04 - 33kV PCS System,PS5 - Milestone A
PL-005004,Originated,B,I,PS005-E&I-COW-2073 - Cable TAG labels to be changed,PS5-04-04 - 33kV PCS System,PS5 - Milestone A
PL-005005,Originated,B,I,PS005-E&I-COW-2074 - Cable TAG labels to be changed,PS5-04-04 - 33kV PCS System,PS5 - Milestone A
PL-005006,Originated,B,I,PS005-E&I-COW-2075 - Cable TAG labels to be changed,PS5-04-04 - 33kV PCS System,PS5 - Milestone A
PL-005007,Originated,B,I,PS005-E&I-COW-2076 - Cable TAG labels to be changed,PS5-04-04 - 33kV PCS System,PS5 - Milestone A
PL-005008,Originated,B,I,PS005-E&I-COW-2077 - Cable TAG labels to be changed,PS5-04-04 - 33kV PCS System,PS5 - Milestone A
PL-005009,Originated,B,I,PS005-E&I-COW-2078 - Cable TAG labels to be changed,PS5-04-04 - 33kV PCS System,PS5 - Milestone A
PL-005010,Originated,B,I,PS005-E&I-COW-2079 - Cable TAG labels to be changed,PS5-04-04 - 33kV PCS System,PS5 - Milestone A
PL-005011,Originated,B,I,PS005-E&I-COW-2080 - Cable TAG labels to be changed,PS5-04-04 - 33kV PCS System,PS5 - Milestone A
PL-005012,Originated,B,I,PS005-E&I-COW-2081 - Cable TAG labels to be changed,PS5-04-04 - 33kV PCS System,PS5 - Milestone A
PL-005013,Originated,B,I,PS005-E&I-COW-2082 - Cable TAG labels to be changed,PS5-04-04 - 33kV PCS System,PS5 - Milestone A
PL-005014,Originated,B,I,PS005-E&I-COW-2083 - Cable TAG labels to be changed,PS5-04-04 - 33kV PCS System,PS5 - Milestone A
PL-005015,Originated,B,I,PS005-E&I-COW-2084 - Cable TAG labels to be changed,PS5-04-04 - 33kV PCS System,PS5 - Milestone A
PL-005016,Originated,B,I,PS005-E&I-COW-2085 - Cable TAG labels to be changed,PS5-04-04 - 33kV PCS System,PS5 - Milestone A
PL-005017,Originated,B,I,PS005-E&I-COW-2086 - Cable TAG labels to be changed,PS5-04-04 - 33kV PCS System,PS5 - Milestone A
PL-005018,Originated,B,I,PS005-E&I-COW-2087 - Cable TAG labels to be changed,PS5-04-04 - 33kV PCS System,PS5 - Milestone A
PL-005019,Originated,B,I,PS005-E&I-COW-2088 - Cable TAG labels to be changed,PS5-04-04 - 33kV PCS System,PS5 - Milestone A
PL-005020,Originated,B,I,PS005-E&I-COW-2089 - Cable TAG labels to be changed,PS5-04-04 - 33kV PCS System,PS5 - Milestone A
PL-005021,Originated,B,I,PS005-E&I-COW-2090 - Cable TAG labels to be changed,PS5-04-04 - 33kV PCS System,PS5 - Milestone A
PL-005022,Originated,B,I,PS005-E&I-COW-2091 - Cable TAG labels to be changed,PS5-04-04 - 33kV PCS System,PS5 - Milestone A
PL-005023,Originated,B,I,PS005-E&I-COW-2092 - Cable TAG labels to be changed,PS5-04-04 - 33kV PCS System,PS5 - Milestone A
PL-005024,Originated,B,E,PS005-E&I-COW-2093 - Cable TAG labels to be changed,PS5-62-12 - EITS 33kV Bld. Emergency L&SP DP - PS5-05-IG-0003,PS5 - Milestone A
PL-005025,Originated,B,E,PS005-E&I-COW-2094 - Cable TAG labels to be changed,PS5-62-12 - EITS 33kV Bld. Emergency L&SP DP - PS5-05-IG-0003,PS5 - Milestone A
PL-005026,Originated,B,T,PS005-E&I-COW-2095 - Cable TAG labels to be changed,PS5-06-01 - AC UPS - EITS Building,PS5 - Milestone A
PL-005027,Originated,B,T,PS005-E&I-COW-2096 - Cable TAG labels to be changed,PS5-06-01 - AC UPS - EITS Building,PS5 - Milestone A
PL-005028,Originated,B,T,PS005-E&I-COW-2097 - Cable TAG labels to be changed,PS5-06-01 - AC UPS - EITS Building,PS5 - Milestone A
PL-005029,Originated,B,T,PS005-E&I-COW-2098 - Cable TAG labels to be changed,PS5-06-01 - AC UPS - EITS Building,PS5 - Milestone A
PL-005030,Originated,B,T,PS005-E&I-COW-2099 - Cable TAG labels to be changed,PS5-08-23 - VHF Trunk Radio System,PS5 - Milestone F
PL-005031,Originated,B,T,PS005-E&I-COW-2100 - Cable TAG labels to be changed,PS5-08-23 - VHF Trunk Radio System,PS5 - Milestone F
PL-005032,Originated,B,T,PS005-E&I-COW-2101 - Cable TAG labels to be changed,PS5-08-23 - VHF Trunk Radio System,PS5 - Milestone F
PL-005033,Originated,B,E,PS005-E&I-COW-2102 - Cable TAG labels to be changed,PS5-09-05 - HVAC for EITS Building,PS5 - Milestone A
PL-005034,Originated,B,I,PS005-E&I-COW-2103 - Cable TAG labels to be changed,PS5-09-05 - HVAC for EITS Building,PS5 - Milestone A
PL-005035,Originated,B,I,PS005-E&I-COW-2104 - Cable TAG labels to be changed,PS5-09-05 - HVAC for EITS Building,PS5 - Milestone A
PL-005036,Originated,B,I,PS005-E&I-COW-2105 - Cable TAG labels to be changed,PS5-09-05 - HVAC for EITS Building,PS5 - Milestone A
PL-005037,Originated,B,T,PS005-E&I-COW-2106 - Cable TAG labels to be changed,PS5-25-02 - Crude Oil Export Pump A,PS5 - Milestone H
PL-005038,Originated,B,E,PS005-E&I-COW-2107 - Cable TAG labels to be changed,PS5-61-08 - Electrical Control System,PS5 - Milestone C
PL-005039,Originated,B,E,PS005-E&I-COW-2108 - Cable TAG labels to be changed,PS5-61-08 - Electrical Control System,PS5 - Milestone C
PL-005040,Originated,B,E,PS005-E&I-COW-2109 - Cable TAG labels to be changed,PS5-62-13 - EITS 33kV Bld. Normal L&SP DP - PS5-61-IG-0003,PS5 - Milestone A
PL-005041,Originated,B,E,PS005-E&I-COW-2110 - Cable TAG labels to be changed,PS5-62-13 - EITS 33kV Bld. Normal L&SP DP - PS5-61-IG-0003,PS5 - Milestone A
PL-005042,Originated,B,T,PS005-E&I-COW-2111 - Cable TAG labels to be changed,PS5-61-01 - 33kV Switchboard EITS Building (PS5-61-IJ-0001),PS5 - Milestone D
PL-005043,Originated,B,T,PS005-E&I-COW-2112 - Cable TAG labels to be changed,PS5-61-01 - 33kV Switchboard EITS Building (PS5-61-IJ-0001),PS5 - Milestone D
PL-005044,Originated,B,T,PS005-E&I-COW-2113 - Cable TAG labels to be changed,PS5-61-01 - 33kV Switchboard EITS Building (PS5-61-IJ-0001),PS5 - Milestone D
PL-005045,Originated,B,T,PS005-E&I-COW-2114 - Cable TAG labels to be changed,PS5-61-01 - 33kV Switchboard EITS Building (PS5-61-IJ-0001),PS5 - Milestone D
PL-005046,Originated,B,T,PS005-E&I-COW-2115 - Cable TAG labels to be changed,PS5-61-01 - 33kV Switchboard EITS Building (PS5-61-IJ-0001),PS5 - Milestone D
PL-005047,Originated,B,T,PS005-E&I-COW-2116 - Cable TAG labels to be changed,PS5-61-01 - 33kV Switchboard EITS Building (PS5-61-IJ-0001),PS5 - Milestone D
PL-005048,Originated,B,T,PS005-E&I-COW-2117 - Cable TAG labels to be changed,PS5-61-01 - 33kV Switchboard EITS Building (PS5-61-IJ-0001),PS5 - Milestone D
PL-005049,Originated,B,E,PS005-E&I-COW-2118 - Cable TAG labels to be changed,PS5-61-01 - 33kV Switchboard EITS Building (PS5-61-IJ-0001),PS5 - Milestone D
PL-005050,Originated,B,E,PS005-E&I-COW-2119 - Cable TAG labels to be changed,PS5-61-01 - 33kV Switchboard EITS Building (PS5-61-IJ-0001),PS5 - Milestone D
PL-005051,Originated,B,E,PS005-E&I-COW-2120 - Cable TAG labels to be changed,PS5-61-01 - 33kV Switchboard EITS Building (PS5-61-IJ-0001),PS5 - Milestone D
PL-005052,Originated,B,E,PS005-E&I-COW-2121 - Cable TAG labels to be changed,PS5-61-01 - 33kV Switchboard EITS Building (PS5-61-IJ-0001),PS5 - Milestone D
PL-005053,Originated,B,E,PS005-E&I-COW-2122 - Cable TAG labels to be changed,PS5-61-01 - 33kV Switchboard EITS Building (PS5-61-IJ-0001),PS5 - Milestone D
PL-005054,Originated,B,E,PS005-E&I-COW-2123 - Cable TAG labels to be changed,PS5-61-01 - 33kV Switchboard EITS Building (PS5-61-IJ-0001),PS5 - Milestone D
PL-005055,Originated,B,E,PS005-E&I-COW-2124 - Cable TAG labels to be changed,PS5-61-01 - 33kV Switchboard EITS Building (PS5-61-IJ-0001),PS5 - Milestone D
PL-005056,Originated,B,E,PS005-E&I-COW-2125 - Cable TAG labels to be changed,PS5-61-01 - 33kV Switchboard EITS Building (PS5-61-IJ-0001),PS5 - Milestone D
PL-005057,Originated,B,E,PS005-E&I-COW-2126 - Cable TAG labels to be changed,PS5-61-01 - 33kV Switchboard EITS Building (PS5-61-IJ-0001),PS5 - Milestone D
PL-005058,Originated,B,E,PS005-E&I-COW-2127 - Cable TAG labels to be changed,PS5-61-01 - 33kV Switchboard EITS Building (PS5-61-IJ-0001),PS5 - Milestone D
PL-005059,Originated,B,E,PS005-E&I-COW-2128 - Cable TAG labels to be changed,PS5-61-01 - 33kV Switchboard EITS Building (PS5-61-IJ-0001),PS5 - Milestone D
PL-005060,Originated,B,E,PS005-E&I-COW-2129 - Cable TAG labels to be changed,PS5-61-01 - 33kV Switchboard EITS Building (PS5-61-IJ-0001),PS5 - Milestone D
PL-005061,Originated,B,E,PS005-E&I-COW-2130 - Cable TAG labels to be changed,PS5-61-01 - 33kV Switchboard EITS Building (PS5-61-IJ-0001),PS5 - Milestone D
PL-005062,Originated,B,E,PS005-E&I-COW-2131 - Cable TAG labels to be changed,PS5-61-01 - 33kV Switchboard EITS Building (PS5-61-IJ-0001),PS5 - Milestone D
PL-005063,Originated,B,E,PS005-E&I-COW-2132 - Cable TAG labels to be changed,PS5-61-01 - 33kV Switchboard EITS Building (PS5-61-IJ-0001),PS5 - Milestone D
PL-005064,Originated,B,E,PS005-E&I-COW-2133 - Cable TAG labels to be changed,PS5-61-01 - 33kV Switchboard EITS Building (PS5-61-IJ-0001),PS5 - Milestone D
PL-005065,Originated,B,E,PS005-E&I-COW-2134 - Cable TAG labels to be changed,PS5-61-01 - 33kV Switchboard EITS Building (PS5-61-IJ-0001),PS5 - Milestone D
PL-005066,Originated,B,E,PS005-E&I-COW-2135 - Cable TAG labels to be changed,PS5-61-01 - 33kV Switchboard EITS Building (PS5-61-IJ-0001),PS5 - Milestone D
PL-005067,Originated,B,E,PS005-E&I-COW-2136 - Cable TAG labels to be changed,PS5-61-01 - 33kV Switchboard EITS Building (PS5-61-IJ-0001),PS5 - Milestone D
PL-005068,Originated,B,E,PS005-E&I-COW-2137 - Cable TAG labels to be changed,PS5-61-01 - 33kV Switchboard EITS Building (PS5-61-IJ-0001),PS5 - Milestone D
PL-005069,Originated,B,E,PS005-E&I-COW-2138 - Cable TAG labels to be changed,PS5-61-01 - 33kV Switchboard EITS Building (PS5-61-IJ-0001),PS5 - Milestone D
PL-005070,Originated,B,E,PS005-E&I-COW-2139 - Cable TAG labels to be changed,PS5-61-01 - 33kV Switchboard EITS Building (PS5-61-IJ-0001),PS5 - Milestone D
PL-005071,Originated,B,E,PS005-E&I-COW-2140 - Cable TAG labels to be changed,PS5-61-01 - 33kV Switchboard EITS Building (PS5-61-IJ-0001),PS5 - Milestone D
PL-005072,Originated,B,E,PS005-E&I-COW-2141 - Cable TAG labels to be changed,PS5-61-01 - 33kV Switchboard EITS Building (PS5-61-IJ-0001),PS5 - Milestone D
PL-005073,Originated,B,E,PS005-E&I-COW-2142 - Cable TAG labels to be changed,PS5-61-01 - 33kV Switchboard EITS Building (PS5-61-IJ-0001),PS5 - Milestone D
PL-005074,Originated,B,E,PS005-E&I-COW-2143 - Cable TAG labels to be changed,PS5-61-01 - 33kV Switchboard EITS Building (PS5-61-IJ-0001),PS5 - Milestone D
PL-005075,Originated,B,E,PS005-E&I-COW-2144 - Cable TAG labels to be changed,PS5-61-01 - 33kV Switchboard EITS Building (PS5-61-IJ-0001),PS5 - Milestone D
PL-005076,Originated,B,E,PS005-E&I-COW-2145 - Cable TAG labels to be changed,PS5-61-01 - 33kV Switchboard EITS Building (PS5-61-IJ-0001),PS5 - Milestone D
PL-005077,Originated,B,E,PS005-E&I-COW-2146 - Cable TAG labels to be changed,PS5-61-01 - 33kV Switchboard EITS Building (PS5-61-IJ-0001),PS5 - Milestone D
PL-005078,Originated,B,E,PS005-E&I-COW-2147 - Cable TAG labels to be changed,PS5-61-01 - 33kV Switchboard EITS Building (PS5-61-IJ-0001),PS5 - Milestone D
PL-005079,Originated,B,E,PS005-E&I-COW-2148 - Cable TAG labels to be changed,PS5-61-01 - 33kV Switchboard EITS Building (PS5-61-IJ-0001),PS5 - Milestone D
PL-005080,Originated,B,E,PS005-E&I-COW-2149 - Cable TAG labels to be changed,PS5-61-01 - 33kV Switchboard EITS Building (PS5-61-IJ-0001),PS5 - Milestone D
PL-005081,Originated,B,E,PS005-E&I-COW-2150 - Cable TAG labels to be changed,PS5-61-01 - 33kV Switchboard EITS Building (PS5-61-IJ-0001),PS5 - Milestone D
PL-005082,Originated,B,T,PS005-E&I-COW-2151 - Cable TAG labels to be changed,PS5-61-02 - 6.6kV Switchboard and Transformer LLHT North - EITS Building (PS5-61-IJ-0010),PS5 - Milestone G
PL-005083,Originated,B,T,PS005-E&I-COW-2152 - Cable TAG labels to be changed,PS5-61-02 - 6.6kV Switchboard and Transformer LLHT North - EITS Building (PS5-61-IJ-0010),PS5 - Milestone G
PL-005084,Originated,B,T,PS005-E&I-COW-2153 - Cable TAG labels to be changed,PS5-61-03 - 6.6kV Switchboard and Transformer LLHT South - EITS Building (PS5-61-IJ-0011),PS5 - Milestone G
PL-005085,Originated,B,T,PS005-E&I-COW-2154 - Cable TAG labels to be changed,PS5-61-03 - 6.6kV Switchboard and Transformer LLHT South - EITS Building (PS5-61-IJ-0011),PS5 - Milestone G
PL-005086,Originated,B,E,PS005-E&I-COW-2155 - Cable TAG labels to be changed,PS5-61-03 - 6.6kV Switchboard and Transformer LLHT South - EITS Building (PS5-61-IJ-0011),PS5 - Milestone G
PL-005087,Originated,B,T,PS005-E&I-COW-2156 - Cable TAG labels to be changed,PS5-61-07 - 0.4kV Switchboard EITS Building (PS5-61-IK-0001),PS5 - Milestone A
PL-005088,Originated,B,T,PS005-E&I-COW-2157 - Cable TAG labels to be changed,PS5-61-07 - 0.4kV Switchboard EITS Building (PS5-61-IK-0001),PS5 - Milestone A
PL-005089,Originated,B,T,PS005-E&I-COW-2158 - Cable TAG labels to be changed,PS5-61-07 - 0.4kV Switchboard EITS Building (PS5-61-IK-0001),PS5 - Milestone A
PL-005090,Originated,B,T,PS005-E&I-COW-2159 - Cable TAG labels to be changed,PS5-61-07 - 0.4kV Switchboard EITS Building (PS5-61-IK-0001),PS5 - Milestone A
PL-005091,Originated,B,T,PS005-E&I-COW-2160 - Cable TAG labels to be changed,PS5-61-07 - 0.4kV Switchboard EITS Building (PS5-61-IK-0001),PS5 - Milestone A
PL-005092,Originated,B,E,PS005-E&I-COW-2161 - Cable TAG labels to be changed,PS5-61-07 - 0.4kV Switchboard EITS Building (PS5-61-IK-0001),PS5 - Milestone A
PL-005093,Originated,B,E,PS005-E&I-COW-2162 - Cable TAG labels to be changed,PS5-61-07 - 0.4kV Switchboard EITS Building (PS5-61-IK-0001),PS5 - Milestone A
PL-005094,Originated,B,E,PS005-E&I-COW-2163 - Cable TAG labels to be changed,PS5-61-07 - 0.4kV Switchboard EITS Building (PS5-61-IK-0001),PS5 - Milestone A
PL-005095,Originated,B,E,PS005-E&I-COW-2164 - Cable TAG labels to be changed,PS5-61-07 - 0.4kV Switchboard EITS Building (PS5-61-IK-0001),PS5 - Milestone A
PL-005096,Originated,B,E,PS005-E&I-COW-2165 - Cable TAG labels to be changed,PS5-61-07 - 0.4kV Switchboard EITS Building (PS5-61-IK-0001),PS5 - Milestone A
PL-005097,Originated,B,E,PS005-E&I-COW-2166 - Cable TAG labels to be changed,PS5-61-07 - 0.4kV Switchboard EITS Building (PS5-61-IK-0001),PS5 - Milestone A
PL-005098,Originated,B,I,PS005-E&I-COW-2167 - Cable TAG labels to be changed,PS5-71-01 - CFO Storage Tank Feed Heater,PS5 - Milestone H
PL-005099,Originated,B,I,PS005-E&I-COW-2168 - Cable TAG labels to be changed,PS5-71-01 - CFO Storage Tank Feed Heater,PS5 - Milestone H
PL-005100,Originated,B,I,PS005-E&I-COW-2169 - Cable TAG labels to be changed,PS5-71-01 - CFO Storage Tank Feed Heater,PS5 - Milestone H
PL-005101,Originated,B,I,PS005-E&I-COW-2170 - Cable TAG labels to be changed,PS5-71-01 - CFO Storage Tank Feed Heater,PS5 - Milestone H
PL-005182,Originated,B,M,Internal piping within the skid to be completed & reinstated,PS5-01-05 - Foam Skid,PS5 - Milestone F
PL-005183,Originated,B,M,OSD points to be cleared and closed,PS5-01-05 - Foam Skid,PS5 - Milestone F
PL-005184,Originated,C,M,Touch up painting to be completed,PS5-01-05 - Foam Skid,PS5 - Milestone F
PL-005252,Closed,A,M,Opening of cage ladder fabricated in the wrong direction. To be corrected as per drawing (requirement),PS5-53-01 - Utility Water / Storage Tank,PS5 - Milestone C
PL-005263,Originated,B,P,10:FINAL PIPING CONNECTION AND REINSTATEMENT TO BE COMPLETED AFTER HT(descipiline-piping),PS5-60-35 - Injector Tip Cooling Module A,PS5 - Milestone B
PL-005265,Originated,B,P,10.1:FINAL PIPING CONNECTION AND REINSTATEMENT TO BE COMPLETED AFTER HT(descipiline-piping),PS5-60-36 - Injector Tip Cooling Module B,PS5 - Milestone B
PL-005266,Originated,B,P,10:FINAL PIPING CONNECTION AND REINSTATEMENT TO BE COMPLETED AFTER HT(descipiline-piping),PS5-60-37 - Injector Tip Cooling Module C,PS5 - Milestone D
PL-005267,Originated,B,P,10:FINAL PIPING CONNECTION AND REINSTATEMENT TO BE COMPLETED AFTER HT(descipiline-piping),PS5-60-38 - Injector Tip Cooling Module D,PS5 - Milestone D
PL-005268,Originated,B,P,10:FINAL PIPING CONNECTION AND REINSTATEMENT TO BE COMPLETED AFTER HT(descipiline-piping),PS5-60-39 - Injector Tip Cooling Module E,PS5 - Milestone D
PL-005269,Originated,B,P,10:FINAL PIPING CONNECTION AND REINSTATEMENT TO BE COMPLETED AFTER HT(descipiline-piping),PS5-60-40 - Injector Tip Cooling Module F,PS5 - Milestone D
PL-005270,Originated,B,P,10:FINAL PIPING CONNECTION AND REINSTATEMENT TO BE COMPLETED AFTER HT(descipiline-piping),PS5-60-41 - Injector Tip Cooling Module G,PS5 - Milestone E
PL-005299,Originated,B,E,23.1: EARTHING TO BE DONE,PS5-60-30 - Air Receiver C & Air Regulator C,PS5 - Milestone D
PL-005300,Originated,B,E,7 points are not terminated.,PS5-63-01 - Electrical Earthing,PS5 - Milestone A
PL-005308,Originated,A,E,Temporary cable ties to be replaced by permanent trefoil cleats once available at site,PS5-60-01 - Power Generation Package A,PS5 - Milestone B
PL-005309,Originated,A,E,Temporary cable ties to be replaced by permanent trefoil cleats once available at site,PS5-60-01 - Power Generation Package A,PS5 - Milestone B
PL-005310,Originated,A,E,Temporary cable ties to be replaced by permanent trefoil cleats once available at site,PS5-60-01 - Power Generation Package A,PS5 - Milestone B
PL-005311,Originated,A,E,Temporary cable ties to be replaced by permanent trefoil cleats once available at site,PS5-60-04 - Power Generation Package B,PS5 - Milestone B
PL-005312,Originated,A,E,Temporary cable ties to be replaced by permanent trefoil cleats once available at site,PS5-60-04 - Power Generation Package B,PS5 - Milestone B
PL-005313,Originated,A,E,Temporary cable ties to be replaced by permanent trefoil cleats once available at site,PS5-60-04 - Power Generation Package B,PS5 - Milestone B
PL-005314,Originated,A,E,Temporary cable ties to be replaced by permanent trefoil cleats once available at site,PS5-60-07 - Power Generation Package C,PS5 - Milestone D
PL-005315,Originated,A,E,Temporary cable ties to be replaced by permanent trefoil cleats once available at site,PS5-60-07 - Power Generation Package C,PS5 - Milestone D
PL-005318,Originated,A,E,Temporary cable ties to be replaced by permanent trefoil cleats once available at site,PS5-60-07 - Power Generation Package C,PS5 - Milestone D
PL-005412,Originated,B,E,"PS006-E&I-COW-2187 - INCOMERS: INCOMER A, B AND C MCT CONFIGURATION DOES NOT FIT THE FIELD CABLE SCHEDULE PROVIDED BY EPS IN DESIGN DOSSIER",PS6-61-04 - 0.4kV Switchboard EITS Building (PS6-61-IK-0001),PS6 - Milestone A
PL-005415,Originated,A,E,PS005-E&I-COW-2194 - CTs and secondary wiring are not installed in side CT Box,PS5-61-01 - 33kV Switchboard EITS Building (PS5-61-IJ-0001),PS5 - Milestone D
PL-005420,Originated,C,H,"PS006-HVA-ALL-PL-0552 - Writen Size At Name Plate 625x650, Actual size 1350x650, nameplate to be update",PS6-09-04 - HVAC for EITS Building,PS6 - Milestone C
PL-005421,Originated,C,H,"PS006-HVA-ALL-PL-0553 - Writen Size At Name Plate 645x650, Actual size 1350x650, nameplate to be update",PS6-09-04 - HVAC for EITS Building,PS6 - Milestone C
PL-005428,Originated,A,I,"PS005-E&I-ALL-PL-2611 - Remaining ITR to be Completed at Site as per list :
PS5-06-GU-0001-CC03 INSTRUMENTATION CABLE",PS5-06-01 - AC UPS - EITS Building,PS5 - Milestone A
PL-005429,Originated,A,I,"PS005-E&I-ALL-PL-2611 - Remaining ITR to be Completed at Site as per list :
PS5-06-GU-0001-CC04 INSTRUMENTATION CABLE",PS5-06-01 - AC UPS - EITS Building,PS5 - Milestone A
PL-005430,Originated,A,I,"PS005-E&I-ALL-PL-2611 - Remaining ITR to be Completed at Site as per list :
PS5-06-GU-0001-CJ01 INSTRUMENTATION CABLE",PS5-06-01 - AC UPS - EITS Building,PS5 - Milestone A
PL-005431,Originated,A,I,"PS005-E&I-ALL-PL-2611 - Remaining ITR to be Completed at Site as per list :
PS5-06-GU-0001-CJ02 INSTRUMENTATION CABLE",PS5-06-01 - AC UPS - EITS Building,PS5 - Milestone A
PL-005432,Originated,A,I,"PS005-E&I-ALL-PL-2611 - Remaining ITR to be Completed at Site as per list :
PS5-08-01IO-1004-CJ01 (HOLD)  INSTRUMENTATION CABLE",PS5-08-13 - Safety Data Network (SII SP3 SAF),PS5 - Milestone C
PL-005466,Originated,B,E,PS006-E&I-COW-2176 - CUBICLE : CABLE SUPPORT MISSING AND CABLE ARRANGMENT TO BE REWORKED - PS5-61-IK-0001-C01,PS6-61-04 - 0.4kV Switchboard EITS Building (PS6-61-IK-0001),PS6 - Milestone A
PL-005479,Originated,A,E,Temporary cable ties to be replaced by permanent trefoil cleats once available at site,PS5-60-10 - Power Generation Package D,PS5 - Milestone D
PL-005480,Originated,A,E,Temporary cable ties to be replaced by permanent trefoil cleats once available at site,PS5-60-10 - Power Generation Package D,PS5 - Milestone D
PL-005481,Originated,A,E,Temporary cable ties to be replaced by permanent trefoil cleats once available at site,PS5-60-10 - Power Generation Package D,PS5 - Milestone D
PL-005484,Originated,B,M,10:FINAL PIPING CONNECTION AND REINSTATEMENT TO BE COMPLETED AFTER HT(descipiline-piping),PS5-74-01 - N2 Generation Skid,PS5 - Milestone F
PL-005485,Originated,A,E,Temporary cable ties to be replaced by permanent trefoil cleats once available at site,PS5-60-13 - Power Generation Package E,PS5 - Milestone D
PL-005487,Closed,A,M,10.1: BROKEN SPOOL TO BE REPLACED,PS5-74-01 - N2 Generation Skid,PS5 - Milestone F
PL-005488,Originated,A,E,Temporary cable ties to be replaced by permanent trefoil cleats once available at site,PS5-60-13 - Power Generation Package E,PS5 - Milestone D
PL-005489,Originated,A,E,Temporary cable ties to be replaced by permanent trefoil cleats once available at site,PS5-60-13 - Power Generation Package E,PS5 - Milestone D
PL-005490,Originated,A,E,Temporary cable ties to be replaced by permanent trefoil cleats once available at site,PS5-60-16 - Power Generation Package F,PS5 - Milestone D
PL-005491,Originated,A,E,Temporary cable ties to be replaced by permanent trefoil cleats once available at site,PS5-60-16 - Power Generation Package F,PS5 - Milestone D
PL-005492,Originated,A,E,Temporary cable ties to be replaced by permanent trefoil cleats once available at site,PS5-60-16 - Power Generation Package F,PS5 - Milestone D
PL-005493,Originated,A,E,Temporary cable ties to be replaced by permanent trefoil cleats once available at site,PS5-60-19 - Power Generation Package G,PS5 - Milestone E
PL-005494,Originated,A,E,Temporary cable ties to be replaced by permanent trefoil cleats once available at site,PS5-60-19 - Power Generation Package G,PS5 - Milestone E
PL-005495,Originated,A,E,Temporary cable ties to be replaced by permanent trefoil cleats once available at site,PS5-60-19 - Power Generation Package G,PS5 - Milestone E
PL-005535,Originated,A,E,Temporary cable ties to be replaced by permanent trefoil cleats once available at site,PS5-25-02 - Crude Oil Export Pump A,PS5 - Milestone H
PL-005536,Originated,A,E,Temporary cable ties to be replaced by permanent trefoil cleats once available at site,PS5-25-02 - Crude Oil Export Pump A,PS5 - Milestone H
PL-005537,Originated,A,E,Temporary cable ties to be replaced by permanent trefoil cleats once available at site,PS5-25-02 - Crude Oil Export Pump A,PS5 - Milestone H
PL-005538,Originated,A,E,Temporary cable ties to be replaced by permanent trefoil cleats once available at site,PS5-25-02 - Crude Oil Export Pump A,PS5 - Milestone H
PL-005539,Originated,A,E,Temporary cable ties to be replaced by permanent trefoil cleats once available at site,PS5-25-02 - Crude Oil Export Pump A,PS5 - Milestone H
PL-005540,Originated,A,E,Temporary cable ties to be replaced by permanent trefoil cleats once available at site,PS5-25-02 - Crude Oil Export Pump A,PS5 - Milestone H
PL-005541,Originated,A,E,Temporary cable ties to be replaced by permanent trefoil cleats once available at site,PS5-25-03 - Crude Oil Export Pump B,PS5 - Milestone H
PL-005542,Originated,A,E,Temporary cable ties to be replaced by permanent trefoil cleats once available at site,PS5-25-03 - Crude Oil Export Pump B,PS5 - Milestone H
PL-005543,Originated,A,E,Temporary cable ties to be replaced by permanent trefoil cleats once available at site,PS5-25-03 - Crude Oil Export Pump B,PS5 - Milestone H
PL-005545,Originated,A,M,CPP USE 15W40 FOR BEARING LUBRICATION INSTEAD OF vg32,PS5-28-08 - Open Drain Sump and Pumps,PS5 - Milestone G
PL-005546,Originated,A,M,CPP USE 15W40 FOR BEARING LUBRICATION INSTEAD OF vg32,PS5-28-08 - Open Drain Sump and Pumps,PS5 - Milestone G
PL-005547,Originated,A,M,CPP USE 15W40 FOR BEARING LUBRICATION INSTEAD OF vg32,PS5-28-08 - Open Drain Sump and Pumps,PS5 - Milestone G
PL-005558,Originated,A,E,Temporary cable ties to be replaced by permanent trefoil cleats once available at site,PS5-25-03 - Crude Oil Export Pump B,PS5 - Milestone H
PL-005559,Originated,A,E,Temporary cable ties to be replaced by permanent trefoil cleats once available at site,PS5-25-03 - Crude Oil Export Pump B,PS5 - Milestone H
PL-005560,Originated,A,E,Temporary cable ties to be replaced by permanent trefoil cleats once available at site,PS5-25-03 - Crude Oil Export Pump B,PS5 - Milestone H
PL-005561,Originated,A,E,Temporary cable ties to be replaced by permanent trefoil cleats once available at site,PS5-25-04 - Crude Oil Export Pump C,PS5 - Milestone H
PL-005562,Originated,A,E,Temporary cable ties to be replaced by permanent trefoil cleats once available at site,PS5-25-04 - Crude Oil Export Pump C,PS5 - Milestone H
PL-005563,Originated,A,E,Temporary cable ties to be replaced by permanent trefoil cleats once available at site,PS5-25-04 - Crude Oil Export Pump C,PS5 - Milestone H
PL-005564,Originated,A,E,Temporary cable ties to be replaced by permanent trefoil cleats once available at site,PS5-25-04 - Crude Oil Export Pump C,PS5 - Milestone H
PL-005565,Originated,A,E,Temporary cable ties to be replaced by permanent trefoil cleats once available at site,PS5-25-04 - Crude Oil Export Pump C,PS5 - Milestone H
PL-005566,Originated,A,E,Temporary cable ties to be replaced by permanent trefoil cleats once available at site,PS5-25-04 - Crude Oil Export Pump C,PS5 - Milestone H
PL-005571,Originated,A,E,Leveling and cleaning of the floor and cable trays/ladders,PS5-83-01 - EITS Building,PS5 - Milestone A
PL-005572,Originated,B,E,Corrosion need to be removed,PS5-83-01 - EITS Building,PS5 - Milestone A
PL-005574,Originated,A,E,Hold down Clamp not Installed yet,PS5-83-01 - EITS Building,PS5 - Milestone A
PL-005575,Originated,B,E,Earth jumper not installed completely,PS5-83-01 - EITS Building,PS5 - Milestone A
PL-005751,Originated,B,H,"PS005-E&I-ALL-PL-2596 - HVAC UCP is unable to read PDT-0004/0005 value correctly dut to oversized scale 0-300psi. (current value: High: 62210 Pa, Low:-62210Pa, Low alarm: 50 Pa)",PS5-09-05 - HVAC for EITS Building,PS5 - Milestone A
PL-005752,Originated,B,H,"PS005-HVA-ALL-PL-2595 - Temporary banner for ""Force run time"" to be deleted",PS5-09-05 - HVAC for EITS Building,PS5 - Milestone A
PL-005753,Originated,B,H,PS005-HVA-ALL-PL-2597 - The latested PLC program to be implemented and to be performed demonstration on site,PS5-09-05 - HVAC for EITS Building,PS5 - Milestone A
PL-005754,Originated,B,H,PS005-HVA-ALL-PL-2599 - TSH alarm tag to be provided,PS5-09-05 - HVAC for EITS Building,PS5 - Milestone A
PL-005755,Originated,B,H,PS005-HVA-ALL-PL-2600 - Extract Fan PDT-0003/0004 High / Low Set point to be validated and set accordingly,PS5-09-05 - HVAC for EITS Building,PS5 - Milestone A
PL-005756,Originated,B,H,PS005-HVA-ALL-PL-2602 - HVAC UCP Heater function to be demonstrated (2.3 Pre iFAT Power up tests and checks),PS5-09-05 - HVAC for EITS Building,PS5 - Milestone A
PL-005757,Originated,B,H,"PS006-E&I-ALL-PL-0537 - HVAC UCP is unable to read PDT-0003/0004 value correctly dut to oversized scale 0-300psi. (current value: High: 62210 Pa, Low:-62210Pa, Low alarm: 50 Pa)",PS6-09-04 - HVAC for EITS Building,PS6 - Milestone C
PL-005758,Originated,B,H,PS006-HVA-ALL-PL-0538 - The latested PLC program to be implemented and to be performed demonstration on site,PS6-09-04 - HVAC for EITS Building,PS6 - Milestone C
PL-005759,Originated,B,H,PS006-HVA-ALL-PL-0540 - TSH alarm tag to be provided,PS6-09-04 - HVAC for EITS Building,PS6 - Milestone C
PL-005760,Originated,B,H,PS006-HVA-ALL-PL-0541 - Extract Fan PDT-0003/0004 High / Low Set point to be validated and set accordingly,PS6-09-04 - HVAC for EITS Building,PS6 - Milestone C
PL-005769,Closed,B,M,4:The relief drum tag number is not correct to be rectified(Required PS5-28-VK-1200 but received as PS4-28-VK-1200),PS5-28-06 - Relief Drum and Pump,PS5 - Milestone G
PL-006055,Closed,A,E,Cable to be connected,PS5-05-01 - Emergency Diesel Generator Package,PS5 - Milestone C
PL-006056,Closed,A,E,Cable to be connected,PS5-25-01 - Export Pipeline Pig Receiver,PS5 - Milestone H
PL-006058,Closed,A,E,Cable to be connected,PS5-25-07 - Export Pipeline Pig Launcher,PS5 - Milestone H
PL-006061,Closed,A,E,Cable to be connected,PS5-25-02 - Crude Oil Export Pump A,PS5 - Milestone H
PL-006062,Closed,A,E,Cable to be connected,PS5-25-03 - Crude Oil Export Pump B,PS5 - Milestone H
PL-006063,Closed,A,E,Cable to be connected,PS5-25-04 - Crude Oil Export Pump C,PS5 - Milestone H
PL-006064,Closed,A,E,Cable to be connected .,PS5-25-02 - Crude Oil Export Pump A,PS5 - Milestone H
PL-006065,Closed,A,E,Cable to be connected,PS5-25-03 - Crude Oil Export Pump B,PS5 - Milestone H
PL-006066,Closed,A,E,Cable to be connected,PS5-25-04 - Crude Oil Export Pump C,PS5 - Milestone H
PL-006067,Closed,A,E,Cable to be connected,PS5-28-13 - Seal Oil Drain Drum & Pump A,PS5 - Milestone H
PL-006068,Closed,A,E,Cable to be connected,PS5-61-06 - 0.4kV Switchboard Power Generator Building (PS5-61-IK-0006),PS5 - Milestone D
PL-006069,Closed,A,E,Cable to be connected,PS5-61-06 - 0.4kV Switchboard Power Generator Building (PS5-61-IK-0006),PS5 - Milestone D
PL-006070,Closed,A,E,Cable to be connected,PS5-61-06 - 0.4kV Switchboard Power Generator Building (PS5-61-IK-0006),PS5 - Milestone D
PL-006071,Closed,A,E,Cable to be connected,PS5-61-06 - 0.4kV Switchboard Power Generator Building (PS5-61-IK-0006),PS5 - Milestone D
PL-006072,Closed,A,E,Cable to be connected,PS5-62-01 - Lighting Control Panel - PS5-62-IE-0001,PS5 - Milestone G
PL-006073,Closed,A,E,Cable to be connected .,PS5-71-01 - CFO Storage Tank Feed Heater,PS5 - Milestone H
PL-006074,Closed,A,E,Cable to be connected,PS5-71-01 - CFO Storage Tank Feed Heater,PS5 - Milestone H
PL-006090,Closed,A,E,Cable to be connected,PS5-25-02 - Crude Oil Export Pump A,PS5 - Milestone H
PL-006091,Closed,A,E,Cable to be connected,PS5-25-03 - Crude Oil Export Pump B,PS5 - Milestone H
PL-006092,Closed,A,E,Cable to be connected,PS5-25-04 - Crude Oil Export Pump C,PS5 - Milestone H
PL-006093,Closed,A,E,Cable to be connected,PS5-62-01 - Lighting Control Panel - PS5-62-IE-0001,PS5 - Milestone G
PL-006094,Closed,A,E,Cable to be connected,PS5-25-02 - Crude Oil Export Pump A,PS5 - Milestone H
PL-006097,Closed,A,E,Cable to be connected,PS5-25-03 - Crude Oil Export Pump B,PS5 - Milestone H
PL-006100,Closed,A,E,Cable to be connected,PS5-25-04 - Crude Oil Export Pump C,PS5 - Milestone H
PL-006126,Closed,A,M,"4:Oil leakage spilled on the bottom of the Air release plug cover, Integrated Safety Detector (DMCR) and at the top of the Transformer oil tank",PS6-61-04 - 0.4kV Switchboard EITS Building (PS6-61-IK-0001),PS6 - Milestone A
PL-006127,Closed,A,M,"4.1:Incomplete welding, poor weld surface finish observed on the different parts/components of the transfomer box i.e Lifting lugs,radiator support, LV Cable box etc.",PS6-61-04 - 0.4kV Switchboard EITS Building (PS6-61-IK-0001),PS6 - Milestone A
PL-006128,Closed,A,M,4.2:Bending of transformer radiator support,PS6-61-04 - 0.4kV Switchboard EITS Building (PS6-61-IK-0001),PS6 - Milestone A
PL-006129,Closed,A,M,4.3: Missing rivet for Rating and Terminal marking plate,PS6-61-04 - 0.4kV Switchboard EITS Building (PS6-61-IK-0001),PS6 - Milestone A
PL-006130,Closed,A,M,4.4:Bending of plate cover and improper tightening of the bolt for LV Cable box packing plate and oil tank cover plate,PS6-61-04 - 0.4kV Switchboard EITS Building (PS6-61-IK-0001),PS6 - Milestone A
PL-006131,Closed,A,M,4.5:No calibration sticker not found on the gauge and found reading flactuation,PS6-61-04 - 0.4kV Switchboard EITS Building (PS6-61-IK-0001),PS6 - Milestone A
PL-006132,Closed,A,M,4:No calibration sticker found on the gauge and found reading flactuation,PS6-61-04 - 0.4kV Switchboard EITS Building (PS6-61-IK-0001),PS6 - Milestone A
PL-006133,Closed,A,M,4.1:Oil leakage Observed below the Transportation Oil level gauge,PS6-61-04 - 0.4kV Switchboard EITS Building (PS6-61-IK-0001),PS6 - Milestone A
PL-006134,Closed,A,M,"4.2:Incomplete welding, poor weld surface finish observed on the different parts/components of the transfomer box i.e Lifting lugs,radiator support, LV Cable box etc",PS6-61-04 - 0.4kV Switchboard EITS Building (PS6-61-IK-0001),PS6 - Milestone A
PL-006137,Closed,A,M,"4.3:Oil leakage spilled on the bottom of the Air release plug cover, Integrated Safety Detector (DMCR) and at the top of the Transformer oil tank",PS6-61-04 - 0.4kV Switchboard EITS Building (PS6-61-IK-0001),PS6 - Milestone A
PL-006138,Closed,A,M,4.4:Bending of transformer radiator support,PS6-61-04 - 0.4kV Switchboard EITS Building (PS6-61-IK-0001),PS6 - Milestone A
PL-006140,Closed,A,M,"4.5:Bending of plate cover and improper tightening of the bolt for LV Cable box seat, and oil tank cover",PS6-61-04 - 0.4kV Switchboard EITS Building (PS6-61-IK-0001),PS6 - Milestone A
PL-006142,Closed,A,M,Platform structure middle member of cfo service tank is not matching with gratings and connected drawing. To be modified,PS5-71-12 - CFO Service Tank,PS5 - Milestone H
PL-006193,Closed,A,E,Cable to be connected,PS5-25-03 - Crude Oil Export Pump B,PS5 - Milestone H
PL-006215,Originated,B,E,PS005-E&I-COW-1126 - ALL CUBICLES: FINAL PROTECTION SETTINGS ARE NOT SET.,PS5-61-01 - 33kV Switchboard EITS Building (PS5-61-IJ-0001),PS5 - Milestone D
PL-006216,Originated,B,E,PS006-E&I-COW-1127 - ALL CUBICLES: FINAL PROTECTION SETTINGS ARE NOT SET.,PS6-61-01 - 33kV Switchboard EITS Building (PS6-61-IJ-0001),PS6 - Milestone D
PL-006242,Originated,B,E,PS6-E&I-COW-1157 - ALL CUBICLES SM6 : FINAL PROTECTION SETTINGS ARE NOT SET.,PS6-61-02 - 6.6kV Switchboard and Transformer LLHT North - EITS Building (PS6-61-IJ-0010),PS6 - Milestone F
PL-006243,Originated,B,E,PS6-E&I-COW-1158 - ALL CUBICLES SM6 : FINAL PROTECTION SETTINGS ARE NOT SET.,PS6-61-02 - 6.6kV Switchboard and Transformer LLHT North - EITS Building (PS6-61-IJ-0010),PS6 - Milestone F
PL-006253,Originated,B,E,PS005-E&I-COW-1172 - INCOMERS: FINAL PROTECTION SETTINGS ARE NOT SET.,PS5-61-07 - 0.4kV Switchboard EITS Building (PS5-61-IK-0001),PS5 - Milestone A
PL-006254,Originated,B,E,PS006-E&I-COW-1173 - INCOMERS: FINAL PROTECTION SETTINGS ARE NOT SET.,PS6-61-04 - 0.4kV Switchboard EITS Building (PS6-61-IK-0001),PS6 - Milestone A
PL-006281,Closed,A,E,cable to be connected,PS5-25-03 - Crude Oil Export Pump B,PS5 - Milestone H
PL-006282,Closed,A,E,Cable to be connected,PS5-25-04 - Crude Oil Export Pump C,PS5 - Milestone H
PL-006283,Originated,B,P,10:FINAL PIPING CONNECTION AND REINSTATEMENT TO BE COMPLETED AFTER HT(descipiline-piping),PS5-60-70 - Engine A Cooling system,PS5 - Milestone B
PL-006284,Originated,C,P,10.1:TOUCH UP PAINTING TO BE DONE,PS5-60-70 - Engine A Cooling system,PS5 - Milestone B
PL-006285,Originated,B,M,10:FINAL PIPING CONNECTION AND REINSTATEMENT TO BE COMPLETED AFTER HT(descipiline-piping),PS5-60-71 - Engine B Cooling system,PS5 - Milestone B
PL-006286,Originated,C,P,10.1:TOUCH UP PAINTING TO BE DONE,PS5-60-71 - Engine B Cooling system,PS5 - Milestone B
PL-006287,Originated,B,M,10:FINAL PIPING CONNECTION AND REINSTATEMENT TO BE COMPLETED AFTER HT(descipiline-piping),PS5-60-73 - Engine D Cooling system,PS5 - Milestone D
PL-006288,Originated,C,M,10.1: TOUCH UP PAINTING TO BE DONE,PS5-60-73 - Engine D Cooling system,PS5 - Milestone D
PL-006289,Originated,B,P,10:FINAL PIPING CONNECTION AND REINSTATEMENT TO BE COMPLETED AFTER HT(descipiline-piping),PS5-60-75 - Engine F Cooling system,PS5 - Milestone D
PL-006290,Originated,C,P,10.1: TOUCH UP PAINTING TO BE DONE,PS5-60-75 - Engine F Cooling system,PS5 - Milestone D
PL-006291,Originated,B,P,10:FINAL PIPING CONNECTION AND REINSTATEMENT TO BE COMPLETED AFTER HT(descipiline-piping),PS5-60-76 - Engine G Cooling system,PS5 - Milestone E
PL-006292,Originated,C,P,10.1:TOUCH UP PAINTING TO BE DONE,PS5-60-76 - Engine G Cooling system,PS5 - Milestone E
PL-006293,Originated,B,P,10:FINAL PIPING CONNECTION AND REINSTATEMENT TO BE COMPLETED AFTER HT(descipiline-piping),PS5-60-70 - Engine A Cooling system,PS5 - Milestone B
PL-006294,Originated,C,P,10.1:TOUCH UP PAINTING TO BE DONE,PS5-60-70 - Engine A Cooling system,PS5 - Milestone B
PL-006295,Originated,B,P,10:FINAL PIPING CONNECTION AND REINSTATEMENT TO BE COMPLETED AFTER HT(descipiline-piping),PS5-60-71 - Engine B Cooling system,PS5 - Milestone B
PL-006296,Originated,C,P,10.1:TOUCH UP PAINTING TO BE DONE,PS5-60-71 - Engine B Cooling system,PS5 - Milestone B
PL-006297,Originated,B,P,10:FINAL PIPING CONNECTION AND REINSTATEMENT TO BE COMPLETED AFTER HT(descipiline-piping),PS5-60-72 - Engine C Cooling system,PS5 - Milestone D
PL-006298,Originated,C,P,10.1:TOUCH UP PAINTING TO BE DONE,PS5-60-72 - Engine C Cooling system,PS5 - Milestone D
PL-006299,Originated,B,M,10:FINAL PIPING CONNECTION AND REINSTATEMENT TO BE COMPLETED AFTER HT(descipiline-piping),PS5-60-73 - Engine D Cooling system,PS5 - Milestone D
PL-006300,Originated,C,P,10.1:touch up painting to be done,PS5-60-73 - Engine D Cooling system,PS5 - Milestone D
PL-006301,Originated,B,P,10:FINAL PIPING CONNECTION AND REINSTATEMENT TO BE COMPLETED AFTER HT(descipiline-piping),PS5-60-74 - Engine E Cooling system,PS5 - Milestone D
PL-006302,Originated,C,M,10.1:TOUCH UP PAINTING TO BE DONE,PS5-60-74 - Engine E Cooling system,PS5 - Milestone D
PL-006303,Originated,B,P,10:FINAL PIPING CONNECTION AND REINSTATEMENT TO BE COMPLETED AFTER HT(descipiline-piping),PS5-60-75 - Engine F Cooling system,PS5 - Milestone D
PL-006304,Originated,C,P,10.1:TOUCH UP PAINTING TO BE DONE,PS5-60-75 - Engine F Cooling system,PS5 - Milestone D
PL-006305,Originated,B,P,10:FINAL PIPING CONNECTION AND REINSTATEMENT TO BE COMPLETED AFTER HT(descipiline-piping),PS5-60-76 - Engine G Cooling system,PS5 - Milestone E
PL-006306,Originated,C,P,10.1:TOUCH UP PAINTING TO BE DONE,PS5-60-76 - Engine G Cooling system,PS5 - Milestone E
PL-006313,Closed,A,E,Cable to be connected,PS5-25-04 - Crude Oil Export Pump C,PS5 - Milestone H
PL-006314,Originated,A,E,Temporary cable ties to be replaced by permanent trefoil cleats once available at site,PS5-61-03 - 6.6kV Switchboard and Transformer LLHT South - EITS Building (PS5-61-IJ-0011),PS5 - Milestone G
PL-006315,Originated,A,E,Temporary cable ties to be replaced by permanent trefoil cleats once available at site,PS5-61-03 - 6.6kV Switchboard and Transformer LLHT South - EITS Building (PS5-61-IJ-0011),PS5 - Milestone G
PL-006316,Originated,A,E,Temporary cable ties to be replaced by permanent trefoil cleats once available at site,PS5-61-03 - 6.6kV Switchboard and Transformer LLHT South - EITS Building (PS5-61-IJ-0011),PS5 - Milestone G
PL-006317,Closed,A,B,PS005-E&I-M4-PL-1286 - Terminal to be update on termination drawing by enginnering (mark up drawing) (PS5-04-PMC-0001-CS01),PS5-04-04 - 33kV PCS System,PS5 - Milestone A
PL-006318,Closed,A,E,PS005-E&I-M4-PL-2369 - Cable One Side Termination (COW),PS5-09-05 - HVAC for EITS Building,PS5 - Milestone A
PL-006332,Originated,B,E,"PS005-E&I-COW-1876 - Ensure that the battery connector is compatible with the cable’s rigidity and cross-sectional characteristics.
Modify the battery interconnection cables so that the positive and negative terminals are routed from the left side of the rack.",PS5-06-01 - AC UPS - EITS Building,PS5 - Milestone A
PL-006333,Originated,B,E,"PS005-E&I-COW-1877 - Ensure that the battery connector is compatible with the cable’s rigidity and cross-sectional characteristics.
Modify the battery interconnection cables so that the positive and negative terminals are routed from the left side of the rack.",PS5-06-01 - AC UPS - EITS Building,PS5 - Milestone A
PL-006334,Originated,B,E,"PS006-E&I-COW-1878 - Ensure that the battery connector is compatible with the cable’s rigidity and cross-sectional characteristics.
Modify the battery interconnection cables so that the positive and negative terminals are routed from the left side of the rack.",PS6-06-01 - AC UPS - EITS Building,PS6 - Milestone A
PL-006391,Originated,B,E,PS005-E&I-COW-2175 - CUBICLE : CABLE SUPPORT MISSING AND CABLE ARRANGMENT TO BE REWORKED - PS4-61-IK-0001-C01,PS5-61-07 - 0.4kV Switchboard EITS Building (PS5-61-IK-0001),PS5 - Milestone A
PL-006400,Originated,A,I,PS005-E&I-COW-2279 - Additional Icotek frames to be added to Network cabinet for CAT6/FO cables,PS5-04-03 - 33kV ICSS System,PS5 - Milestone A
PL-006401,Originated,A,I,PS006-E&I-COW-2280 - Additional Icotek frames to be added to Network cabinet for CAT6/FO cables,PS6-04-01 - CR ICSS and OWS,PS6 - Milestone B
PL-006429,Originated,A,T,PS005-E&I-COW-2329 - New cable to be added,PS5-04-04 - 33kV PCS System,PS5 - Milestone A
PL-006430,Originated,A,T,PS005-E&I-COW-2330 - New cable to be added,PS5-04-04 - 33kV PCS System,PS5 - Milestone A
PL-006431,Originated,A,I,PS005-E&I-M3-PL-2591 - AGI NEW 4 SWITCHES TO BE INSTALLED AND WIRE,PS5-04-04 - 33kV PCS System,PS5 - Milestone A
PL-006439,Closed,C,B,"PS006-E&I-ALL-PL-0454 - Fire Dampers should be SIL2, certificate should be provide",PS6-83-01 - EITS Building,PS6 - Milestone G
PL-006440,Originated,A,I,PS006-E&I-M3-PL-0528 - AGI NEW 4 SWITCHES TO BE INSTALLED AND WIRE,PS6-04-02 - PCS System,PS6 - Milestone B
PL-006449,Originated,A,I,"PS005-E&I-ALL-PL-2611 - Remaining ITR to be Completed at Site as per list :
PS5-08-86IO-1002-CC01 (HOLD) INSTRUMENTATION CABLE",PS5-08-15 - Security Data Network (SII SP3 SEC),PS5 - Milestone C
PL-006450,Closed,A,E,"PS005-E&I-ALL-PL-2611 - Remaining ITR to be Completed at Site as per list :
PS5-09-ACU-0007A-CP01 POWER CABLE",PS5-09-05 - HVAC for EITS Building,PS5 - Milestone A
PL-006451,Closed,A,E,"PS005-E&I-ALL-PL-2611 - Remaining ITR to be Completed at Site as per list :
PS5-09-ACU-0007B-CP01 POWER CABLE",PS5-09-05 - HVAC for EITS Building,PS5 - Milestone A
PL-006488,Closed,A,E,Cable to be connected,PS5-61-05 - 0.4kV Switchboard Power Generator Building (PS5-61-IK-0003),PS5 - Milestone B
PL-006489,Closed,A,E,Cable to be connected,PS5-61-05 - 0.4kV Switchboard Power Generator Building (PS5-61-IK-0003),PS5 - Milestone B
PL-006490,Closed,A,E,Cable to be connected,PS5-61-05 - 0.4kV Switchboard Power Generator Building (PS5-61-IK-0003),PS5 - Milestone B
PL-006491,Closed,A,E,Cable to be connected,PS5-61-05 - 0.4kV Switchboard Power Generator Building (PS5-61-IK-0003),PS5 - Milestone B
PL-006492,Closed,A,E,Cable to be connected,PS5-61-05 - 0.4kV Switchboard Power Generator Building (PS5-61-IK-0003),PS5 - Milestone B
PL-006493,Closed,A,E,Cable to be connected,PS5-61-05 - 0.4kV Switchboard Power Generator Building (PS5-61-IK-0003),PS5 - Milestone B
PL-006494,Closed,A,E,Cable to be connected,PS5-61-05 - 0.4kV Switchboard Power Generator Building (PS5-61-IK-0003),PS5 - Milestone B
PL-006495,Closed,A,E,Cable to be connected,PS5-61-05 - 0.4kV Switchboard Power Generator Building (PS5-61-IK-0003),PS5 - Milestone B
PL-006496,Closed,A,E,Cable to be connected,PS5-61-05 - 0.4kV Switchboard Power Generator Building (PS5-61-IK-0003),PS5 - Milestone B
PL-006497,Closed,A,E,Cable to be connected,PS5-61-05 - 0.4kV Switchboard Power Generator Building (PS5-61-IK-0003),PS5 - Milestone B
PL-006498,Closed,A,E,Cable to be connected,PS5-61-05 - 0.4kV Switchboard Power Generator Building (PS5-61-IK-0003),PS5 - Milestone B
PL-006499,Closed,A,E,Cable to be connected,PS5-61-05 - 0.4kV Switchboard Power Generator Building (PS5-61-IK-0003),PS5 - Milestone B
PL-006500,Closed,A,E,Cable to be connected,PS5-61-05 - 0.4kV Switchboard Power Generator Building (PS5-61-IK-0003),PS5 - Milestone B
PL-006501,Closed,A,E,Cable to be connected,PS5-61-05 - 0.4kV Switchboard Power Generator Building (PS5-61-IK-0003),PS5 - Milestone B
PL-006502,Closed,A,E,Cable to be connected,PS5-61-05 - 0.4kV Switchboard Power Generator Building (PS5-61-IK-0003),PS5 - Milestone B
PL-006503,Closed,A,E,Cable to be connected,PS5-61-05 - 0.4kV Switchboard Power Generator Building (PS5-61-IK-0003),PS5 - Milestone B
PL-006504,Closed,A,E,Cable to be connected,PS5-61-05 - 0.4kV Switchboard Power Generator Building (PS5-61-IK-0003),PS5 - Milestone B
PL-006505,Closed,A,E,Cable to be connected,PS5-61-05 - 0.4kV Switchboard Power Generator Building (PS5-61-IK-0003),PS5 - Milestone B
PL-006506,Closed,A,E,Cable to be connected,PS5-61-06 - 0.4kV Switchboard Power Generator Building (PS5-61-IK-0006),PS5 - Milestone D
PL-006507,Closed,A,E,Cable to be connected,PS5-61-05 - 0.4kV Switchboard Power Generator Building (PS5-61-IK-0003),PS5 - Milestone B
PL-006508,Closed,A,E,Cable to be connected,PS5-61-06 - 0.4kV Switchboard Power Generator Building (PS5-61-IK-0006),PS5 - Milestone D
PL-006509,Closed,A,E,Cable to be connected,PS5-61-06 - 0.4kV Switchboard Power Generator Building (PS5-61-IK-0006),PS5 - Milestone D
PL-006510,Closed,A,E,Cable to be connected,PS5-61-06 - 0.4kV Switchboard Power Generator Building (PS5-61-IK-0006),PS5 - Milestone D
PL-006512,Closed,A,E,Cable to be connected,PS5-61-06 - 0.4kV Switchboard Power Generator Building (PS5-61-IK-0006),PS5 - Milestone D
PL-006513,Closed,A,E,Cable to be connected,PS5-61-06 - 0.4kV Switchboard Power Generator Building (PS5-61-IK-0006),PS5 - Milestone D
PL-006514,Closed,A,E,Cable to be connected,PS5-61-06 - 0.4kV Switchboard Power Generator Building (PS5-61-IK-0006),PS5 - Milestone D
PL-006515,Closed,A,E,Cable to be connected,PS5-61-06 - 0.4kV Switchboard Power Generator Building (PS5-61-IK-0006),PS5 - Milestone D
PL-006516,Closed,A,E,Cable to be connected,PS5-61-06 - 0.4kV Switchboard Power Generator Building (PS5-61-IK-0006),PS5 - Milestone D
PL-006543,Originated,B,E,8:UPSTREAM CONNECTION ACCORDING CABLE SCHEDULE to be done,PS6-25-03 - Crude Oil Export Pump B,PS6 - Milestone E
PL-006544,Originated,B,E,8.1:DOWNSTREAM CONNECTION ACCORDING CABLE SCHEDULE TO BE DONE,PS6-25-03 - Crude Oil Export Pump B,PS6 - Milestone E
PL-006545,Originated,B,E,8:UPSTREAM CONNECTION ACCORDING CABLE SCHEDULE TO BE DONE,PS6-25-04 - Crude Oil Export Pump C,PS6 - Milestone E
PL-006546,Originated,B,E,8.1:DOWNSTREAM CONNECTION ACCORDING CABLE SCHEDULE TO BE DONE,PS6-25-04 - Crude Oil Export Pump C,PS6 - Milestone E
PL-006547,Originated,B,E,8:UPSTREAM CONNECTION ACCORDING CABLE SCHEDULE TO BE DONE,PS6-25-02 - Crude Oil Export Pump A,PS6 - Milestone E
PL-006548,Originated,B,E,8.1:DOWNSTREAM CONNECTION ACCORDING CABLE SCHEDULE TO BE DONE,PS6-25-02 - Crude Oil Export Pump A,PS6 - Milestone E
PL-006550,Originated,B,E,8:UPSTREAM CONNECTION ACCORDING CABLE SCHEDULETO BE DONE,PS6-25-01 - Export Pipeline Pig Receiver,PS6 - Milestone E
PL-006551,Originated,B,E,8.1:DOWNSTREAM CONNECTION ACCORDING CABLE SCHEDULE TO BE DONE,PS6-25-01 - Export Pipeline Pig Receiver,PS6 - Milestone E
PL-006552,Originated,B,E,8:UPSTREAM CONNECTION ACCORDING CABLE SCHEDULE TO BE DONE,PS6-25-01 - Export Pipeline Pig Receiver,PS6 - Milestone E
PL-006553,Originated,B,E,8.1:DOWNSTREAM CONNECTION ACCORDING CABLE SCHEDULE TO BE DONE,PS6-25-01 - Export Pipeline Pig Receiver,PS6 - Milestone E
PL-006554,Originated,B,E,8:UPSTREAM CONNECTION ACCORDING CABLE SCHEDULE TO BE DONE,PS6-25-07 - Export Pipeline Pig Launcher,PS6 - Milestone E
PL-006555,Originated,B,E,8.1:DOWNSTREAM CONNECTION ACCORDING CABLE SCHEDULE TO BE DONE,PS6-25-07 - Export Pipeline Pig Launcher,PS6 - Milestone E
PL-006556,Originated,B,E,8:UPSTREAM CONNECTION ACCORDING CABLE SCHEDULE TO BE DONE,PS6-25-07 - Export Pipeline Pig Launcher,PS6 - Milestone E
PL-006557,Originated,B,E,8.1:DOWNSTREAM CONNECTION ACCORDING CABLE SCHEDULE TO BE DONE,PS6-25-07 - Export Pipeline Pig Launcher,PS6 - Milestone E
PL-006559,Originated,B,M,4:Quality of welding in the transformer is not upto the standard.,PS5-61-01 - 33kV Switchboard EITS Building (PS5-61-IJ-0001),PS5 - Milestone D
PL-006560,Originated,B,M,4.1:It was found that one side has CS bolts without coating and the other side has GI bolts,PS5-61-01 - 33kV Switchboard EITS Building (PS5-61-IJ-0001),PS5 - Milestone D
PL-006561,Originated,B,M,"4.2:The coating quality is poor, with uneven surface finish, improper application, and paint peeling observed.",PS5-61-01 - 33kV Switchboard EITS Building (PS5-61-IJ-0001),PS5 - Milestone D
PL-006562,Originated,B,M,4.3:The foundation clamp for the transformer should be bolted on the transformer as well as base as per drawing. But it is welded on transformer.,PS5-61-01 - 33kV Switchboard EITS Building (PS5-61-IJ-0001),PS5 - Milestone D
PL-006563,Originated,A,E,4.4:Flexible conduit routing over the enclosure is improperly installed or broken,PS5-61-01 - 33kV Switchboard EITS Building (PS5-61-IJ-0001),PS5 - Milestone D
PL-006564,Originated,B,E,"4.5:Earthing cable not connected, poor cable management, improper stripping, and improper glanding",PS5-61-01 - 33kV Switchboard EITS Building (PS5-61-IJ-0001),PS5 - Milestone D
PL-006565,Originated,B,E,"4.6:Internal wiring and cable entry inside the enclosure are poorly installed and not properly managed, unused openings are covered by rubber plugs",PS5-61-01 - 33kV Switchboard EITS Building (PS5-61-IJ-0001),PS5 - Milestone D
PL-006566,Originated,B,E,4.7:The opening has been temporarily sealed using plastic tape.,PS5-61-01 - 33kV Switchboard EITS Building (PS5-61-IJ-0001),PS5 - Milestone D
PL-006567,Originated,A,E,4.8:Flexible conduit not properly terminated into the cable gland.,PS5-61-01 - 33kV Switchboard EITS Building (PS5-61-IJ-0001),PS5 - Milestone D
PL-006568,Originated,A,E,4.9:All cable entries are not properly tightened and cables are not properly sealed in cable glands. Applicable for all transformers.,PS5-61-01 - 33kV Switchboard EITS Building (PS5-61-IJ-0001),PS5 - Milestone D
PL-006569,Originated,A,E,4.10:64. No heat-shrink sleeves are installed on the cable inside the main panel. Applicable for all transformers.,PS5-61-01 - 33kV Switchboard EITS Building (PS5-61-IJ-0001),PS5 - Milestone D
PL-006570,Originated,A,E,4.11:65. Rubber blind plugs on the main panels and equipment on the transformer to be changed to the proper ones (IP and Ex rate wise). Applicable for all transformers.,PS5-61-01 - 33kV Switchboard EITS Building (PS5-61-IJ-0001),PS5 - Milestone D
PL-006571,Originated,B,E,4.12: Self adhesive tape to be removed and proper consumables need to be installed to provide correct installation of metal protection sleeves on the cable glands. Applicable for all transformers.,PS5-61-01 - 33kV Switchboard EITS Building (PS5-61-IJ-0001),PS5 - Milestone D
PL-006572,Originated,B,E,4.13:There is no tag plate on the main panel that need to show the characteristics of the panel (manufacturer / voltage / IP&Ex rate etc),PS5-61-01 - 33kV Switchboard EITS Building (PS5-61-IJ-0001),PS5 - Milestone D
PL-006573,Originated,A,E,4.14:Grounding wires are cut on the incoming/outgoing cables inside the main panel.,PS5-61-01 - 33kV Switchboard EITS Building (PS5-61-IJ-0001),PS5 - Milestone D
PL-006574,Originated,B,E,4.15:Incoming cable from temperature sensors are not properly sealed at the entry point into the main panel.,PS5-61-01 - 33kV Switchboard EITS Building (PS5-61-IJ-0001),PS5 - Milestone D
PL-006576,Originated,B,M,4:Quality of welding in the transformer is not upto the standard.,PS5-61-01 - 33kV Switchboard EITS Building (PS5-61-IJ-0001),PS5 - Milestone D
PL-006577,Originated,C,M,4.1:It was found that one side has CS bolts without coating and the other side has GI bolts,PS5-61-01 - 33kV Switchboard EITS Building (PS5-61-IJ-0001),PS5 - Milestone D
PL-006578,Originated,B,M,"4.2:The coating quality is poor, with uneven surface finish, improper application, and paint peeling observed.",PS5-61-01 - 33kV Switchboard EITS Building (PS5-61-IJ-0001),PS5 - Milestone D
PL-006579,Originated,B,M,4.3:The foundation clamp for the transformer should be bolted on the transformer as well as base as per drawing. But it is welded on transformer.,PS5-61-01 - 33kV Switchboard EITS Building (PS5-61-IJ-0001),PS5 - Milestone D
PL-006580,Originated,B,E,"4.4:Internal wiring and cable entry inside the enclosure are poorly installed and not properly managed, unused openings are covered by rubber plugs",PS5-61-01 - 33kV Switchboard EITS Building (PS5-61-IJ-0001),PS5 - Milestone D
PL-006581,Originated,B,E,4.5:The opening has been temporarily sealed using plastic tape.,PS5-61-01 - 33kV Switchboard EITS Building (PS5-61-IJ-0001),PS5 - Milestone D
PL-006582,Originated,A,E,4.6:Cable entry is improperly installed.,PS5-61-01 - 33kV Switchboard EITS Building (PS5-61-IJ-0001),PS5 - Milestone D
PL-006583,Originated,A,E,4.7:All cable entries are not properly tightened and cables are not properly sealed in cable glands..,PS5-61-01 - 33kV Switchboard EITS Building (PS5-61-IJ-0001),PS5 - Milestone D
PL-006584,Originated,A,E,4.8:64. No heat-shrink sleeves are installed on the cable inside the main panel.,PS5-61-01 - 33kV Switchboard EITS Building (PS5-61-IJ-0001),PS5 - Milestone D
PL-006585,Originated,B,E,4.9:65. Rubber blind plugs on the main panels and equipment on the transformer to be changed to the proper ones (IP and Ex rate wise).,PS5-61-01 - 33kV Switchboard EITS Building (PS5-61-IJ-0001),PS5 - Milestone D
PL-006586,Originated,B,E,4.10: Self adhesive tape to be removed and proper consumables need to be installed to provide correct installation of metal protection sleeves on the cable glands. .,PS5-61-01 - 33kV Switchboard EITS Building (PS5-61-IJ-0001),PS5 - Milestone D
PL-006587,Originated,B,E,4.11:There is no tag plate on the main panel that need to show the characteristics of the panel (manufacturer / voltage / IP&Ex rate etc)..,PS5-61-01 - 33kV Switchboard EITS Building (PS5-61-IJ-0001),PS5 - Milestone D
PL-006588,Originated,A,E,4.12:Grounding wires are cut on the incoming/outgoing cables inside the main panel.,PS5-61-01 - 33kV Switchboard EITS Building (PS5-61-IJ-0001),PS5 - Milestone D
PL-006590,Originated,A,E,4.13:Incoming cable from temperature sensors are not properly sealed at the entry point into the main panel.,PS5-61-01 - 33kV Switchboard EITS Building (PS5-61-IJ-0001),PS5 - Milestone D
PL-006591,Originated,B,M,4:Quality of welding in the transformer is not upto the standard.,PS5-61-01 - 33kV Switchboard EITS Building (PS5-61-IJ-0001),PS5 - Milestone D
PL-006592,Originated,C,M,4.1:It was found that one side has CS bolts without coating and the other side has GI bolts,PS5-61-01 - 33kV Switchboard EITS Building (PS5-61-IJ-0001),PS5 - Milestone D
PL-006593,Originated,B,M,"4.2:The coating quality is poor, with uneven surface finish, improper application, and paint peeling observed.",PS5-61-01 - 33kV Switchboard EITS Building (PS5-61-IJ-0001),PS5 - Milestone D
PL-006594,Originated,B,M,4.3:The foundation clamp for the transformer should be bolted on the transformer as well as base as per drawing. But it is welded on transformer.,PS5-61-01 - 33kV Switchboard EITS Building (PS5-61-IJ-0001),PS5 - Milestone D
PL-006595,Originated,B,E,4.4:Improper termination of earthing conductor,PS5-61-01 - 33kV Switchboard EITS Building (PS5-61-IJ-0001),PS5 - Milestone D
PL-006596,Originated,A,E,"4.5:Earthing cable not connected, poor cable management, improper stripping, and improper glanding.",PS5-61-01 - 33kV Switchboard EITS Building (PS5-61-IJ-0001),PS5 - Milestone D
PL-006597,Originated,A,E,4.6:Improper installation of copper bonding/earthing strap,PS5-61-01 - 33kV Switchboard EITS Building (PS5-61-IJ-0001),PS5 - Milestone D
PL-006598,Originated,B,E,4.7:Unused gland plate sealed with rubber instead of stopping plug.,PS5-61-01 - 33kV Switchboard EITS Building (PS5-61-IJ-0001),PS5 - Milestone D
PL-006599,Originated,B,E,4.8:The opening has been temporarily sealed using plastic tape,PS5-61-01 - 33kV Switchboard EITS Building (PS5-61-IJ-0001),PS5 - Milestone D
PL-006600,Originated,A,E,4.9:Cable entry at the bottom of the enclosure is improperly installed.,PS5-61-01 - 33kV Switchboard EITS Building (PS5-61-IJ-0001),PS5 - Milestone D
PL-006601,Originated,A,M,4.10:Oil Leakage found at the oil level gauge weld area.,PS5-61-01 - 33kV Switchboard EITS Building (PS5-61-IJ-0001),PS5 - Milestone D
PL-006602,Originated,A,E,4.11:All cable entries are not properly tightened and cables are not properly sealed in cable glands..,PS5-61-01 - 33kV Switchboard EITS Building (PS5-61-IJ-0001),PS5 - Milestone D
PL-006603,Originated,A,M,4.12:64. No heat-shrink sleeves are installed on the cable inside the main panel.,PS5-61-01 - 33kV Switchboard EITS Building (PS5-61-IJ-0001),PS5 - Milestone D
PL-006604,Originated,B,M,4.13:65. Rubber blind plugs on the main panels and equipment on the transformer to be changed to the proper ones (IP and Ex rate wise).,PS5-61-01 - 33kV Switchboard EITS Building (PS5-61-IJ-0001),PS5 - Milestone D
PL-006605,Originated,B,E,4.14: Self adhesive tape to be removed and proper consumables need to be installed to provide correct installation of metal protection sleeves on the cable glands. .,PS5-61-01 - 33kV Switchboard EITS Building (PS5-61-IJ-0001),PS5 - Milestone D
PL-006606,Originated,B,E,4.15:There is no tag plate on the main panel that need to show the characteristics of the panel (manufacturer / voltage / IP&Ex rate etc)..,PS5-61-01 - 33kV Switchboard EITS Building (PS5-61-IJ-0001),PS5 - Milestone D
PL-006607,Originated,A,E,4.16:Grounding wires are cut on the incoming/outgoing cables inside the main panel.,PS5-61-01 - 33kV Switchboard EITS Building (PS5-61-IJ-0001),PS5 - Milestone D
PL-006608,Originated,A,E,4.17:Incoming cable from temperature sensors are not properly sealed at the entry point into the main panel.,PS5-61-01 - 33kV Switchboard EITS Building (PS5-61-IJ-0001),PS5 - Milestone D
PL-006609,Originated,B,M,4:Quality of welding in the transformer is not upto the standard.,PS5-61-01 - 33kV Switchboard EITS Building (PS5-61-IJ-0001),PS5 - Milestone D
PL-006610,Originated,C,M,4.1:It was found that one side has CS bolts without coating and the other side has GI bolts,PS5-61-01 - 33kV Switchboard EITS Building (PS5-61-IJ-0001),PS5 - Milestone D
PL-006611,Originated,B,M,"4.2:The coating quality is poor, with uneven surface finish, improper application, and paint peeling observed.",PS5-61-01 - 33kV Switchboard EITS Building (PS5-61-IJ-0001),PS5 - Milestone D
PL-006612,Originated,B,M,4.3:The foundation clamp for the transformer should be bolted on the transformer as well as base as per drawing. But it is welded on transformer.,PS5-61-01 - 33kV Switchboard EITS Building (PS5-61-IJ-0001),PS5 - Milestone D
PL-006613,Originated,A,M,4.4:Temperature sensor not sealed properly,PS5-61-01 - 33kV Switchboard EITS Building (PS5-61-IJ-0001),PS5 - Milestone D
PL-006614,Originated,B,E,4.5:loose bolt for 1U & 1W.,PS5-61-01 - 33kV Switchboard EITS Building (PS5-61-IJ-0001),PS5 - Milestone D
PL-006615,Originated,A,M,"4.6:Internal wiring and cable entry inside the enclosure are poorly installed and not properly managed, unused openings are covered by rubber plugs",PS5-61-01 - 33kV Switchboard EITS Building (PS5-61-IJ-0001),PS5 - Milestone D
PL-006616,Originated,B,E,4.7:Unused gland plate sealed with rubber instead of stopping plug,PS5-61-01 - 33kV Switchboard EITS Building (PS5-61-IJ-0001),PS5 - Milestone D
PL-006617,Originated,A,E,4.8:Cable entry is improperly installed.,PS5-61-01 - 33kV Switchboard EITS Building (PS5-61-IJ-0001),PS5 - Milestone D
PL-006618,Originated,A,M,4.9:Oil Leakage found at the weld area.,PS5-61-01 - 33kV Switchboard EITS Building (PS5-61-IJ-0001),PS5 - Milestone D
PL-006619,Originated,A,E,4.10:All cable entries are not properly tightened and cables are not properly sealed in cable glands..,PS5-61-01 - 33kV Switchboard EITS Building (PS5-61-IJ-0001),PS5 - Milestone D
PL-006620,Originated,A,E,4.11:64. No heat-shrink sleeves are installed on the cable inside the main panel.,PS5-61-01 - 33kV Switchboard EITS Building (PS5-61-IJ-0001),PS5 - Milestone D
PL-006621,Originated,B,E,4.12:65. Rubber blind plugs on the main panels and equipment on the transformer to be changed to the proper ones (IP and Ex rate wise).,PS5-61-01 - 33kV Switchboard EITS Building (PS5-61-IJ-0001),PS5 - Milestone D
PL-006622,Originated,B,E,4.13: Self adhesive tape to be removed and proper consumables need to be installed to provide correct installation of metal protection sleeves on the cable glands. .,PS5-61-01 - 33kV Switchboard EITS Building (PS5-61-IJ-0001),PS5 - Milestone D
PL-006623,Originated,B,M,4.14:There is no tag plate on the main panel that need to show the characteristics of the panel (manufacturer / voltage / IP&Ex rate etc)..,PS5-61-01 - 33kV Switchboard EITS Building (PS5-61-IJ-0001),PS5 - Milestone D
PL-006624,Originated,A,E,4.15:Grounding wires are cut on the incoming/outgoing cables inside the main panel.,PS5-61-01 - 33kV Switchboard EITS Building (PS5-61-IJ-0001),PS5 - Milestone D
PL-006625,Originated,A,E,4.16:Incoming cable from temperature sensors are not properly sealed at the entry point into the main panel.,PS5-61-01 - 33kV Switchboard EITS Building (PS5-61-IJ-0001),PS5 - Milestone D
PL-006626,Originated,B,M,4:Quality of welding in the transformer is not upto the standard.,PS5-61-07 - 0.4kV Switchboard EITS Building (PS5-61-IK-0001),PS5 - Milestone A
PL-006627,Originated,C,M,4.1:It was found that one side has CS bolts without coating and the other side has GI bolts,PS5-61-07 - 0.4kV Switchboard EITS Building (PS5-61-IK-0001),PS5 - Milestone A
PL-006628,Originated,B,M,"4.2:The coating quality is poor, with uneven surface finish, improper application, and paint peeling observed.",PS5-61-07 - 0.4kV Switchboard EITS Building (PS5-61-IK-0001),PS5 - Milestone A
PL-006629,Originated,B,M,4.3:The foundation clamp for the transformer should be bolted on the transformer as well as base as per drawing. But it is welded on transformer.,PS5-61-07 - 0.4kV Switchboard EITS Building (PS5-61-IK-0001),PS5 - Milestone A
PL-006630,Originated,B,M,4.4:The foundation clamp for the transformer should be bolted on the transformer as well as base as per drawing. But it is welded on transformer.,PS5-61-07 - 0.4kV Switchboard EITS Building (PS5-61-IK-0001),PS5 - Milestone A
PL-006631,Originated,A,E,4.5:Cable entry is improperly installed.,PS5-61-07 - 0.4kV Switchboard EITS Building (PS5-61-IK-0001),PS5 - Milestone A
PL-006632,Originated,B,E,4.6:Unused gland plate sealed with rubber instead of stopping plug.,PS5-61-07 - 0.4kV Switchboard EITS Building (PS5-61-IK-0001),PS5 - Milestone A
PL-006633,Originated,B,E,4.7:loose bolt for 1W.,PS5-61-07 - 0.4kV Switchboard EITS Building (PS5-61-IK-0001),PS5 - Milestone A
PL-006634,Originated,B,E,"4.8:Poor cable management, improper stripping and glanding.",PS5-61-07 - 0.4kV Switchboard EITS Building (PS5-61-IK-0001),PS5 - Milestone A
PL-006635,Originated,A,E,4.9:Cable glanding not properly tightened and sealed,PS5-61-07 - 0.4kV Switchboard EITS Building (PS5-61-IK-0001),PS5 - Milestone A
PL-006636,Originated,B,E,4.10:Cable entry temporarily sealed using plastic tape,PS5-61-07 - 0.4kV Switchboard EITS Building (PS5-61-IK-0001),PS5 - Milestone A
PL-006637,Originated,A,E,4.11:All cable entries are not properly tightened and cables are not properly sealed in cable glands..,PS5-61-07 - 0.4kV Switchboard EITS Building (PS5-61-IK-0001),PS5 - Milestone A
PL-006638,Originated,A,M,4.12:64. No heat-shrink sleeves are installed on the cable inside the main panel.,PS5-61-07 - 0.4kV Switchboard EITS Building (PS5-61-IK-0001),PS5 - Milestone A
PL-006639,Originated,B,E,4.13:65. Rubber blind plugs on the main panels and equipment on the transformer to be changed to the proper ones (IP and Ex rate wise).,PS5-61-07 - 0.4kV Switchboard EITS Building (PS5-61-IK-0001),PS5 - Milestone A
PL-006640,Originated,B,E,4.14: Self adhesive tape to be removed and proper consumables need to be installed to provide correct installation of metal protection sleeves on the cable glands. .,PS5-61-07 - 0.4kV Switchboard EITS Building (PS5-61-IK-0001),PS5 - Milestone A
PL-006641,Originated,B,E,4.15:There is no tag plate on the main panel that need to show the characteristics of the panel (manufacturer / voltage / IP&Ex rate etc)..,PS5-61-07 - 0.4kV Switchboard EITS Building (PS5-61-IK-0001),PS5 - Milestone A
PL-006642,Originated,A,E,4.16:Grounding wires are cut on the incoming/outgoing cables inside the main panel.,PS5-61-07 - 0.4kV Switchboard EITS Building (PS5-61-IK-0001),PS5 - Milestone A
PL-006643,Originated,A,E,4.17:Incoming cable from temperature sensors are not properly sealed at the entry point into the main panel.,PS5-61-07 - 0.4kV Switchboard EITS Building (PS5-61-IK-0001),PS5 - Milestone A
PL-006653,Originated,B,M,4:Quality of welding in the transformer is not upto the standard.,PS5-61-07 - 0.4kV Switchboard EITS Building (PS5-61-IK-0001),PS5 - Milestone A
PL-006655,Originated,C,M,4.1:It was found that one side has CS bolts without coating and the other side has GI bolts,PS5-61-07 - 0.4kV Switchboard EITS Building (PS5-61-IK-0001),PS5 - Milestone A
PL-006656,Originated,B,M,"4.2:The coating quality is poor, with uneven surface finish, improper application, and paint peeling observed.",PS5-61-07 - 0.4kV Switchboard EITS Building (PS5-61-IK-0001),PS5 - Milestone A
PL-006657,Originated,B,M,4.3:The foundation clamp for the transformer should be bolted on the transformer as well as base as per drawing. But it is welded on transformer.,PS5-61-07 - 0.4kV Switchboard EITS Building (PS5-61-IK-0001),PS5 - Milestone A
PL-006658,Originated,A,M,4.4:Oil Leakage found at the oil level gauge weld area.,PS5-61-07 - 0.4kV Switchboard EITS Building (PS5-61-IK-0001),PS5 - Milestone A
PL-006659,Originated,A,M,4.5:Oil Leakage found at the weld area.,PS5-61-07 - 0.4kV Switchboard EITS Building (PS5-61-IK-0001),PS5 - Milestone A
PL-006660,Originated,A,M,4.6:Oil Leakage found.,PS5-61-07 - 0.4kV Switchboard EITS Building (PS5-61-IK-0001),PS5 - Milestone A
PL-006661,Originated,A,M,4.7:Oil Leakage found at the weld area.,PS5-61-07 - 0.4kV Switchboard EITS Building (PS5-61-IK-0001),PS5 - Milestone A
PL-006662,Originated,A,M,4.8:Oil Leakage found at the weld area.,PS5-61-07 - 0.4kV Switchboard EITS Building (PS5-61-IK-0001),PS5 - Milestone A
PL-006663,Originated,A,E,4.9:internal wiring and cable entry inside the enclosure are poorly installed and not properly managed; unused openings are covered with rubber plugs,PS5-61-07 - 0.4kV Switchboard EITS Building (PS5-61-IK-0001),PS5 - Milestone A
PL-006664,Originated,B,E,"4.10:poor cable management, improper stripping, and improper glanding",PS5-61-07 - 0.4kV Switchboard EITS Building (PS5-61-IK-0001),PS5 - Milestone A
PL-006665,Originated,A,E,4.11:flexible conduit routing over the enclosure is improperly installed.,PS5-61-07 - 0.4kV Switchboard EITS Building (PS5-61-IK-0001),PS5 - Milestone A
PL-006666,Originated,B,E,4.12:unused gland plate is sealed with rubber instead of a stopping plug.,PS5-61-07 - 0.4kV Switchboard EITS Building (PS5-61-IK-0001),PS5 - Milestone A
PL-006667,Originated,A,E,4.13:cable entry at the bottom of the enclosure is improperly installed.,PS5-61-07 - 0.4kV Switchboard EITS Building (PS5-61-IK-0001),PS5 - Milestone A
PL-006668,Originated,A,E,4.14:temperature sensor is not properly sealed.,PS5-61-07 - 0.4kV Switchboard EITS Building (PS5-61-IK-0001),PS5 - Milestone A
PL-006669,Originated,A,E,4.15:All cable entries are not properly tightened and cables are not properly sealed in cable glands..,PS5-61-07 - 0.4kV Switchboard EITS Building (PS5-61-IK-0001),PS5 - Milestone A
PL-006670,Originated,A,E,4.16:64. No heat-shrink sleeves are installed on the cable inside the main panel.,PS5-61-07 - 0.4kV Switchboard EITS Building (PS5-61-IK-0001),PS5 - Milestone A
PL-006671,Originated,B,E,4.17:65. Rubber blind plugs on the main panels and equipment on the transformer to be changed to the proper ones (IP and Ex rate wise).,PS5-61-07 - 0.4kV Switchboard EITS Building (PS5-61-IK-0001),PS5 - Milestone A
PL-006672,Originated,B,E,4.18: Self adhesive tape to be removed and proper consumables need to be installed to provide correct installation of metal protection sleeves on the cable glands. .,PS5-61-07 - 0.4kV Switchboard EITS Building (PS5-61-IK-0001),PS5 - Milestone A
PL-006673,Originated,B,E,4.19:There is no tag plate on the main panel that need to show the characteristics of the panel (manufacturer / voltage / IP&Ex rate etc)..,PS5-61-07 - 0.4kV Switchboard EITS Building (PS5-61-IK-0001),PS5 - Milestone A
PL-006674,Originated,A,E,4.20:Grounding wires are cut on the incoming/outgoing cables inside the main panel.,PS5-61-07 - 0.4kV Switchboard EITS Building (PS5-61-IK-0001),PS5 - Milestone A
PL-006675,Originated,A,E,4.21:Incoming cable from temperature sensors are not properly sealed at the entry point into the main panel.,PS5-61-07 - 0.4kV Switchboard EITS Building (PS5-61-IK-0001),PS5 - Milestone A
PL-006681,Closed,A,E,Cable to be connected,PS5-61-05 - 0.4kV Switchboard Power Generator Building (PS5-61-IK-0003),PS5 - Milestone B
PL-006683,Closed,A,E,Cable to be connected,PS5-61-05 - 0.4kV Switchboard Power Generator Building (PS5-61-IK-0003),PS5 - Milestone B
PL-006685,Closed,A,E,Cable to be connected,PS5-61-06 - 0.4kV Switchboard Power Generator Building (PS5-61-IK-0006),PS5 - Milestone D
PL-006691,Originated,B,E,"core 5,6,7,8 as spare to be terminated to PE at PS5-03-SFMC-0012 side",PS5-04-05 - 33kV SIS/FGS System,PS5 - Milestone A
PL-006692,Originated,B,E,To be installed cable tray for cable laying at PS5-09-ACU-0007A to protecting that cable from damage,PS5-09-05 - HVAC for EITS Building,PS5 - Milestone A
PL-006693,Originated,A,I,"to be changed ferulle of PS5-03-SFMC-0005-CC01/TBA08/3/PR02/WH, wire exposed",PS5-04-05 - 33kV SIS/FGS System,PS5 - Milestone A
PL-006694,Closed,A,E,Cable to be connected,PS5-61-06 - 0.4kV Switchboard Power Generator Building (PS5-61-IK-0006),PS5 - Milestone D
PL-006695,Closed,A,E,Cable to be connected,PS5-61-06 - 0.4kV Switchboard Power Generator Building (PS5-61-IK-0006),PS5 - Milestone D
PL-006697,Closed,A,E,Cable to be connected,PS5-61-06 - 0.4kV Switchboard Power Generator Building (PS5-61-IK-0006),PS5 - Milestone D
PL-006698,Originated,A,I,"to be changed ferulle of PS5-03-SFMC-0005-CC02/TBA09/3/PR02/WH, wire exposed",PS5-04-05 - 33kV SIS/FGS System,PS5 - Milestone A
PL-006699,Closed,A,E,Cable to be connected,PS5-61-06 - 0.4kV Switchboard Power Generator Building (PS5-61-IK-0006),PS5 - Milestone D
PL-006700,Originated,A,I,"to be changed ferulle of PS5-03-SFMC-0005-CC03/TBA10/4/PR02/BK, wire exposed",PS5-04-05 - 33kV SIS/FGS System,PS5 - Milestone A
PL-006701,Closed,A,E,Cable to be connected,PS5-61-06 - 0.4kV Switchboard Power Generator Building (PS5-61-IK-0006),PS5 - Milestone D
PL-006702,Originated,A,I,"to be changed ferulle of PS5-03-SFMC-0005-CC05/TBA12/1/PR01/WH ; /2/PR01/WH and /3/PR02/BK, wire exposed",PS5-04-05 - 33kV SIS/FGS System,PS5 - Milestone A
PL-006703,Originated,A,I,"to be changed ferulle of PS5-03-SFMC-0005-CC06/TBA13/1/PR01/WH ; to be replaced wire marker PS5-03-SFMC-0005-CC06/TBA13/2/PR01/BK, wire exposed",PS5-04-05 - 33kV SIS/FGS System,PS5 - Milestone A
PL-006704,Originated,A,I,"to be changed ferulle of PS5-03-SFMC-0005-CC07/TBA14/1/PR01/WH, wire exposed",PS5-04-05 - 33kV SIS/FGS System,PS5 - Milestone A
PL-006705,Closed,A,E,Cable to be connected,PS5-61-06 - 0.4kV Switchboard Power Generator Building (PS5-61-IK-0006),PS5 - Milestone D
PL-006706,Originated,A,I,"to be changed ferulle of PS5-03-SFMC-0005-CC08/TBA15/1/PR01/WH, wire exposed",PS5-04-05 - 33kV SIS/FGS System,PS5 - Milestone A
PL-006707,Originated,A,I,"to be changed ferulle of PS5-03-SFMC-0005-CC09/TBA16/1/PR01/WH, wire exposed",PS5-04-05 - 33kV SIS/FGS System,PS5 - Milestone A
PL-006708,Originated,A,I,"to be changed ferulle of PS5-03-SFMC-0005-CC18/TBA01/1/PR01/WH and /3/PR02/WH, wire exposed",PS5-04-05 - 33kV SIS/FGS System,PS5 - Milestone A
PL-006709,Originated,A,I,"All ferulles in PS5-03-SFMS-0005 at terminal TBA03 to be changed, wire exposed",PS5-04-05 - 33kV SIS/FGS System,PS5 - Milestone A
PL-006710,Closed,A,E,Cable to be connected,PS5-61-06 - 0.4kV Switchboard Power Generator Building (PS5-61-IK-0006),PS5 - Milestone D
PL-006711,Originated,A,I,"to be changed ferulle of PS5-03-SFMC-0005-CC20/TBA06/1/PR01/WH, wire exposed",PS5-04-05 - 33kV SIS/FGS System,PS5 - Milestone A
PL-006741,Closed,A,E,Cable to be connected,PS5-61-05 - 0.4kV Switchboard Power Generator Building (PS5-61-IK-0003),PS5 - Milestone B
PL-006748,Closed,A,E,Cable to be connected,PS5-61-05 - 0.4kV Switchboard Power Generator Building (PS5-61-IK-0003),PS5 - Milestone B
PL-006754,Closed,A,E,Cable to be connected,PS5-61-05 - 0.4kV Switchboard Power Generator Building (PS5-61-IK-0003),PS5 - Milestone B
PL-006755,Closed,A,E,Cable to be connected,PS5-61-05 - 0.4kV Switchboard Power Generator Building (PS5-61-IK-0003),PS5 - Milestone B
PL-006759,Closed,A,E,Cable to be connected,PS5-61-05 - 0.4kV Switchboard Power Generator Building (PS5-61-IK-0003),PS5 - Milestone B
PL-006760,Closed,A,E,Cable to be connected,PS5-61-05 - 0.4kV Switchboard Power Generator Building (PS5-61-IK-0003),PS5 - Milestone B
PL-006761,Originated,A,I,"All ferulles in PS5-03-SFMS-0005 at terminal TBA02 to be changed, wire exposed",PS5-04-05 - 33kV SIS/FGS System,PS5 - Milestone A
PL-006762,Closed,A,E,Cable to be connected,PS5-61-05 - 0.4kV Switchboard Power Generator Building (PS5-61-IK-0003),PS5 - Milestone B
PL-006764,Closed,A,E,Cable to be connected,PS5-61-05 - 0.4kV Switchboard Power Generator Building (PS5-61-IK-0003),PS5 - Milestone B
PL-006765,Closed,A,E,Cable to be connected,PS5-61-05 - 0.4kV Switchboard Power Generator Building (PS5-61-IK-0003),PS5 - Milestone B
PL-006766,Originated,A,I,"All ferulles in PS5-03-SFMS-0005 at terminal TBA05 to be changed, wire exposed",PS5-04-05 - 33kV SIS/FGS System,PS5 - Milestone A
PL-006767,Originated,A,I,"All ferulles in PS5-03-SFMS-0005 at terminal TBD11 to be changed, wire exposed",PS5-04-05 - 33kV SIS/FGS System,PS5 - Milestone A
PL-006772,Originated,A,I,"All ferulles in PS5-03-SFMS-0005 at terminal TBD10 to be changed, wire exposed",PS5-04-05 - 33kV SIS/FGS System,PS5 - Milestone A
PL-006776,Originated,A,I,"All ferulles in PS5-03-SFMS-0005 at terminal TBD06 to be changed, wire exposed",PS5-04-05 - 33kV SIS/FGS System,PS5 - Milestone A
PL-006777,Closed,A,E,Cable to be connected,PS5-61-05 - 0.4kV Switchboard Power Generator Building (PS5-61-IK-0003),PS5 - Milestone B
PL-006780,Originated,A,I,"All ferulles in PS5-03-SFMS-0005 at terminal TBA07 to be changed, wire exposed",PS5-04-05 - 33kV SIS/FGS System,PS5 - Milestone A
PL-006781,Originated,A,I,"Ferulle for PS5-03-SFMC-0006-CC01/TBD09/1/PR01/WH to be changed, wire exposed",PS5-04-05 - 33kV SIS/FGS System,PS5 - Milestone A
PL-006785,Originated,A,I,"Ferulle for PS5-03-SFMC-0006-CC02/TBD10/3/PR02/WH to be changed, wire exposed",PS5-04-05 - 33kV SIS/FGS System,PS5 - Milestone A
PL-006787,Closed,A,E,Cable to be connected,PS5-05-01 - Emergency Diesel Generator Package,PS5 - Milestone C
PL-006790,Originated,A,I,"All ferulles on PS5-04-PMC-0008-CC07/TBD15 to be changed, wire exposed",PS5-04-04 - 33kV PCS System,PS5 - Milestone A
PL-006791,Originated,A,I,Core marker for PS5-04-PMC-0008-CC26/TBA12/1/PR01/WH to be installed,PS5-04-04 - 33kV PCS System,PS5 - Milestone A
PL-006792,Originated,A,I,Core marker for PS5-04-PMC-0008-CC30/TBD23/4/PR01/BK to be installed,PS5-04-04 - 33kV PCS System,PS5 - Milestone A
PL-006793,Closed,A,E,Cable to be connected,PS5-05-01 - Emergency Diesel Generator Package,PS5 - Milestone C
PL-006794,Originated,B,I,Terminal Blok Name TBA16/04-PMC-0008-CC39 to be installed,PS5-04-04 - 33kV PCS System,PS5 - Milestone A
PL-006795,Originated,A,I,"All ferrules on PS5-04-PMC-0008-CC40/TBD25 to be changed, wire exposed",PS5-04-04 - 33kV PCS System,PS5 - Milestone A
PL-006796,Originated,A,I,"Ferulle for PS5-04-PMC-0008-CC41/TBD08/1/PR01/WH to be changed, wire exposed",PS5-04-04 - 33kV PCS System,PS5 - Milestone A
PL-006797,Closed,A,E,Cable to be connected,PS5-05-01 - Emergency Diesel Generator Package,PS5 - Milestone C
PL-006798,Closed,A,E,Cable to be connected,PS5-05-01 - Emergency Diesel Generator Package,PS5 - Milestone C
PL-006799,Closed,A,E,Cable to be connected,PS5-05-01 - Emergency Diesel Generator Package,PS5 - Milestone C
PL-006801,Closed,A,E,Cable to be connected,PS5-05-01 - Emergency Diesel Generator Package,PS5 - Milestone C
PL-006809,Closed,A,E,Cable to be connected,PS5-05-01 - Emergency Diesel Generator Package,PS5 - Milestone C
PL-006810,Completed,B,E,Cable dressing not completed at both ends,PS5-61-07 - 0.4kV Switchboard EITS Building (PS5-61-IK-0001),PS5 - Milestone A
PL-006811,Closed,A,E,Cable to be connected,PS5-05-01 - Emergency Diesel Generator Package,PS5 - Milestone C
PL-006812,Completed,B,E,Trench backfilled at Transformer side without installation of Red Protection Tiles and Warning Tape over LV Power Cable,PS5-61-07 - 0.4kV Switchboard EITS Building (PS5-61-IK-0001),PS5 - Milestone A
PL-006813,Closed,A,E,Cable to be connected,PS5-05-01 - Emergency Diesel Generator Package,PS5 - Milestone C
PL-006832,Originated,A,I,All ferulles on PS5-04-PMC-0008-CC12/TBD18 to be changed,PS5-04-04 - 33kV PCS System,PS5 - Milestone A
PL-006834,Originated,A,I,All ferulles on PS5-04-PMC-0008-CC25/TBA11 to be changed,PS5-04-04 - 33kV PCS System,PS5 - Milestone A
PL-006861,Originated,B,I,"Ferulle for PS5-04-PMC-0008-CC24/TBA07/4/PR02/BK to be changed, wire exposed",PS5-04-04 - 33kV PCS System,PS5 - Milestone A
PL-006862,Closed,A,E,Cable to be connected,PS5-05-01 - Emergency Diesel Generator Package,PS5 - Milestone C
PL-006863,Originated,A,I,"Ferulle for PS5-04-PMC-0008-CC20/TBD07/1/PR01/WH to be changed, wire exposed",PS5-04-04 - 33kV PCS System,PS5 - Milestone A
PL-006864,Originated,A,I,"Ferulle for PS5-04-PMC-0008-CC28/TBD21/1/PR01/WH and PS5-04-PMC-0008-CC28/TBD21/2/PR01/BK to be changed, wire exposed",PS5-04-04 - 33kV PCS System,PS5 - Milestone A
PL-006865,Originated,A,I,"Ferulle for PS5-04-PMC-0008-CC31/TBD24/1/PR01/WH and PS5-04-PMC-0008-CC31/TBD24/2/PR01/BK to be changed, wire exposed",PS5-04-04 - 33kV PCS System,PS5 - Milestone A
PL-006866,Originated,A,I,"Ferulle for PS5-04-PMC-0008-CC17/TBA09/1/PR01/WH and PS5-04-PMC-0008-CC17/TBA09/2/PR01/BK to be changed, wire exposed",PS5-04-04 - 33kV PCS System,PS5 - Milestone A
PL-006867,Originated,B,I,"Ferulle for PS5-04-PMC-0008-CC13/TBD19/4/PR02/BK to be changed, wire exposed",PS5-04-04 - 33kV PCS System,PS5 - Milestone A
PL-006868,Originated,B,I,"Ferulle for PS5-04-PMC-0008-CC11/TBD17/3/PR02/WH and PS5-04-PMC-0008-CC11/TBD17/4/PR02/BK to be changed, wire exposed",PS5-04-04 - 33kV PCS System,PS5 - Milestone A
PL-006869,Originated,A,I,"Ferulle for PS5-04-PMC-0008-CC10/TBD16/1/PR01/WH to be changed, wire exposed",PS5-04-04 - 33kV PCS System,PS5 - Milestone A
PL-006870,Originated,A,I,"Ferulle for PS5-04-PMC-0008-CC09/TBA02/1/PR01/WH to be changed, wire exposed",PS5-04-04 - 33kV PCS System,PS5 - Milestone A
PL-006871,Originated,A,I,"Ferulle for PS5-04-PMC-0008-CC47/TBA18/1/PR01/WH and PS5-04-PMC-0008-CC47/TBA18/4/PR02/BK to be changed, wire exposed",PS5-04-04 - 33kV PCS System,PS5 - Milestone A
PL-006872,Originated,B,I,"Missing terminal block name XAI inside Panel PS5-09-LB-0001, to be provided",PS5-09-05 - HVAC for EITS Building,PS5 - Milestone A
PL-006873,Originated,A,E,"Wrong core marker at Panel PS5-04-PMC-0002 side, to be replaced. PS5-04-PMC-0002-CS03,,, instead PS5-04-PMC-002-CS03,,,",PS5-04-04 - 33kV PCS System,PS5 - Milestone A
PL-006874,Originated,B,I,"to be changed terminal number on the drawing No. TZ-MID-68-SSF1-160014 page 288 of 952 due to actual number inside of panel is 1,2,3,4",PS5-04-04 - 33kV PCS System,PS5 - Milestone A
PL-006875,Originated,B,E,"Terminal Blok Name XDI13 at Panel PS5-61-IE-0002 is not available, to be provided",PS5-61-03 - 6.6kV Switchboard and Transformer LLHT South - EITS Building (PS5-61-IJ-0011),PS5 - Milestone G
PL-006876,Originated,A,I,to provided core marker for PS5-04-PMC-0008-CC35/TBA10/7/PR04/WH at PS5-04-PMC-0008 side,PS5-04-04 - 33kV PCS System,PS5 - Milestone A
PL-006877,Originated,A,I,"All ferulles in PS5-03-SFMS-0005 at terminal TBD08 to be changed, wire exposed",PS5-04-05 - 33kV SIS/FGS System,PS5 - Milestone A
PL-006878,Originated,B,I,"Ferulle for PS5-04-PMC-0008-CC57/TBD32/3/PR02/WH and PS5-04-PMC-0008-CC57/TBD32/4/PR02/BK to be changed, wire exposed",PS5-71-01 - CFO Storage Tank Feed Heater,PS5 - Milestone H
PL-006879,Originated,A,I,"Ferulle for PS5-06-GU-0001-CC03/TBA01/1/PR01/WH and PS5-06-GU-0001-CC03/TBA01/1/PR01/BK to be changed, wire exposed",PS5-04-05 - 33kV SIS/FGS System,PS5 - Milestone A
PL-006880,Originated,A,I,"All ferulles at PS5-03-SFMC-0003/TBA01 to be changed,wire exposed",PS5-04-05 - 33kV SIS/FGS System,PS5 - Milestone A
PL-006881,Originated,A,I,"All ferulles at PS5-04-PMC-0006/TBA05 to be changed, wire exposed",PS5-61-01 - 33kV Switchboard EITS Building (PS5-61-IJ-0001),PS5 - Milestone D
PL-006882,Originated,A,I,"All ferulles at PS5-04-PMC-0006/TBA06 to be changed,wire exposed",PS5-61-01 - 33kV Switchboard EITS Building (PS5-61-IJ-0001),PS5 - Milestone D
PL-006883,Originated,A,I,"All ferulles at PS5-04-PMC-0006/TBA07 to be changed, wire exposed",PS5-61-01 - 33kV Switchboard EITS Building (PS5-61-IJ-0001),PS5 - Milestone D
PL-006884,Originated,A,I,"to be changed ferulle for PS5-61-IK-0001-CC15/TBA02/1/PR01/WH; /3/PR02/WH and /5/PR03/WH, wire exposed",PS5-04-04 - 33kV PCS System,PS5 - Milestone A
PL-006885,Originated,A,I,"to be changed ferulle for PS5-61-0001-CC40/TBD01/1/PR01/WH and PS5-61-0001-CC40/TBD01/8/PR04/BK, wire exposed",PS5-04-04 - 33kV PCS System,PS5 - Milestone A
PL-006886,Originated,A,I,"to be changed ferulle for PS5-61-0001-CC43/TBD03/1/PR01/WH ; /2/PR01/BK and PS5-61-0001-CC43/TBD02/3/PR02/WH; /4/PR02/BK , wire exposed",PS5-04-04 - 33kV PCS System,PS5 - Milestone A
PL-006887,Originated,A,I,"Ferulle for PS5-03-SFMC-0006-CC57/TBD07/1/PR01/WH and PS5-03-SFMC-0006-CC57/TBD07/4/PR02/BK to be changed, wire exposed",PS5-71-01 - CFO Storage Tank Feed Heater,PS5 - Milestone H
PL-006888,Originated,A,I,"Ferulle for PS5-03-SFMC-0006-CC45/TBD02/1/PR01/WH and PS5-03-SFMC-0006-CC45/TBD02/3/PR02/WH to be changed, wire exposed",PS5-04-05 - 33kV SIS/FGS System,PS5 - Milestone A
PL-006889,Originated,B,I,"Ferulle for PS5-03-SFMC-0006-CC02/TBA12/4/PR02/BK to be changed, wire exposed",PS5-04-05 - 33kV SIS/FGS System,PS5 - Milestone A
PL-006894,Originated,A,E,Earth boss and Termination missing,PS5-05-01 - Emergency Diesel Generator Package,PS5 - Milestone C
PL-006895,Closed,A,E,Cable to be connected,PS5-05-01 - Emergency Diesel Generator Package,PS5 - Milestone C
PL-006896,Closed,A,E,Cable to be connected,PS5-05-01 - Emergency Diesel Generator Package,PS5 - Milestone C
PL-006897,Closed,A,E,Cable to be connected,PS5-05-01 - Emergency Diesel Generator Package,PS5 - Milestone C
PL-006898,Closed,A,E,Cable to be connected,PS5-05-01 - Emergency Diesel Generator Package,PS5 - Milestone C
PL-006899,Closed,A,E,Cable to be connected,PS5-05-01 - Emergency Diesel Generator Package,PS5 - Milestone C
PL-006900,Closed,A,E,Cable to be connected,PS5-05-01 - Emergency Diesel Generator Package,PS5 - Milestone C
PL-006901,Closed,A,E,Cable to be connected,PS5-05-01 - Emergency Diesel Generator Package,PS5 - Milestone C
PL-006903,Closed,A,E,Cable to be connected,PS5-05-01 - Emergency Diesel Generator Package,PS5 - Milestone C
PL-006904,Closed,A,E,Cable to be connected,PS5-05-01 - Emergency Diesel Generator Package,PS5 - Milestone C
PL-006905,Closed,A,E,Cable to be connected,PS5-05-01 - Emergency Diesel Generator Package,PS5 - Milestone C
PL-006906,Closed,A,E,Cable to be connected,PS5-05-01 - Emergency Diesel Generator Package,PS5 - Milestone C
PL-006907,Closed,A,E,Cable to be connected,PS5-05-01 - Emergency Diesel Generator Package,PS5 - Milestone C
PL-006926,Closed,A,E,Cable to be connected,PS5-53-01 - Utility Water / Storage Tank,PS5 - Milestone C
PL-006927,Closed,A,E,Cable to be connected,PS5-74-02 - N2 Generation Skid (UCP),PS5 - Milestone F
PL-006928,Closed,A,E,Cable to be connected,PS5-71-20 - Diesel Fuel Day Tank,PS5 - Milestone B
PL-006929,Closed,A,E,Cable to be connected,PS5-28-14 - Seal Oil Drain Drum & Pump B,PS5 - Milestone H
PL-006930,Closed,A,E,Cable to be connected,PS5-28-15 - Seal Oil Drain Drum & Pump C,PS5 - Milestone H
PL-006931,Closed,A,E,Cable to be connected,PS5-71-12 - CFO Service Tank,PS5 - Milestone H
PL-006932,Closed,A,E,Cable to be connected,PS5-71-04 - CFO Storage Tank,PS5 - Milestone H
PL-006933,Closed,A,E,Cable to be connected,PS5-71-12 - CFO Service Tank,PS5 - Milestone H
PL-006934,Closed,A,E,Cable to be connected,PS5-71-20 - Diesel Fuel Day Tank,PS5 - Milestone B
PL-006939,Closed,A,E,Cable to be connected,PS5-62-02 - Lighting Control Panel - PS5-62-IE-0002,PS5 - Milestone G
PL-006940,Closed,A,E,Cable to be connected,PS5-61-06 - 0.4kV Switchboard Power Generator Building (PS5-61-IK-0006),PS5 - Milestone D
PL-006943,Closed,A,E,Cable to be connected,PS5-71-21 - Diesel Transfer Pump A/B,PS5 - Milestone B
PL-006947,Closed,A,E,Cable to be connected,PS5-61-06 - 0.4kV Switchboard Power Generator Building (PS5-61-IK-0006),PS5 - Milestone D
PL-006948,Closed,A,E,Cable to be connected,PS5-71-05 - CFO Transfer Pump A/B,PS5 - Milestone H
PL-006949,Closed,A,E,Cable to be connected,PS5-71-12 - CFO Service Tank,PS5 - Milestone H
PL-006950,Closed,A,E,Cable to be connected,PS5-71-04 - CFO Storage Tank,PS5 - Milestone H
PL-006951,Closed,A,E,Cable to be connected,PS5-60-01 - Power Generation Package A,PS5 - Milestone B
PL-006952,Closed,A,E,Cable to be connected,PS5-60-04 - Power Generation Package B,PS5 - Milestone B
PL-006953,Closed,A,E,Cable to be connected,PS5-61-06 - 0.4kV Switchboard Power Generator Building (PS5-61-IK-0006),PS5 - Milestone D
PL-006954,Originated,C,M,"4:During the inspection, the tag number and nameplate were not found.",PS5-71-12 - CFO Service Tank,PS5 - Milestone H
PL-006955,Originated,C,M,4.1:Two gaskets arrived without a packing list.,PS5-71-12 - CFO Service Tank,PS5 - Milestone H
PL-006956,Originated,B,M,4.2:The duplex RTD 3-wire was found improperly aligned and extending outside the heater bundle,PS5-71-12 - CFO Service Tank,PS5 - Milestone H
PL-006957,Originated,C,M,"4:During the inspection, the tag number and nameplate were not found.",PS5-71-04 - CFO Storage Tank,PS5 - Milestone H
PL-006958,Originated,C,M,4.1:Two gaskets arrived without a packing list.,PS5-71-04 - CFO Storage Tank,PS5 - Milestone H
PL-006959,Originated,B,M,4.2:The duplex RTD 3-wire was found improperly aligned and extending outside the heater bundle,PS5-71-04 - CFO Storage Tank,PS5 - Milestone H
PL-006960,Closed,A,E,Cable to be connected,PS5-61-06 - 0.4kV Switchboard Power Generator Building (PS5-61-IK-0006),PS5 - Milestone D
PL-006961,Closed,A,E,Cable to be connected,PS5-61-06 - 0.4kV Switchboard Power Generator Building (PS5-61-IK-0006),PS5 - Milestone D
PL-006962,Closed,A,E,Cable to be connected,PS5-61-06 - 0.4kV Switchboard Power Generator Building (PS5-61-IK-0006),PS5 - Milestone D
PL-006963,Closed,A,E,Cable to be connected,PS5-61-06 - 0.4kV Switchboard Power Generator Building (PS5-61-IK-0006),PS5 - Milestone D
PL-006964,Closed,A,E,Cable to be connected,PS5-60-19 - Power Generation Package G,PS5 - Milestone E
PL-006967,Closed,A,E,Cable to be connected,PS5-28-03 - Closed Drain Drum and Pump 01,PS5 - Milestone G
PL-006968,Closed,A,E,Cable to be connected,PS5-28-17 - Reinjection Pump,PS5 - Milestone H
PL-006969,Closed,A,E,Cable to be connected,PS5-28-17 - Reinjection Pump,PS5 - Milestone H
PL-006970,Closed,A,E,Cable to be connected,PS5-25-07 - Export Pipeline Pig Launcher,PS5 - Milestone H
PL-006971,Closed,A,E,Cable to be connected,PS5-25-01 - Export Pipeline Pig Receiver,PS5 - Milestone H
PL-006972,Closed,A,E,Cable to be connected,PS5-25-01 - Export Pipeline Pig Receiver,PS5 - Milestone H
PL-006973,Closed,A,E,Cable to be connected,PS5-25-05 - Crude Oil Export Pumps Bypass,PS5 - Milestone H
PL-006974,Closed,A,E,Cable to be connected,PS5-25-02 - Crude Oil Export Pump A,PS5 - Milestone H
PL-006975,Closed,A,E,Cable to be connected,PS5-25-02 - Crude Oil Export Pump A,PS5 - Milestone H
PL-006976,Closed,A,E,Cable to be connected,PS5-01-08 - PS5 Deluge Valve Skid (PS5-01-UK-6100),PS5 - Milestone F
PL-007094,Closed,A,E,Cable to be connected,PS5-01-02 - Fire Water Pump A,PS5 - Milestone C
PL-007095,Originated,A,E,Temporary cable ties to be replaced by permanent trefoil cleats once available at site.,PS5-25-02 - Crude Oil Export Pump A,PS5 - Milestone H
PL-007096,Originated,A,E,Temporary cable ties to be replaced by permanent trefoil cleats once available at,PS5-25-04 - Crude Oil Export Pump C,PS5 - Milestone H
PL-007097,Originated,A,E,Temporary cable ties to be replaced by permanent trefoil cleats once available at site.,PS5-25-03 - Crude Oil Export Pump B,PS5 - Milestone H
PL-007099,Originated,A,E,Temporary cable ties to be replaced by permanent trefoil cleats once available at site.,PS5-25-02 - Crude Oil Export Pump A,PS5 - Milestone H
PL-007100,Originated,A,E,Temporary cable ties to be replaced by permanent trefoil cleats once available at site.,PS5-25-02 - Crude Oil Export Pump A,PS5 - Milestone H
PL-007101,Originated,A,E,Temporary cable ties to be replaced by permanent trefoil cleats once available at site.,PS5-25-02 - Crude Oil Export Pump A,PS5 - Milestone H
PL-007102,Originated,A,E,Temporary cable ties to be replaced by permanent trefoil cleats once available at site.,PS5-25-02 - Crude Oil Export Pump A,PS5 - Milestone H
PL-007103,Originated,A,E,Temporary cable ties to be replaced by permanent trefoil cleats once available at site.,PS5-25-02 - Crude Oil Export Pump A,PS5 - Milestone H
PL-007104,Originated,A,E,Temporary cable ties to be replaced by permanent trefoil cleats once available at site.,PS5-25-02 - Crude Oil Export Pump A,PS5 - Milestone H
PL-007105,Originated,A,E,Temporary cable ties to be replaced by permanent trefoil cleats once available at site.,PS5-25-02 - Crude Oil Export Pump A,PS5 - Milestone H
PL-007106,Originated,A,E,Temporary cable ties to be replaced by permanent trefoil cleats once available at site.,PS5-25-02 - Crude Oil Export Pump A,PS5 - Milestone H
PL-007107,Originated,A,E,Temporary cable ties to be replaced by permanent trefoil cleats once available at site.,PS5-25-02 - Crude Oil Export Pump A,PS5 - Milestone H
PL-007108,Originated,A,E,Temporary cable ties to be replaced by permanent trefoil cleats once available at site.,PS5-25-02 - Crude Oil Export Pump A,PS5 - Milestone H
PL-007109,Originated,A,E,Temporary cable ties to be replaced by permanent trefoil cleats once available at site.,PS5-25-02 - Crude Oil Export Pump A,PS5 - Milestone H
PL-007110,Originated,A,E,Temporary cable ties to be replaced by permanent trefoil cleats once available at site.,PS5-25-02 - Crude Oil Export Pump A,PS5 - Milestone H
PL-007111,Originated,A,E,Temporary cable ties to be replaced by permanent trefoil cleats once available at site.,PS5-25-03 - Crude Oil Export Pump B,PS5 - Milestone H
PL-007112,Originated,A,E,Temporary cable ties to be replaced by permanent trefoil cleats once available at site.,PS5-25-03 - Crude Oil Export Pump B,PS5 - Milestone H
PL-007113,Originated,A,E,Temporary cable ties to be replaced by permanent trefoil cleats once available at site.,PS5-25-03 - Crude Oil Export Pump B,PS5 - Milestone H
PL-007114,Originated,A,E,Temporary cable ties to be replaced by permanent trefoil cleats once available at site.,PS5-25-03 - Crude Oil Export Pump B,PS5 - Milestone H
PL-007115,Originated,A,E,Temporary cable ties to be replaced by permanent trefoil cleats once available at site.,PS5-25-03 - Crude Oil Export Pump B,PS5 - Milestone H
PL-007117,Originated,A,E,Temporary cable ties to be replaced by permanent trefoil cleats once available at site.,PS5-25-03 - Crude Oil Export Pump B,PS5 - Milestone H
PL-007118,Originated,A,E,Temporary cable ties to be replaced by permanent trefoil cleats once available at site.,PS5-25-03 - Crude Oil Export Pump B,PS5 - Milestone H
PL-007119,Originated,A,E,Temporary cable ties to be replaced by permanent trefoil cleats once available at site.,PS5-25-03 - Crude Oil Export Pump B,PS5 - Milestone H
PL-007120,Originated,A,E,Temporary cable ties to be replaced by permanent trefoil cleats once available at site.,PS5-25-03 - Crude Oil Export Pump B,PS5 - Milestone H
PL-007121,Originated,A,E,Temporary cable ties to be replaced by permanent trefoil cleats once available at site.,PS5-25-03 - Crude Oil Export Pump B,PS5 - Milestone H
PL-007122,Originated,A,E,Temporary cable ties to be replaced by permanent trefoil cleats once available at site.,PS5-25-03 - Crude Oil Export Pump B,PS5 - Milestone H
PL-007125,Originated,A,T,PS006-E&I-COW-2340 - Cable terminations to be done,PS6-08-35 - Optical Transport Network,PS6 - Milestone D
PL-007126,Originated,A,T,PS006-E&I-COW-2341 - Cable terminations to be done,PS6-08-35 - Optical Transport Network,PS6 - Milestone D
PL-007127,Originated,A,T,PS006-E&I-COW-2342 - Cable terminations to be done,PS6-08-35 - Optical Transport Network,PS6 - Milestone D
PL-007128,Originated,A,T,PS006-E&I-COW-2343 - Cable terminations to be done,PS6-08-35 - Optical Transport Network,PS6 - Milestone D
PL-007129,Originated,A,T,PS006-E&I-COW-2344 - Cable terminations to be done,PS6-08-35 - Optical Transport Network,PS6 - Milestone D
PL-007130,Originated,A,T,PS006-E&I-COW-2345 - Cable terminations to be done,PS6-08-35 - Optical Transport Network,PS6 - Milestone D
PL-007131,Originated,A,T,PS006-E&I-COW-2346 - Cable terminations to be done,PS6-08-35 - Optical Transport Network,PS6 - Milestone D
PL-007132,Originated,A,T,PS006-E&I-COW-2347 - Cable terminations to be done,PS6-08-35 - Optical Transport Network,PS6 - Milestone D
PL-007133,Originated,A,T,PS006-E&I-COW-2348 - Cable terminations to be done,PS6-08-35 - Optical Transport Network,PS6 - Milestone D
PL-007134,Originated,A,T,PS006-E&I-COW-2349 - Cable terminations to be done,PS6-08-35 - Optical Transport Network,PS6 - Milestone D
PL-007135,Originated,A,T,PS006-E&I-COW-2350 - New cable to be added,PS6-04-02 - PCS System,PS6 - Milestone B
PL-007136,Originated,A,T,PS006-E&I-COW-2351 - New cable to be added,PS6-04-02 - PCS System,PS6 - Milestone B
PL-007137,Originated,A,T,PS006-E&I-COW-2352 - New cable to be added,PS6-04-01 - CR ICSS and OWS,PS6 - Milestone B
PL-007138,Originated,A,T,PS006-E&I-COW-2353 - New cable to be added,PS6-04-01 - CR ICSS and OWS,PS6 - Milestone B
PL-007139,Originated,A,T,PS006-E&I-COW-2354 - New cable to be added,PS6-04-01 - CR ICSS and OWS,PS6 - Milestone B
PL-007140,Originated,B,T,PS006-E&I-COW-2355 - TAG to be changed,PS6-09-04 - HVAC for EITS Building,PS6 - Milestone C
PL-007141,Originated,A,T,PS006-E&I-COW-2356 - Cable terminations and TAG change to be done,PS6-04-01 - CR ICSS and OWS,PS6 - Milestone B
PL-007142,Originated,B,T,PS006-E&I-COW-2357 - Cable TAG labels to be changed,PS6-05-02 - Emergency Diesel Generator Package (UCP),PS6 - Milestone C
PL-007143,Originated,B,E,PS006-E&I-COW-2358 - Cable TAG labels to be changed,PS6-05-02 - Emergency Diesel Generator Package (UCP),PS6 - Milestone C
PL-007144,Originated,B,E,PS006-E&I-COW-2359 - Cable TAG labels to be changed,PS6-05-02 - Emergency Diesel Generator Package (UCP),PS6 - Milestone C
PL-007145,Originated,A,T,PS006-E&I-COW-2360 - Cable terminations and TAG change to be done,PS6-08-35 - Optical Transport Network,PS6 - Milestone D
PL-007146,Originated,A,T,PS006-E&I-COW-2361 - Cable terminations and TAG change to be done,PS6-08-35 - Optical Transport Network,PS6 - Milestone D
PL-007147,Originated,A,T,PS006-E&I-COW-2362 - Cable terminations and TAG change to be done,PS6-08-35 - Optical Transport Network,PS6 - Milestone D
PL-007148,Originated,A,T,PS006-E&I-COW-2363 - Cable terminations and TAG change to be done,PS6-08-35 - Optical Transport Network,PS6 - Milestone D
PL-007149,Originated,A,T,PS006-E&I-COW-2364 - Cable terminations and TAG change to be done,PS6-08-35 - Optical Transport Network,PS6 - Milestone D
PL-007150,Originated,A,T,PS006-E&I-COW-2365 - Cable terminations and TAG change to be done,PS6-08-11 - Corporate LAN (SIE),PS6 - Milestone C
PL-007151,Originated,A,T,PS006-E&I-COW-2366 - Cable terminations and TAG change to be done,PS6-08-11 - Corporate LAN (SIE),PS6 - Milestone C
PL-007152,Originated,A,T,PS006-E&I-COW-2367 - Cable terminations and TAG change to be done,PS6-08-11 - Corporate LAN (SIE),PS6 - Milestone C
PL-007153,Originated,A,T,PS006-E&I-COW-2368 - Cable terminations and TAG change to be done,PS6-08-11 - Corporate LAN (SIE),PS6 - Milestone C
PL-007154,Originated,A,T,PS006-E&I-COW-2369 - Cable terminations and TAG change to be done,PS6-08-11 - Corporate LAN (SIE),PS6 - Milestone C
PL-007155,Originated,A,T,PS006-E&I-COW-2370 - Cable terminations and TAG change to be done,PS6-08-11 - Corporate LAN (SIE),PS6 - Milestone C
PL-007173,Closed,A,E,Cable to be connected,PS5-61-06 - 0.4kV Switchboard Power Generator Building (PS5-61-IK-0006),PS5 - Milestone D
PL-007176,Closed,A,E,Cable to be connected,PS5-60-07 - Power Generation Package C,PS5 - Milestone D
PL-007177,Closed,A,E,Cable to be connected,PS5-60-10 - Power Generation Package D,PS5 - Milestone D
PL-007178,Closed,A,E,Cable to be connected,PS5-60-13 - Power Generation Package E,PS5 - Milestone D
PL-007179,Closed,A,E,Cable to be connected,PS5-60-16 - Power Generation Package F,PS5 - Milestone D
PL-007180,Closed,A,E,Cable to be connected,PS5-61-06 - 0.4kV Switchboard Power Generator Building (PS5-61-IK-0006),PS5 - Milestone D
PL-007181,Closed,A,E,Cable to be connected,PS5-61-06 - 0.4kV Switchboard Power Generator Building (PS5-61-IK-0006),PS5 - Milestone D
PL-007192,Closed,A,E,Cable to be connected,PS5-06-02 - AC UPS - Power Generator Building,PS5 - Milestone B
PL-007193,Closed,A,E,Cable to be connected,PS5-06-02 - AC UPS - Power Generator Building,PS5 - Milestone B
PL-007194,Closed,A,E,Cable to be connected,PS5-74-02 - N2 Generation Skid (UCP),PS5 - Milestone F
PL-007195,Closed,A,E,Cable to be connected,PS5-06-02 - AC UPS - Power Generator Building,PS5 - Milestone B
PL-007196,Closed,A,E,Cable to be connected,PS5-06-02 - AC UPS - Power Generator Building,PS5 - Milestone B
PL-007197,Closed,A,E,Cable to be connected,PS5-06-02 - AC UPS - Power Generator Building,PS5 - Milestone B
PL-007198,Closed,A,E,Cable to be connected,PS5-06-02 - AC UPS - Power Generator Building,PS5 - Milestone B
PL-007199,Closed,A,E,Cable to be connected,PS5-06-02 - AC UPS - Power Generator Building,PS5 - Milestone B
PL-007200,Closed,A,E,Cable to be connected,PS5-06-02 - AC UPS - Power Generator Building,PS5 - Milestone B
PL-007201,Closed,A,E,Cable to be connected,PS5-06-02 - AC UPS - Power Generator Building,PS5 - Milestone B
PL-007202,Closed,A,E,Cable to be connected,PS5-06-02 - AC UPS - Power Generator Building,PS5 - Milestone B
PL-007203,Closed,A,E,Cable to be connected,PS5-06-02 - AC UPS - Power Generator Building,PS5 - Milestone B
PL-007204,Closed,A,E,Cable to be connected,PS5-06-02 - AC UPS - Power Generator Building,PS5 - Milestone B
PL-007205,Closed,A,E,Cable to be connected,PS5-06-02 - AC UPS - Power Generator Building,PS5 - Milestone B
PL-007206,Closed,A,E,Cable to be connected,PS5-06-02 - AC UPS - Power Generator Building,PS5 - Milestone B
PL-007207,Closed,A,E,Cable to be connected,PS5-06-02 - AC UPS - Power Generator Building,PS5 - Milestone B
PL-007211,Closed,A,E,Cable to be connected,PS5-06-02 - AC UPS - Power Generator Building,PS5 - Milestone B
PL-007212,Closed,A,E,Cable to be connected,PS5-06-02 - AC UPS - Power Generator Building,PS5 - Milestone B
PL-007231,Originated,C,P,10:FINAL PIPING CONNECTION AND REINSTATEMENT TO BE COMPLETED AFTER HT(descipiline-piping),PS5-60-72 - Engine C Cooling system,PS5 - Milestone D
PL-007232,Originated,C,M,10.1: TOUCH UP PAINTING TO BE DONE,PS5-60-72 - Engine C Cooling system,PS5 - Milestone D
PL-007233,Originated,C,P,10:FINAL PIPING CONNECTION AND REINSTATEMENT TO BE COMPLETED AFTER HT(descipiline-piping),PS5-60-74 - Engine E Cooling system,PS5 - Milestone D
PL-007234,Originated,C,M,10.1:TOUCH UP PAINTING TO BE DONE,PS5-60-74 - Engine E Cooling system,PS5 - Milestone D
PL-007255,Originated,B,E,14:Check cable labelling is in accordance with specificationto be done.,PS6-61-04 - 0.4kV Switchboard EITS Building (PS6-61-IK-0001),PS6 - Milestone A
PL-007257,Originated,B,E,14:cable labelling is in accordance with specification to be done.,PS6-61-04 - 0.4kV Switchboard EITS Building (PS6-61-IK-0001),PS6 - Milestone A
PL-007258,Originated,B,E,14: cable labelling is in accordance with specification to be done,PS6-61-04 - 0.4kV Switchboard EITS Building (PS6-61-IK-0001),PS6 - Milestone A
PL-007260,Originated,B,E,14:cable labelling is in accordance with specification to be done,PS6-61-04 - 0.4kV Switchboard EITS Building (PS6-61-IK-0001),PS6 - Milestone A
PL-007261,Closed,B,E,14:cable labelling is in accordance with specification to be done,PS6-61-04 - 0.4kV Switchboard EITS Building (PS6-61-IK-0001),PS6 - Milestone A
PL-007262,Originated,B,E,14:Cable labelling is in accordance with specification to be done.,PS6-61-04 - 0.4kV Switchboard EITS Building (PS6-61-IK-0001),PS6 - Milestone A
PL-007263,Originated,B,E,14:Cable labelling is in accordance with specification to be done.,PS6-61-04 - 0.4kV Switchboard EITS Building (PS6-61-IK-0001),PS6 - Milestone A
PL-007264,Originated,B,E,14:Cable labelling is in accordance with specification to be done.,PS6-61-04 - 0.4kV Switchboard EITS Building (PS6-61-IK-0001),PS6 - Milestone A
PL-007265,Originated,B,E,14:Cable labelling is in accordance with specification to be done.,PS6-61-04 - 0.4kV Switchboard EITS Building (PS6-61-IK-0001),PS6 - Milestone A
PL-007266,Originated,B,E,14:Cable labelling is in accordance with specification to be done.,PS6-61-04 - 0.4kV Switchboard EITS Building (PS6-61-IK-0001),PS6 - Milestone A
PL-007267,Originated,B,E,14:Cable labelling is in accordance with specification to be done.,PS6-61-04 - 0.4kV Switchboard EITS Building (PS6-61-IK-0001),PS6 - Milestone A
PL-007268,Originated,B,E,14:Cable labelling is in accordance with specification to be done.,PS6-61-04 - 0.4kV Switchboard EITS Building (PS6-61-IK-0001),PS6 - Milestone A
PL-007269,Originated,B,E,14:Cable labelling is in accordance with specification to be done.,PS6-61-04 - 0.4kV Switchboard EITS Building (PS6-61-IK-0001),PS6 - Milestone A
PL-007270,Originated,B,E,14:Cable labelling is in accordance with specification to be done.,PS6-61-04 - 0.4kV Switchboard EITS Building (PS6-61-IK-0001),PS6 - Milestone A
PL-007271,Originated,B,E,14:Cable labelling is in accordance with specification to be done.,PS6-61-04 - 0.4kV Switchboard EITS Building (PS6-61-IK-0001),PS6 - Milestone A
PL-007272,Originated,B,E,14:Cable labelling is in accordance with specification to be done.,PS6-61-04 - 0.4kV Switchboard EITS Building (PS6-61-IK-0001),PS6 - Milestone A
PL-007273,Originated,B,E,14:Cable labelling is in accordance with specification to be done.,PS6-61-04 - 0.4kV Switchboard EITS Building (PS6-61-IK-0001),PS6 - Milestone A
PL-007275,Originated,B,E,14:Cable labelling is in accordance with specification to be done.,PS6-61-04 - 0.4kV Switchboard EITS Building (PS6-61-IK-0001),PS6 - Milestone A
PL-007276,Closed,B,E,14:Cable labelling is in accordance with specification to be done.,PS6-61-04 - 0.4kV Switchboard EITS Building (PS6-61-IK-0001),PS6 - Milestone A
PL-007277,Closed,B,E,14:Cable labelling is in accordance with specification to be done.,PS6-61-04 - 0.4kV Switchboard EITS Building (PS6-61-IK-0001),PS6 - Milestone A
PL-007278,Closed,B,E,14:Cable labelling is in accordance with specification to be done.,PS6-61-04 - 0.4kV Switchboard EITS Building (PS6-61-IK-0001),PS6 - Milestone A
PL-007279,Closed,B,E,14:Cable labelling is in accordance with specification to be done.,PS6-61-04 - 0.4kV Switchboard EITS Building (PS6-61-IK-0001),PS6 - Milestone A
PL-007281,Closed,B,E,14:Cable labelling is in accordance with specification to be done.,PS6-61-04 - 0.4kV Switchboard EITS Building (PS6-61-IK-0001),PS6 - Milestone A
PL-007282,Closed,B,E,14:Cable labelling is in accordance with specification to be done.,PS6-61-04 - 0.4kV Switchboard EITS Building (PS6-61-IK-0001),PS6 - Milestone A
PL-007283,Closed,B,E,14:Cable labelling is in accordance with specification to be done.,PS6-61-04 - 0.4kV Switchboard EITS Building (PS6-61-IK-0001),PS6 - Milestone A
PL-007284,Closed,B,E,14:Cable labelling is in accordance with specification to be done.,PS6-61-04 - 0.4kV Switchboard EITS Building (PS6-61-IK-0001),PS6 - Milestone A
PL-007285,Closed,B,E,14:Cable labelling is in accordance with specification to be done.,PS6-61-04 - 0.4kV Switchboard EITS Building (PS6-61-IK-0001),PS6 - Milestone A
PL-007286,Closed,B,E,14:Cable labelling is in accordance with specification to be done.,PS6-61-04 - 0.4kV Switchboard EITS Building (PS6-61-IK-0001),PS6 - Milestone A
PL-007287,Closed,B,E,14:Cable labelling is in accordance with specification to be done.,PS6-61-04 - 0.4kV Switchboard EITS Building (PS6-61-IK-0001),PS6 - Milestone A
PL-007288,Closed,B,E,14:Cable labelling is in accordance with specification to be done.,PS6-61-04 - 0.4kV Switchboard EITS Building (PS6-61-IK-0001),PS6 - Milestone A
PL-007289,Closed,B,E,14:Cable labelling is in accordance with specification to be done.,PS6-61-04 - 0.4kV Switchboard EITS Building (PS6-61-IK-0001),PS6 - Milestone A
PL-007290,Closed,B,E,14:Cable labelling is in accordance with specification to be done.,PS6-61-04 - 0.4kV Switchboard EITS Building (PS6-61-IK-0001),PS6 - Milestone A
PL-007291,Closed,B,E,14:Cable labelling is in accordance with specification to be done.,PS6-61-04 - 0.4kV Switchboard EITS Building (PS6-61-IK-0001),PS6 - Milestone A
PL-007292,Closed,B,E,14:Cable labelling is in accordance with specification to be done.,PS6-61-04 - 0.4kV Switchboard EITS Building (PS6-61-IK-0001),PS6 - Milestone A
PL-007293,Closed,B,E,14:Cable labelling is in accordance with specification to be done.,PS6-61-04 - 0.4kV Switchboard EITS Building (PS6-61-IK-0001),PS6 - Milestone A
PL-007294,Closed,B,E,14:Cable labelling is in accordance with specification to be done.,PS6-61-04 - 0.4kV Switchboard EITS Building (PS6-61-IK-0001),PS6 - Milestone A
PL-007295,Originated,B,E,14:Cable labelling is in accordance with specification to be done.,PS6-61-04 - 0.4kV Switchboard EITS Building (PS6-61-IK-0001),PS6 - Milestone A
PL-007297,Closed,B,E,14:Cable labelling is in accordance with specification to be done.,PS6-61-04 - 0.4kV Switchboard EITS Building (PS6-61-IK-0001),PS6 - Milestone A
PL-007305,Originated,A,E,trefoil cable cleats to be installed,PS5-25-04 - Crude Oil Export Pump C,PS5 - Milestone H
PL-007306,Originated,A,E,trefoil cable cleats to be installed,PS5-25-04 - Crude Oil Export Pump C,PS5 - Milestone H
PL-007307,Originated,A,E,trefoil cable cleats to be installed,PS5-25-04 - Crude Oil Export Pump C,PS5 - Milestone H
PL-007308,Originated,A,E,trefoil cable cleats to be installed,PS5-25-04 - Crude Oil Export Pump C,PS5 - Milestone H
PL-007309,Originated,A,E,trefoil cable cleats to be installed,PS5-25-04 - Crude Oil Export Pump C,PS5 - Milestone H
PL-007310,Originated,A,E,trefoil cable cleats to be installed,PS5-25-04 - Crude Oil Export Pump C,PS5 - Milestone H
PL-007311,Originated,A,E,trefoil cable cleats to be installed,PS5-25-04 - Crude Oil Export Pump C,PS5 - Milestone H
PL-007312,Originated,A,E,trefoil cable cleats to be installed,PS5-25-04 - Crude Oil Export Pump C,PS5 - Milestone H
PL-007313,Originated,A,E,trefoil cable cleats to be installed,PS5-25-04 - Crude Oil Export Pump C,PS5 - Milestone H
PL-007314,Originated,A,E,trefoil cable cleats to be installed,PS5-25-04 - Crude Oil Export Pump C,PS5 - Milestone H
PL-007315,Originated,A,E,trefoil cable cleats to be installed,PS5-25-04 - Crude Oil Export Pump C,PS5 - Milestone H
PL-007316,Originated,A,E,trefoil cable cleats to be installed,PS5-25-04 - Crude Oil Export Pump C,PS5 - Milestone H
PL-007317,Originated,A,E,trefoil cable cleats to be installed,PS5-61-05 - 0.4kV Switchboard Power Generator Building (PS5-61-IK-0003),PS5 - Milestone B
PL-007318,Originated,A,E,trefoil cable cleats to be installed,PS5-61-05 - 0.4kV Switchboard Power Generator Building (PS5-61-IK-0003),PS5 - Milestone B
PL-007319,Originated,A,E,trefoil cable cleats to be installed,PS5-61-05 - 0.4kV Switchboard Power Generator Building (PS5-61-IK-0003),PS5 - Milestone B
PL-007330,Originated,B,I,unterminated cable to be terminated /Batteries to be installed (electrolyte to be filled),PS6-05-01 - Emergency Diesel Generator Package,PS6 - Milestone C
PL-007331,Originated,B,P,2 flexible hoses are short to be supplied by UNTRAC for the hydraulic unit,PS6-05-01 - Emergency Diesel Generator Package,PS6 - Milestone C
PL-007332,Originated,B,S,UNTERMINATED CABLE TO BE TERMINATED,PS6-03-04 - FZ-04 - Emergency Diesel Generator Enclosure,PS6 - Milestone C
PL-007333,Closed,A,E,Cable to be connected,PS5-71-13 - CFO Service Pump A/B,PS5 - Milestone H
PL-007334,Closed,A,E,Cable to be connected,PS5-71-04 - CFO Storage Tank,PS5 - Milestone H
PL-007414,Originated,A,T,PS006-E&I-ALL-PL-0362 - Cable CAT6 not yet terminated at panel PNC (PS6-04-PNC-0001) due to panel not yet installed the panel will be installed at site,PS6-08-35 - Optical Transport Network,PS6 - Milestone D
PL-007415,Originated,A,T,PS006-E&I-ALL-PL-0362 - Cable CAT6 not yet terminated at panel PNC (PS6-04-PNC-0001) due to panel not yet installed the panel will be installed at site,PS6-08-35 - Optical Transport Network,PS6 - Milestone D
PL-007416,Originated,A,T,PS006-E&I-ALL-PL-0362 - Cable CAT6 not yet terminated at panel PNC (PS6-04-PNC-0001) due to panel not yet installed the panel will be installed at site,PS6-08-35 - Optical Transport Network,PS6 - Milestone D
PL-007417,Originated,A,T,PS006-E&I-ALL-PL-0362 - Cable CAT6 not yet terminated at panel PNC (PS6-04-PNC-0001) due to panel not yet installed the panel will be installed at site,PS6-08-35 - Optical Transport Network,PS6 - Milestone D
PL-007418,Originated,A,T,PS006-E&I-ALL-PL-0362 - Cable CAT6 not yet terminated at panel PNC (PS6-04-PNC-0001) due to panel not yet installed the panel will be installed at site,PS6-04-01 - CR ICSS and OWS,PS6 - Milestone B
PL-007419,Originated,A,T,PS006-E&I-ALL-PL-0362 - Cable CAT6 not yet terminated at panel PNC (PS6-04-PNC-0001) due to panel not yet installed the panel will be installed at site,PS6-04-01 - CR ICSS and OWS,PS6 - Milestone B
PL-007420,Originated,A,T,PS006-E&I-ALL-PL-0362 - Cable CAT6 not yet terminated at panel PNC (PS6-04-PNC-0001) due to panel not yet installed the panel will be installed at site,PS6-04-01 - CR ICSS and OWS,PS6 - Milestone B
PL-007421,Originated,A,T,PS006-E&I-ALL-PL-0362 - Cable CAT6 not yet terminated at panel PNC (PS6-04-PNC-0001) due to panel not yet installed the panel will be installed at site,PS6-04-01 - CR ICSS and OWS,PS6 - Milestone B
PL-007422,Originated,A,T,PS006-E&I-ALL-PL-0362 - Cable CAT6 not yet terminated at panel PNC (PS6-04-PNC-0001) due to panel not yet installed the panel will be installed at site,PS6-04-01 - CR ICSS and OWS,PS6 - Milestone B
PL-007423,Originated,A,T,PS006-E&I-ALL-PL-0362 - Cable CAT6 not yet terminated at panel PNC (PS6-04-PNC-0001) due to panel not yet installed the panel will be installed at site,PS6-04-01 - CR ICSS and OWS,PS6 - Milestone B
PL-007424,Originated,A,T,PS006-E&I-ALL-PL-0413 - Cable coil inside panel PS6-08-11CB-1001 (COW) carry of work,PS6-08-11 - Corporate LAN (SIE),PS6 - Milestone C
PL-007425,Originated,A,T,PS006-E&I-ALL-PL-0414 - Cable coil inside panel PS6-08-11CB-1001 (COW) carry of work,PS6-08-11 - Corporate LAN (SIE),PS6 - Milestone C
PL-007426,Originated,A,T,PS006-E&I-ALL-PL-0394 - Instrument cable not yet terminated at PNC panel (PS6-04-PNC-0001) due to PNC not yet installed. The PNC panel will be installed at site Tanzania,PS6-04-01 - CR ICSS and OWS,PS6 - Milestone B
PL-007427,Originated,A,T,PS006-E&I-ALL-PL-0300 - One side termination. COW,PS6-04-01 - CR ICSS and OWS,PS6 - Milestone B
PL-007428,Originated,A,T,PS006-E&I-ALL-PL-0301 - One side termination. COW,PS6-04-01 - CR ICSS and OWS,PS6 - Milestone B
PL-007429,Originated,A,T,PS006-E&I-ALL-PL-0302 - One side termination. COW,PS6-04-01 - CR ICSS and OWS,PS6 - Milestone B
PL-007430,Originated,A,T,PS006-E&I-ALL-PL-0303 - One side termination. COW,PS6-04-01 - CR ICSS and OWS,PS6 - Milestone B
PL-007431,Originated,A,T,PS006-E&I-ALL-PL-0304 - One side termination. COW,PS6-04-01 - CR ICSS and OWS,PS6 - Milestone B
PL-007432,Originated,A,T,PS006-E&I-ALL-PL-0305 - One side termination. COW,PS6-04-01 - CR ICSS and OWS,PS6 - Milestone B
PL-007433,Originated,A,T,PS006-E&I-ALL-PL-0306 - One side termination. COW,PS6-04-01 - CR ICSS and OWS,PS6 - Milestone B
PL-007434,Originated,A,T,PS006-E&I-ALL-PL-0307 - One side termination. COW,PS6-04-01 - CR ICSS and OWS,PS6 - Milestone B
PL-007435,Originated,A,T,PS006-E&I-ALL-PL-0308 - One side termination. COW,PS6-04-01 - CR ICSS and OWS,PS6 - Milestone B
PL-007436,Originated,A,T,PS006-E&I-ALL-PL-0309 - One side termination. COW,PS6-04-01 - CR ICSS and OWS,PS6 - Milestone B
PL-007437,Originated,A,T,PS006-E&I-ALL-PL-0318 - One side termination. COW,PS6-04-01 - CR ICSS and OWS,PS6 - Milestone B
PL-007438,Originated,A,T,PS006-E&I-ALL-PL-0319 - One side termination. COW,PS6-04-01 - CR ICSS and OWS,PS6 - Milestone B
PL-007439,Originated,A,T,PS006-E&I-ALL-PL-0320 - One side termination. COW,PS6-04-01 - CR ICSS and OWS,PS6 - Milestone B
PL-007440,Originated,A,T,PS006-E&I-ALL-PL-0322 - One side termination. COW,PS6-04-01 - CR ICSS and OWS,PS6 - Milestone B
PL-007441,Originated,A,T,PS006-E&I-ALL-PL-0323 - One side termination. COW,PS6-04-01 - CR ICSS and OWS,PS6 - Milestone B
PL-007442,Originated,A,T,PS006-E&I-ALL-PL-0324 - One side termination. COW,PS6-04-01 - CR ICSS and OWS,PS6 - Milestone B
PL-007443,Originated,A,T,PS006-E&I-ALL-PL-0325 - One side termination. COW,PS6-04-01 - CR ICSS and OWS,PS6 - Milestone B
PL-007444,Originated,A,T,PS006-E&I-ALL-PL-0326 - One side termination. COW,PS6-04-01 - CR ICSS and OWS,PS6 - Milestone B
PL-007445,Originated,A,T,PS006-E&I-ALL-PL-0327 - One side termination. COW,PS6-04-01 - CR ICSS and OWS,PS6 - Milestone B
PL-007446,Originated,A,T,PS006-E&I-ALL-PL-0328 - One side termination. COW,PS6-04-01 - CR ICSS and OWS,PS6 - Milestone B
PL-007447,Originated,A,T,PS006-E&I-ALL-PL-0329 - One side termination. COW,PS6-04-01 - CR ICSS and OWS,PS6 - Milestone B
PL-007448,Originated,A,T,PS006-E&I-ALL-PL-0330 - One side termination. COW,PS6-04-01 - CR ICSS and OWS,PS6 - Milestone B
PL-007449,Originated,A,T,PS006-E&I-ALL-PL-0333 - One side termination. COW,PS6-04-01 - CR ICSS and OWS,PS6 - Milestone B
PL-007450,Originated,A,T,PS006-E&I-ALL-PL-0334 - One side termination. COW,PS6-04-01 - CR ICSS and OWS,PS6 - Milestone B
PL-007451,Originated,A,T,PS006-E&I-ALL-PL-0423 - Power Cable not terminated yet at panel PNC (PS6-04-PNC-0001) due to panel not yet installed and will be installed at site (Tanzania),PS6-04-01 - CR ICSS and OWS,PS6 - Milestone B
PL-007452,Originated,A,T,PS006-E&I-ALL-PL-0423 - Power Cable not terminated yet at panel PNC (PS6-04-PNC-0001) due to panel not yet installed and will be installed at site (Tanzania),PS6-04-01 - CR ICSS and OWS,PS6 - Milestone B
PL-007453,Originated,A,T,PS006-E&I-ALL-PL-0423 - Power Cable not terminated yet at panel PNC (PS6-04-PNC-0001) due to panel not yet installed and will be installed at site (Tanzania),PS6-04-01 - CR ICSS and OWS,PS6 - Milestone B
PL-007467,Closed,B,P,Flange Management Torquing tag to be installed,PS6-25-02 - Crude Oil Export Pump A,PS6 - Milestone E
PL-007468,Closed,B,P,Flange Management Torquing tag to be installed,PS6-25-03 - Crude Oil Export Pump B,PS6 - Milestone E
PL-007469,Closed,B,P,Flange Management Torquing tag to be installed,PS6-28-04 - Reinjection Pump,PS6 - Milestone E
PL-007470,Closed,C,P,Touchup paint to be done,PS6-25-02 - Crude Oil Export Pump A,PS6 - Milestone E
PL-007471,Closed,C,P,Touchup Paint to be done,PS6-25-03 - Crude Oil Export Pump B,PS6 - Milestone E
PL-007472,Closed,C,P,Touchup Paint to be done,PS6-28-04 - Reinjection Pump,PS6 - Milestone E
PL-007540,Originated,A,M,4:Nozzle flange distoration was observed on the Aerobic tank PS5-82-TR-4800 during inspection,PS5-82-02 - Sewage Treatment Plant Package,PS5 - Milestone I
PL-007655,Originated,B,T,PS006-E&I-COW-2489 - Cable TAG labels to be changed,PS6-09-04 - HVAC for EITS Building,PS6 - Milestone C
PL-007709,Closed,A,E,Cable to be connected,PS5-25-05 - Crude Oil Export Pumps Bypass,PS5 - Milestone H
PL-007710,Closed,A,E,Cable to be connected,PS5-71-12 - CFO Service Tank,PS5 - Milestone H
PL-007711,Closed,A,E,Cable to be connected,PS5-71-12 - CFO Service Tank,PS5 - Milestone H
PL-007713,Closed,A,E,Cable to be connected,PS5-71-12 - CFO Service Tank,PS5 - Milestone H
PL-007715,Closed,A,E,Cable to be connected,PS5-71-12 - CFO Service Tank,PS5 - Milestone H
PL-007805,Originated,B,M,"4:The welding quality on the skid is not up to the required standard, and cracks were observed in the weld areas throughout the skid. (All welded areas).",PS5-75-02 - Biocide Injection Package,PS5 - Milestone G
PL-007806,Originated,B,M,"4.1:During inspection, the U-clamp was found missing",PS5-75-02 - Biocide Injection Package,PS5 - Milestone G
PL-007807,Originated,B,M,"4.2:During inspection, the U-clamp was found to be improperly installed",PS5-75-02 - Biocide Injection Package,PS5 - Milestone G
PL-007808,Originated,B,M,"4.3:During the inspection, oil leakage was observed from the diaphragm pump. (PS5-75-PB-3200A).",PS5-75-02 - Biocide Injection Package,PS5 - Milestone G
PL-007809,Originated,B,M,"4.4:During the inspection, oil leakage was observed from the diaphragm pump (PS5-75-PB-3200B).",PS5-75-02 - Biocide Injection Package,PS5 - Milestone G
PL-007810,Originated,C,M,"4.5:As per the packing list, Canopy Tag No. 3300A & 3300B but received Tag No. 3200A & 3200B.",PS5-75-02 - Biocide Injection Package,PS5 - Milestone G
PL-007811,Originated,B,M,"4.6:During inspection After welding the pad plate, the vent holes were required to be sealed. but no one vent hole was didnt sealed,.",PS5-75-02 - Biocide Injection Package,PS5 - Milestone G
PL-007812,Originated,B,M,"4.7:During the inspection, some diaphragm pump support bolts were found loose, and some bolts were missing. (PS5-75-PB-3200A/B)",PS5-75-02 - Biocide Injection Package,PS5 - Milestone G
PL-007813,Originated,B,M,"4.8:During the inspection, the support bracing was found missing.",PS5-75-02 - Biocide Injection Package,PS5 - Milestone G
PL-007814,Originated,A,M,"4.9:""During the inspection, the diaphragm valve was found broken (PS5-75-BAV-1024)""",PS5-75-02 - Biocide Injection Package,PS5 - Milestone G
PL-007815,Originated,B,E,"4.10:""During Inspection, unproper Glanding Cable Gland for Cable Tag PS5-75-LIT-4202A-CJ01""",PS5-75-02 - Biocide Injection Package,PS5 - Milestone G
PL-007816,Originated,B,E,4.11:SS Hanging Tagging for all General Transmitteri is Missing,PS5-75-02 - Biocide Injection Package,PS5 - Milestone G
PL-007853,Originated,C,E,20: CP261 Pressure relay for main tank indicator was found without glass as manufactured from factory.,PS5-61-01 - 33kV Switchboard EITS Building (PS5-61-IJ-0001),PS5 - Milestone D
PL-007854,Originated,B,E,20.1: BR321 Gas collection pipe for gas sampling have small diameter compared to its coupling point on the Bucholz relay,PS5-61-01 - 33kV Switchboard EITS Building (PS5-61-IJ-0001),PS5 - Milestone D
PL-007987,Originated,B,T,"9: Check cable labelling is in accordance with specification (Start/End, length).",PS6-08-03 - Telephone,PS6 - Milestone D
PL-007989,Originated,B,T,"9: Check cable labelling is in accordance with specification (Start/End, length).",PS6-08-03 - Telephone,PS6 - Milestone D
PL-007991,Originated,B,T,"9: Check cable labelling is in accordance with specification (Start/End, length).",PS6-08-01 - PAGA,PS6 - Milestone D
PL-007992,Closed,B,T,"9: Check cable labelling is in accordance with specification (Start/End, length).","PS6-08-85 - Access Control, POB & e-Mustering",PS6 - Milestone E
PL-007994,Closed,B,T,"9: Check cable labelling is in accordance with specification (Start/End, length).","PS6-08-85 - Access Control, POB & e-Mustering",PS6 - Milestone E
PL-007995,Closed,B,T,"9: Check cable labelling is in accordance with specification (Start/End, length).","PS6-08-85 - Access Control, POB & e-Mustering",PS6 - Milestone E
PL-007996,Closed,B,T,"9: Check cable labelling is in accordance with specification (Start/End, length).","PS6-08-85 - Access Control, POB & e-Mustering",PS6 - Milestone E
PL-007997,Closed,B,T,"9: Check cable labelling is in accordance with specification (Start/End, length).",PS6-08-01 - PAGA,PS6 - Milestone D
PL-007999,Closed,B,T,"9: Check cable labelling is in accordance with specification (Start/End, length).","PS6-08-85 - Access Control, POB & e-Mustering",PS6 - Milestone E
PL-008102,Originated,B,B,11:Application of the slip resistance Epoxy Resin on the slab.,PS6-84-02 - Shelters,PS6 - Milestone G
PL-008118,Closed,B,T,"9: Check cable labelling is in accordance with specification (Start/End, length).",PS6-08-01 - PAGA,PS6 - Milestone D
PL-008119,Closed,B,T,"9: Check cable labelling is in accordance with specification (Start/End, length).",PS6-08-01 - PAGA,PS6 - Milestone D
PL-008120,Closed,B,T,"9: Check cable labelling is in accordance with specification (Start/End, length).",PS6-08-01 - PAGA,PS6 - Milestone D
PL-008122,Closed,B,T,"9: Check cable labelling is in accordance with specification (Start/End, length).",PS6-08-01 - PAGA,PS6 - Milestone D
PL-008123,Originated,B,T,"9: Check cable labelling is in accordance with specification (Start/End, length).",PS6-08-01 - PAGA,PS6 - Milestone D
PL-008124,Originated,B,T,"9: Check cable labelling is in accordance with specification (Start/End, length).",PS6-08-01 - PAGA,PS6 - Milestone D
PL-008126,Closed,B,T,"9: Check cable labelling is in accordance with specification (Start/End, length).",PS6-08-01 - PAGA,PS6 - Milestone D
PL-008127,Closed,B,T,"9: Check cable labelling is in accordance with specification (Start/End, length).",PS6-08-01 - PAGA,PS6 - Milestone D
PL-008128,Closed,B,T,"9: Check cable labelling is in accordance with specification (Start/End, length).",PS6-08-01 - PAGA,PS6 - Milestone D
PL-008129,Closed,B,T,"9: Check cable labelling is in accordance with specification (Start/End, length).",PS6-08-01 - PAGA,PS6 - Milestone D
PL-008130,Originated,B,T,"9: Check cable labelling is in accordance with specification (Start/End, length).",PS6-08-01 - PAGA,PS6 - Milestone D
PL-008131,Closed,B,T,"9: Check cable labelling is in accordance with specification (Start/End, length).",PS6-08-03 - Telephone,PS6 - Milestone D
PL-008132,Originated,B,T,"9: Check cable labelling is in accordance with specification (Start/End, length).",PS6-08-03 - Telephone,PS6 - Milestone D
PL-008135,Originated,B,T,"9: Check cable labelling is in accordance with specification (Start/End, length).",PS6-08-03 - Telephone,PS6 - Milestone D
PL-008136,Closed,B,T,"9: Check cable labelling is in accordance with specification (Start/End, length).","PS6-08-85 - Access Control, POB & e-Mustering",PS6 - Milestone E
PL-008138,Closed,B,T,"9: Check cable labelling is in accordance with specification (Start/End, length).",PS6-08-13 - Safety Data Network (SII SP3 SAF),PS6 - Milestone C
PL-008140,Closed,B,T,"9: Check cable labelling is in accordance with specification (Start/End, length).",PS6-08-23 - VHF Trunk Radio System,PS6 - Milestone D
PL-008143,Closed,B,T,"9: Check cable labelling is in accordance with specification (Start/End, length).",PS6-08-52 - Process & Security CCTV,PS6 - Milestone E
PL-008144,Closed,B,T,"9: Check cable labelling is in accordance with specification (Start/End, length).",PS6-08-52 - Process & Security CCTV,PS6 - Milestone E
PL-008145,Closed,B,T,"9: Check cable labelling is in accordance with specification (Start/End, length).",PS6-08-52 - Process & Security CCTV,PS6 - Milestone E
PL-008146,Originated,B,T,"9: Check cable labelling is in accordance with specification (Start/End, length).",PS6-08-61 - Meteocean,PS6 - Milestone F
PL-008183,Closed,B,T,"9: Check cable labelling is in accordance with specification (Start/End, length).","PS6-08-85 - Access Control, POB & e-Mustering",PS6 - Milestone E
PL-008184,Closed,B,T,"9: Check cable labelling is in accordance with specification (Start/End, length).","PS6-08-85 - Access Control, POB & e-Mustering",PS6 - Milestone E
PL-008185,Closed,B,T,"9: Check cable labelling is in accordance with specification (Start/End, length).","PS6-08-85 - Access Control, POB & e-Mustering",PS6 - Milestone E
PL-008186,Originated,B,T,"9: Check cable labelling is in accordance with specification (Start/End, length).","PS6-08-85 - Access Control, POB & e-Mustering",PS6 - Milestone E
PL-008187,Closed,B,T,"9: Check cable labelling is in accordance with specification (Start/End, length).",PS6-08-61 - Meteocean,PS6 - Milestone F
PL-008188,Closed,B,T,"9: Check cable labelling is in accordance with specification (Start/End, length).",PS6-08-61 - Meteocean,PS6 - Milestone F
PL-008189,Closed,B,T,"9: Check cable labelling is in accordance with specification (Start/End, length).","PS6-08-85 - Access Control, POB & e-Mustering",PS6 - Milestone E
PL-008190,Closed,B,T,"9: Check cable labelling is in accordance with specification (Start/End, length).",PS6-08-01 - PAGA,PS6 - Milestone D
PL-008191,Closed,B,T,"9: Check cable labelling is in accordance with specification (Start/End, length).","PS6-08-85 - Access Control, POB & e-Mustering",PS6 - Milestone E
PL-008192,Closed,B,T,"9: Check cable labelling is in accordance with specification (Start/End, length).","PS6-08-85 - Access Control, POB & e-Mustering",PS6 - Milestone E
PL-008193,Closed,B,T,"9: Check cable labelling is in accordance with specification (Start/End, length).","PS6-08-85 - Access Control, POB & e-Mustering",PS6 - Milestone E
PL-008229,Originated,A,I,instrument to be replaced once the new transmitters arrive at site.,PS5-25-02 - Crude Oil Export Pump A,PS5 - Milestone H
PL-008230,Originated,A,I,instrument to be replaced once the new transmitters arrive at site.,PS5-25-03 - Crude Oil Export Pump B,PS5 - Milestone H
PL-008231,Originated,A,I,instrument to be replaced once the new transmitters arrive at site.,PS5-25-04 - Crude Oil Export Pump C,PS5 - Milestone H
PL-008232,Originated,A,I,instrument to be replaced once the new transmitters arrive at site.,PS6-25-02 - Crude Oil Export Pump A,PS6 - Milestone E
PL-008233,Originated,A,I,instrument to be replaced once the new transmitters arrive at site.,PS6-25-03 - Crude Oil Export Pump B,PS6 - Milestone E
PL-008234,Originated,A,I,instrument to be replaced once the new transmitters arrive at site.,PS6-25-04 - Crude Oil Export Pump C,PS6 - Milestone E
PL-008323,Originated,B,T,"9: Check cable labelling is in accordance with specification (Start/End, length).",PS6-08-01 - PAGA,PS6 - Milestone D
PL-008324,Closed,B,T,"9: Check cable labelling is in accordance with specification (Start/End, length).",PS6-08-01 - PAGA,PS6 - Milestone D
PL-008325,Originated,B,T,"9: Check cable labelling is in accordance with specification (Start/End, length).",PS6-08-01 - PAGA,PS6 - Milestone D
PL-008326,Originated,B,T,"9: Check cable labelling is in accordance with specification (Start/End, length).",PS6-08-01 - PAGA,PS6 - Milestone D
PL-008327,Closed,B,T,"9: Check cable labelling is in accordance with specification (Start/End, length).",PS6-08-01 - PAGA,PS6 - Milestone D
PL-008328,Originated,B,T,"9: Check cable labelling is in accordance with specification (Start/End, length).",PS6-08-01 - PAGA,PS6 - Milestone D
PL-008329,Originated,B,T,"9: Check cable labelling is in accordance with specification (Start/End, length).",PS6-08-01 - PAGA,PS6 - Milestone D
PL-008330,Originated,B,T,"9: Check cable labelling is in accordance with specification (Start/End, length).",PS6-08-01 - PAGA,PS6 - Milestone D
PL-008331,Closed,B,T,"9: Check cable labelling is in accordance with specification (Start/End, length).",PS6-08-01 - PAGA,PS6 - Milestone D
PL-008332,Closed,B,T,"9: Check cable labelling is in accordance with specification (Start/End, length).",PS6-08-01 - PAGA,PS6 - Milestone D
PL-008426,Closed,B,T,"9: Check cable labelling is in accordance with specification (Start/End, length).",PS6-08-01 - PAGA,PS6 - Milestone D
PL-008427,Originated,B,T,"9: Check cable labelling is in accordance with specification (Start/End, length).","PS6-08-85 - Access Control, POB & e-Mustering",PS6 - Milestone E
PL-008428,Originated,B,T,"9: Check cable labelling is in accordance with specification (Start/End, length).","PS6-08-85 - Access Control, POB & e-Mustering",PS6 - Milestone E
PL-008429,Closed,B,T,"9: Check cable labelling is in accordance with specification (Start/End, length).",PS6-08-23 - VHF Trunk Radio System,PS6 - Milestone D
PL-008430,Originated,B,T,"9: Check cable labelling is in accordance with specification (Start/End, length).",PS6-08-01 - PAGA,PS6 - Milestone D
PL-008431,Originated,B,T,"9: Check cable labelling is in accordance with specification (Start/End, length).",PS6-08-52 - Process & Security CCTV,PS6 - Milestone E
PL-008432,Originated,B,T,"9: Check cable labelling is in accordance with specification (Start/End, length).",PS6-08-61 - Meteocean,PS6 - Milestone F
PL-008433,Originated,B,T,"9: Check cable labelling is in accordance with specification (Start/End, length).",PS6-08-01 - PAGA,PS6 - Milestone D
PL-008434,Closed,B,T,"9: Check cable labelling is in accordance with specification (Start/End, length).",PS6-08-01 - PAGA,PS6 - Milestone D
PL-008435,Closed,B,T,"9: Check cable labelling is in accordance with specification (Start/End, length).",PS6-08-01 - PAGA,PS6 - Milestone D
PL-008436,Originated,B,T,"9: Check cable labelling is in accordance with specification (Start/End, length).",PS6-08-01 - PAGA,PS6 - Milestone D
PL-008437,Originated,B,T,"9: Check cable labelling is in accordance with specification (Start/End, length).",PS6-08-01 - PAGA,PS6 - Milestone D
PL-008438,Originated,B,T,"9: Check cable labelling is in accordance with specification (Start/End, length).",PS6-08-01 - PAGA,PS6 - Milestone D
PL-008439,Closed,B,T,"9: Check cable labelling is in accordance with specification (Start/End, length).",PS6-08-01 - PAGA,PS6 - Milestone D
PL-008440,Originated,B,T,"9: Check cable labelling is in accordance with specification (Start/End, length).","PS6-08-85 - Access Control, POB & e-Mustering",PS6 - Milestone E
PL-008441,Originated,B,T,"9: Check cable labelling is in accordance with specification (Start/End, length).","PS6-08-85 - Access Control, POB & e-Mustering",PS6 - Milestone E
PL-008442,Closed,B,T,"9: Check cable labelling is in accordance with specification (Start/End, length).","PS6-08-85 - Access Control, POB & e-Mustering",PS6 - Milestone E
PL-008443,Closed,B,T,"9: Check cable labelling is in accordance with specification (Start/End, length).","PS6-08-85 - Access Control, POB & e-Mustering",PS6 - Milestone E
PL-008444,Closed,B,T,"9: Check cable labelling is in accordance with specification (Start/End, length).","PS6-08-85 - Access Control, POB & e-Mustering",PS6 - Milestone E
PL-008445,Closed,B,T,"9: Check cable labelling is in accordance with specification (Start/End, length).","PS6-08-85 - Access Control, POB & e-Mustering",PS6 - Milestone E
PL-008446,Closed,B,T,"9: Check cable labelling is in accordance with specification (Start/End, length).","PS6-08-85 - Access Control, POB & e-Mustering",PS6 - Milestone E
PL-008447,Closed,B,T,"9: Check cable labelling is in accordance with specification (Start/End, length).","PS6-08-85 - Access Control, POB & e-Mustering",PS6 - Milestone E
PL-008448,Closed,B,T,"9: Check cable labelling is in accordance with specification (Start/End, length).","PS6-08-85 - Access Control, POB & e-Mustering",PS6 - Milestone E
PL-008468,Originated,B,P,18: Paint touchup to be done,PS5-25-01 - Export Pipeline Pig Receiver,PS5 - Milestone H
PL-008469,Originated,B,P,18: Paint touchup to be done,PS5-25-07 - Export Pipeline Pig Launcher,PS5 - Milestone H
PL-008475,Closed,B,T,"9: Check cable labelling is in accordance with specification (Start/End, length).","PS6-08-85 - Access Control, POB & e-Mustering",PS6 - Milestone E
PL-008476,Originated,B,T,"9: Check cable labelling is in accordance with specification (Start/End, length).","PS6-08-85 - Access Control, POB & e-Mustering",PS6 - Milestone E
PL-008477,Closed,B,T,"9: Check cable labelling is in accordance with specification (Start/End, length).","PS6-08-85 - Access Control, POB & e-Mustering",PS6 - Milestone E
PL-008493,Originated,B,E,EDG PJB - Anti-condensation heater circuit is missing,PS5-05-01 - Emergency Diesel Generator Package,PS5 - Milestone C
PL-008540,Originated,B,E,4 points are not terminated.,PS5-63-01 - Electrical Earthing,PS5 - Milestone A
PL-008548,Originated,B,E,9 points are not terminated.,PS5-63-01 - Electrical Earthing,PS5 - Milestone A
PL-008553,Originated,B,E,5 points are not terminated.,PS5-63-01 - Electrical Earthing,PS5 - Milestone A
PL-008564,Originated,B,E,2 points are not terminated.,PS5-63-01 - Electrical Earthing,PS5 - Milestone A
PL-008567,Originated,B,E,2 points are not terminated.,PS5-63-01 - Electrical Earthing,PS5 - Milestone A
PL-008569,Originated,B,E,7 points are not terminated.,PS5-63-01 - Electrical Earthing,PS5 - Milestone A
PL-008570,Originated,B,E,10 points are not terminated.,PS5-63-01 - Electrical Earthing,PS5 - Milestone A
PL-008571,Originated,B,E,6 points are not terminated.,PS5-63-01 - Electrical Earthing,PS5 - Milestone A
PL-008572,Originated,B,E,4 points are not terminated.,PS5-63-01 - Electrical Earthing,PS5 - Milestone A
PL-008573,Originated,B,E,7points are not terminated.,PS5-63-01 - Electrical Earthing,PS5 - Milestone A
PL-008574,Originated,B,E,20 points are not terminated.,PS5-63-01 - Electrical Earthing,PS5 - Milestone A
PL-008591,Originated,B,E,anticorrosive grease is not applied,PS5-63-01 - Electrical Earthing,PS5 - Milestone A
PL-008592,Originated,C,E,earthing busbar tag is missing,PS5-63-01 - Electrical Earthing,PS5 - Milestone A
PL-008593,Originated,C,E,Earthing chamber tag installed,PS5-63-01 - Electrical Earthing,PS5 - Milestone A
PL-008600,Originated,B,E,anticorrosive grease is not applied,PS5-63-01 - Electrical Earthing,PS5 - Milestone A
PL-008601,Originated,C,E,earthing busbar tag is missing,PS5-63-01 - Electrical Earthing,PS5 - Milestone A
PL-008602,Originated,B,E,anticorrosive grease is not applied,PS5-63-01 - Electrical Earthing,PS5 - Milestone A
PL-008603,Originated,C,E,earthing busbar tag is missing,PS5-63-01 - Electrical Earthing,PS5 - Milestone A
PL-008605,Originated,B,E,anticorrosive grease is not applied,PS5-63-01 - Electrical Earthing,PS5 - Milestone A
PL-008607,Originated,C,E,earthing busbar tag is missing,PS5-63-01 - Electrical Earthing,PS5 - Milestone A
PL-008608,Originated,C,E,earthing chamber tag is missing,PS5-63-01 - Electrical Earthing,PS5 - Milestone A
PL-008609,Originated,B,E,anticorrosive grease is not applied,PS5-63-01 - Electrical Earthing,PS5 - Milestone A
PL-008610,Originated,C,E,earthing busbar tag is missing,PS5-63-01 - Electrical Earthing,PS5 - Milestone A
PL-008611,Originated,C,E,earthing chamber tag is missing,PS5-63-01 - Electrical Earthing,PS5 - Milestone A
PL-008612,Originated,B,E,anticorrosive grease is not applied,PS5-63-01 - Electrical Earthing,PS5 - Milestone A
PL-008613,Originated,C,E,earthing busbar tag is missing,PS5-63-01 - Electrical Earthing,PS5 - Milestone A
PL-008614,Originated,C,E,earthing chamber tag is missing,PS5-63-01 - Electrical Earthing,PS5 - Milestone A
PL-008615,Originated,B,E,10 connections are not completed,PS5-63-01 - Electrical Earthing,PS5 - Milestone A
PL-008616,Originated,B,E,anticorrosive grease is not applied,PS5-63-01 - Electrical Earthing,PS5 - Milestone A
PL-008617,Originated,C,E,earthing busbar tag is missing,PS5-63-01 - Electrical Earthing,PS5 - Milestone A
PL-008618,Originated,C,E,earthing chamber tag is missing,PS5-63-01 - Electrical Earthing,PS5 - Milestone A
PL-008623,Originated,B,E,anticorrosive grease is not applied,PS5-63-01 - Electrical Earthing,PS5 - Milestone A
PL-008624,Originated,C,E,earthing busbar tag is missing,PS5-63-01 - Electrical Earthing,PS5 - Milestone A
PL-008625,Originated,C,E,earthing chamber tag is missing,PS5-63-01 - Electrical Earthing,PS5 - Milestone A
PL-008640,Originated,B,E,anticorrosive grease is not applied,PS5-63-01 - Electrical Earthing,PS5 - Milestone A
PL-008641,Originated,C,E,earthing busbar tag is missing,PS5-63-01 - Electrical Earthing,PS5 - Milestone A
PL-008642,Originated,C,E,earthing chamber tag is missing,PS5-63-01 - Electrical Earthing,PS5 - Milestone A
PL-008643,Originated,B,E,anticorrosive grease is not applied,PS5-63-01 - Electrical Earthing,PS5 - Milestone A
PL-008644,Originated,C,E,earthing busbar tag is missing,PS5-63-01 - Electrical Earthing,PS5 - Milestone A
PL-008645,Originated,C,E,earthing chamber tag is missing,PS5-63-01 - Electrical Earthing,PS5 - Milestone A
PL-008646,Originated,B,E,4 points are not terminated,PS5-63-01 - Electrical Earthing,PS5 - Milestone A
PL-008647,Originated,B,E,anticorrosive grease is not applied,PS5-63-01 - Electrical Earthing,PS5 - Milestone A
PL-008648,Originated,C,E,earthing busbar tag is missing,PS5-63-01 - Electrical Earthing,PS5 - Milestone A
PL-008649,Originated,C,E,earthing chamber tag is missing,PS5-63-01 - Electrical Earthing,PS5 - Milestone A
PL-008650,Originated,B,E,7 points are not terminated.,PS5-63-01 - Electrical Earthing,PS5 - Milestone A
PL-008651,Originated,B,E,anticorrosive grease is not applied,PS5-63-01 - Electrical Earthing,PS5 - Milestone A
PL-008652,Originated,C,E,earthing busbar tag is missing,PS5-63-01 - Electrical Earthing,PS5 - Milestone A
PL-008653,Originated,C,E,earthing chamber tag is missing,PS5-63-01 - Electrical Earthing,PS5 - Milestone A
PL-008654,Originated,B,E,anticorrosive grease is not applied,PS5-63-01 - Electrical Earthing,PS5 - Milestone A
PL-008655,Originated,C,E,earthing busbar tag is missing,PS5-63-01 - Electrical Earthing,PS5 - Milestone A
PL-008656,Originated,B,E,anticorrosive grease is not applied,PS5-63-01 - Electrical Earthing,PS5 - Milestone A
PL-008657,Originated,C,E,earthing busbar tag is missing,PS5-63-01 - Electrical Earthing,PS5 - Milestone A
PL-008658,Originated,B,E,anticorrosive grease is not applied,PS5-63-01 - Electrical Earthing,PS5 - Milestone A
PL-008659,Originated,C,E,earthing busbar tag is missing,PS5-63-01 - Electrical Earthing,PS5 - Milestone A
PL-008660,Originated,B,E,anticorrosive grease is not applied,PS5-63-01 - Electrical Earthing,PS5 - Milestone A
PL-008661,Originated,C,E,earthing busbar tag is missing,PS5-63-01 - Electrical Earthing,PS5 - Milestone A
PL-008674,Originated,A,E,trefoil cable cleats to be installed,PS5-61-07 - 0.4kV Switchboard EITS Building (PS5-61-IK-0001),PS5 - Milestone A
PL-008675,Originated,A,E,trefoil cable cleats to be installed,PS5-61-07 - 0.4kV Switchboard EITS Building (PS5-61-IK-0001),PS5 - Milestone A
PL-008676,Originated,A,E,trefoil cable cleats to be installed,PS5-61-07 - 0.4kV Switchboard EITS Building (PS5-61-IK-0001),PS5 - Milestone A
PL-008677,Originated,A,E,trefoil cable cleats to be installed,PS5-61-07 - 0.4kV Switchboard EITS Building (PS5-61-IK-0001),PS5 - Milestone A
PL-008678,Originated,A,E,trefoil cable cleats to be installed,PS5-61-07 - 0.4kV Switchboard EITS Building (PS5-61-IK-0001),PS5 - Milestone A
PL-008679,Originated,A,E,trefoil cable cleats to be installed,PS5-61-07 - 0.4kV Switchboard EITS Building (PS5-61-IK-0001),PS5 - Milestone A
PL-008773,Originated,B,E,Cable gland earthing not yet installed,PS5-25-02 - Crude Oil Export Pump A,PS5 - Milestone H
PL-008774,Originated,B,E,Wire dressing not yet done properly,PS5-25-02 - Crude Oil Export Pump A,PS5 - Milestone H
PL-008775,Originated,B,E,Cable gland earthing not yet installed,PS5-25-02 - Crude Oil Export Pump A,PS5 - Milestone H
PL-008776,Originated,B,E,Wire dressing not yet done properly,PS5-25-02 - Crude Oil Export Pump A,PS5 - Milestone H
PL-008780,Originated,B,E,Cable gland earthing not yet installed,PS5-25-03 - Crude Oil Export Pump B,PS5 - Milestone H
PL-008782,Originated,B,E,Wire dressing not yet done properly,PS5-25-03 - Crude Oil Export Pump B,PS5 - Milestone H
PL-008787,Originated,B,E,Cable gland earthing not yet installed,PS5-25-03 - Crude Oil Export Pump B,PS5 - Milestone H
PL-008788,Originated,B,E,Wire dressing not yet done properly,PS5-25-03 - Crude Oil Export Pump B,PS5 - Milestone H
PL-008793,Originated,B,E,Cable gland earthing not yet installed,PS5-25-04 - Crude Oil Export Pump C,PS5 - Milestone H
PL-008794,Originated,B,E,Wire dressing not yet done properly,PS5-25-04 - Crude Oil Export Pump C,PS5 - Milestone H
PL-008795,Originated,B,E,Cable gland earthing not yet installed,PS5-25-02 - Crude Oil Export Pump A,PS5 - Milestone H
PL-008796,Originated,B,E,Wire dressing not yet done properly,PS5-25-02 - Crude Oil Export Pump A,PS5 - Milestone H
PL-008797,Originated,B,E,Cable gland earthing not yet installed,PS5-25-02 - Crude Oil Export Pump A,PS5 - Milestone H
PL-008798,Originated,B,E,Wire dressing not yet done properly,PS5-25-02 - Crude Oil Export Pump A,PS5 - Milestone H
PL-008799,Originated,B,E,Cable gland earthing not yet installed,PS5-25-03 - Crude Oil Export Pump B,PS5 - Milestone H
PL-008800,Originated,B,E,Wire dressing not yet done properly,PS5-25-03 - Crude Oil Export Pump B,PS5 - Milestone H
PL-008801,Originated,B,E,Cable gland earthing not yet installed,PS5-25-04 - Crude Oil Export Pump C,PS5 - Milestone H
PL-008802,Originated,B,E,Wire dressing not yet done properly,PS5-25-04 - Crude Oil Export Pump C,PS5 - Milestone H
PL-008803,Originated,B,E,Cable gland earthing not yet installed,PS5-25-04 - Crude Oil Export Pump C,PS5 - Milestone H
PL-008804,Originated,B,E,Wire dressing not yet done properly,PS5-25-04 - Crude Oil Export Pump C,PS5 - Milestone H
PL-008805,Originated,B,E,Cable gland earthing not yet installed,PS5-25-04 - Crude Oil Export Pump C,PS5 - Milestone H
PL-008806,Originated,B,E,Wire dressing not yet done properly,PS5-25-04 - Crude Oil Export Pump C,PS5 - Milestone H
PL-008807,Originated,B,E,Cable gland earthing not yet installed,PS5-25-03 - Crude Oil Export Pump B,PS5 - Milestone H
PL-008808,Originated,B,E,Wire dressing not yet done properly,PS5-25-03 - Crude Oil Export Pump B,PS5 - Milestone H
PL-009490,Originated,A,E,"4.1:""During inspection, items inside the panel were found shaking. Package No. PS5-PKG-001""",PS5-82-02 - Sewage Treatment Plant Package,PS5 - Milestone I
PL-009492,Originated,B,E,"4.2:During inspection, keys were missing at the PLC control panel and MCC panel in Package No. PS5-PKG-001",PS5-82-02 - Sewage Treatment Plant Package,PS5 - Milestone I
PL-009493,Originated,A,E,"4.3:""During inspection, as per the packing list, 3 Nos. of lighting fixtures were required, but only 2 Nos. arrived in Package No. PS5-PKG-001.""",PS5-82-02 - Sewage Treatment Plant Package,PS5 - Milestone I
PL-009495,Originated,B,M,"4.4:""PS5-PKG-002 Bolt and nut set 24 nos and Self tapping screw 100 pcs missing Package No PS5-PKG-002""",PS5-82-02 - Sewage Treatment Plant Package,PS5 - Milestone I
PL-009496,Originated,B,M,"4.5:""During inspection, 1 No. pipe with flange and 1 No. tee with flange arrived without a packing list in Package No. PS5-PKG-005.""",PS5-82-02 - Sewage Treatment Plant Package,PS5 - Milestone I
PL-009497,Originated,B,E,"4.6:""During inspection, the infrared suspended solid sensor was found damaged. Package No. PS5-PKG-006""",PS5-82-02 - Sewage Treatment Plant Package,PS5 - Milestone I
PL-009498,Originated,B,E,"4.7:During inspection, 1 No PS5-82-AIT-8101. 1no PS5-82-AIT-8103 and PS5-82-NRV-0010/0011/0014 arrived without a packing list in Package No. PS5-PKG-006.",PS5-82-02 - Sewage Treatment Plant Package,PS5 - Milestone I
PL-009499,Originated,C,M,"4.8:During inspection, rust was observed on the valve handle at sewage metering skid (Package no PS5-PKG-006)",PS5-82-02 - Sewage Treatment Plant Package,PS5 - Milestone I
PL-009500,Originated,B,M,"4.9:""During inspection, support nuts were loose for sewage metering skid Pump support package No. PS5-PKG-006""",PS5-82-02 - Sewage Treatment Plant Package,PS5 - Milestone I
PL-009501,Originated,C,M,"4.10:""During inspection, rust was observed on the motor, coupling, and shaft area of Sludge Pump Skid PS-SKID-2, Pump No. PS5-82-PE-3400A/B. (Package no PS5-PKG-007)""",PS5-82-02 - Sewage Treatment Plant Package,PS5 - Milestone I
PL-009502,Originated,A,E,"4.11:During inspection, keys were missing at the Junction box of sludge pump skid Package No.PS5-PKG-007",PS5-82-02 - Sewage Treatment Plant Package,PS5 - Milestone I
PL-009503,Originated,B,M,"4.12:During inspection, support nuts were missing for Permeate Pump PS5-82-DM-3200A/B of permeate pump skid in Package No. PS5-PKG-008",PS5-82-02 - Sewage Treatment Plant Package,PS5 - Milestone I
PL-009504,Originated,A,M,"4.13:During inspection, flange bolts were found missing of permete pump skid in Package No. PS5-PKG-008",PS5-82-02 - Sewage Treatment Plant Package,PS5 - Milestone I
PL-009505,Originated,B,M,"4.14:During inspection, pipe U clamp support nuts were loosen permete pump skid in Package No. PS5-PKG-008",PS5-82-02 - Sewage Treatment Plant Package,PS5 - Milestone I
PL-009506,Originated,B,M,"4.15:During inspection, rust was observed on the motor wheel of roots blower skid in Package No. PS5-PKG-011",PS5-82-02 - Sewage Treatment Plant Package,PS5 - Milestone I
PL-009507,Originated,B,M,"4.16:During inspection, pump support bolt nuts were found on the floor of roots blower skid.in package no.PS5-PKG-011",PS5-82-02 - Sewage Treatment Plant Package,PS5 - Milestone I
PL-009508,Originated,B,M,"4.17:""During inspection, as per the packing list, 15 Nos. of operation columns , but only 1 No. arrived in Package No. PS5-PKG-023.""",PS5-82-02 - Sewage Treatment Plant Package,PS5 - Milestone I
PL-009509,Originated,B,M,4.18:The welding quality on the dosing pump skid is not up to the required standard in package no PS5-PKG-017,PS5-82-02 - Sewage Treatment Plant Package,PS5 - Milestone I
PL-009511,Originated,B,M,"4.19:""The welding quality on the MDR membrane module skid is not up to the required standard in package no PS5-PKG-020""",PS5-82-02 - Sewage Treatment Plant Package,PS5 - Milestone I
PL-009512,Originated,C,M,"4.20:During inspection, it was observed that pickling and passivation were not carried out at the MDR membrane module skid stainless welded area after welding package no PS5-PKG-020.",PS5-82-02 - Sewage Treatment Plant Package,PS5 - Milestone I
PL-009513,Originated,B,I,No segregation between INS cables as per project specification,PS5-91-01 - Multicore cables & JB,PS5 - Milestone A
PL-009514,Originated,B,M,"4.21:During inspection, Dosing pump support nuts were found missing in package no. PS5-PKG-012",PS5-82-02 - Sewage Treatment Plant Package,PS5 - Milestone I
PL-009515,Originated,C,M,"4.22:During inspection, rust was observed on the gratings of sludge dewatering tank in Package No. PS5-PKG-024",PS5-82-02 - Sewage Treatment Plant Package,PS5 - Milestone I
PL-009516,Originated,B,M,4.23:The welding quality on the explosion proof box is not up to the required standard in package no PS5-PKG-022,PS5-82-02 - Sewage Treatment Plant Package,PS5 - Milestone I
PL-009518,Originated,B,M,"4.24:During inspection,effluent pump skid flange stud bolts were found missing, and some stud bolts were found loose in package no. PS5-PKG-010",PS5-82-02 - Sewage Treatment Plant Package,PS5 - Milestone I
PL-009519,Originated,B,E,"4.25:During inspection, terminal block numbers were found missing in the junction box of Package No. PS5-PKG-008",PS5-82-02 - Sewage Treatment Plant Package,PS5 - Milestone I
PL-009521,Originated,B,E,"4.26:During inspection, a plug was found missing at the junction box in Package No. PS5-PKG-008",PS5-82-02 - Sewage Treatment Plant Package,PS5 - Milestone I
PL-009522,Originated,B,I,No segregation between INS cables as per project specification,PS5-91-01 - Multicore cables & JB,PS5 - Milestone A
PL-009523,Originated,B,E,"4.27:During inspection, the Teflon sheet was found missing at the junction box in Package No. PS5-PKG-008",PS5-82-02 - Sewage Treatment Plant Package,PS5 - Milestone I
PL-009524,Originated,B,E,"4.28:During inspection, a plug was found missing at MCC Panel PS5-82-IN-0001",PS5-82-02 - Sewage Treatment Plant Package,PS5 - Milestone I
PL-009525,Originated,B,I,No segregation between INS cables as per project specification,PS5-91-01 - Multicore cables & JB,PS5 - Milestone A
PL-009526,Originated,B,E,"4.29:During inspection, improper cable laying was observed at PS5-83-PIT-8104-CC01.",PS5-82-02 - Sewage Treatment Plant Package,PS5 - Milestone I
PL-009527,Originated,B,I,No segregation between INS cables as per project specification,PS5-91-01 - Multicore cables & JB,PS5 - Milestone A
PL-009528,Originated,B,E,"4.30:During inspection, cable stress was observed in Package No. PS5-PKG-008.",PS5-82-02 - Sewage Treatment Plant Package,PS5 - Milestone I
PL-009529,Originated,B,I,No segregation between INS cables as per project specification,PS5-91-01 - Multicore cables & JB,PS5 - Milestone A
PL-009530,Originated,B,I,No segregation between INS cables as per project specification,PS5-91-01 - Multicore cables & JB,PS5 - Milestone A
PL-009531,Originated,B,E,"4.31:During inspection, no bonding jumper was found in Package No. PS5-PKG-008.",PS5-82-02 - Sewage Treatment Plant Package,PS5 - Milestone I
PL-009532,Originated,B,I,No segregation between INS cables as per project specification,PS5-91-01 - Multicore cables & JB,PS5 - Milestone A
PL-009533,Originated,A,E,"4.32:During inspection, ferrules were found missing at Panel PS5-82-IN-0001",PS5-82-02 - Sewage Treatment Plant Package,PS5 - Milestone I
PL-009534,Originated,B,I,No segregation between INS cables as per project specification,PS5-91-01 - Multicore cables & JB,PS5 - Milestone A
PL-009535,Originated,B,I,No segregation between INS cables as per project specification,PS5-91-01 - Multicore cables & JB,PS5 - Milestone A
PL-009536,Originated,A,E,"4.33:""During inspection, equipment drop damage was observed in Package No. PS5-PKG-001""",PS5-82-02 - Sewage Treatment Plant Package,PS5 - Milestone I
PL-009537,Originated,B,I,No segregation between INS cables as per project specification,PS5-91-01 - Multicore cables & JB,PS5 - Milestone A
PL-009538,Originated,B,E,"4.34:""During inspection, a plug was found missing at Panel PS5-82-IN-0001""",PS5-82-02 - Sewage Treatment Plant Package,PS5 - Milestone I
PL-009539,Originated,B,I,No segregation between INS cables as per project specification,PS5-03-06 - FZ-06 - Transformer Area,PS5 - Milestone E
PL-009540,Originated,B,E,"4.35:""During inspection, terminal block numbers were found missing in Panel PS5-82-IN-0001""",PS5-82-02 - Sewage Treatment Plant Package,PS5 - Milestone I
PL-009541,Originated,B,I,No segregation between INS cables as per project specification,PS5-71-15 - Diesel Fuel Storage Tank,PS5 - Milestone F
PL-009542,Originated,B,E,4.36:Cover bend was observed on Panel PS5-82-IN-0001.,PS5-82-02 - Sewage Treatment Plant Package,PS5 - Milestone I
PL-009543,Originated,B,I,No segregation between INS cables as per project specification,PS5-91-01 - Multicore cables & JB,PS5 - Milestone A
PL-009544,Originated,B,E,"4.37:During inspection, improper equipment tag installation was observed on the Ventilator Fan Selector in Package No. PS5-PKG-001)",PS5-82-02 - Sewage Treatment Plant Package,PS5 - Milestone I
PL-009545,Originated,B,I,No segregation between INS cables as per project specification,PS5-91-01 - Multicore cables & JB,PS5 - Milestone A
PL-009546,Originated,C,M,4.38:During inspection container PS5-82-OC-0001 name board bolts 2 nos missing,PS5-82-02 - Sewage Treatment Plant Package,PS5 - Milestone I
PL-009547,Originated,B,M,"4.39:""During inspection, M12 stud bolts were found missing on the mechanical screw screen support, tag no. PS5-82-MES-9100. package no. PS5-PKG-008""",PS5-82-02 - Sewage Treatment Plant Package,PS5 - Milestone I
PL-009548,Originated,B,M,"4.40:During inspection, the roof sheet connecting Angle was not received.",PS5-82-02 - Sewage Treatment Plant Package,PS5 - Milestone I
PL-009549,Originated,B,M,"4.41:During inspection, it was found that all gaskets were improperly packed, resulting in damage to most of the gaskets.",PS5-82-02 - Sewage Treatment Plant Package,PS5 - Milestone I
PL-009550,Completed,A,M,"4.42:During inspection, only the sludge dewatering tank supporting structure was received. The sludge dewatering tank, tag no. PS5-82-TR-4400, was not received in package no. PS5-PKG-021.",PS5-82-02 - Sewage Treatment Plant Package,PS5 - Milestone I
PL-009551,Originated,B,E,No segregation between 48VDC and 110/230/400VAC cables as per project specification.,PS5-60-27 - Compressed Air Starting Skid,PS5 - Milestone B
PL-009552,Originated,B,E,"4.43:As per the packing list, 100 Nos. of stainless steel bolt and nut sets, they were not received in Package No. PS-PKG-021.",PS5-82-02 - Sewage Treatment Plant Package,PS5 - Milestone I
PL-009553,Originated,B,E,No segregation between 48VDC and 110/230/400VAC cables as per project specification.,PS5-61-05 - 0.4kV Switchboard Power Generator Building (PS5-61-IK-0003),PS5 - Milestone B
PL-009554,Originated,B,M,4.44:The most items of package received does not match the packing list. The items have been mixed up and packed in different packages.,PS5-82-02 - Sewage Treatment Plant Package,PS5 - Milestone I
PL-009555,Originated,B,E,No segregation between 48VDC and 110/230/400VAC cables as per project specification.,PS5-61-05 - 0.4kV Switchboard Power Generator Building (PS5-61-IK-0003),PS5 - Milestone B
PL-009557,Originated,B,E,No segregation between 48VDC and 110/230/400VAC cables as per project specification.,PS5-60-26 - Instrument Air Compressor Skid,PS5 - Milestone B
PL-009558,Originated,B,E,No segregation between 48VDC and 110/230/400VAC cables as per project specification.,PS5-60-26 - Instrument Air Compressor Skid,PS5 - Milestone B
PL-009559,Originated,B,E,No segregation between 48VDC and 110/230/400VAC cables as per project specification.,PS5-60-26 - Instrument Air Compressor Skid,PS5 - Milestone B
PL-009560,Originated,B,E,No segregation between 48VDC and 110/230/400VAC cables as per project specification.,PS5-60-56 - Fuel Conditioning Module PS5-60-UZ-8900A,PS5 - Milestone B
PL-009561,Originated,B,E,No segregation between 48VDC and 110/230/400VAC cables as per project specification.,PS5-60-56 - Fuel Conditioning Module PS5-60-UZ-8900A,PS5 - Milestone B
PL-009562,Originated,B,E,No segregation between 48VDC and 110/230/400VAC cables as per project specification.,PS5-60-56 - Fuel Conditioning Module PS5-60-UZ-8900A,PS5 - Milestone B
PL-009564,Originated,B,E,No segregation between 48VDC and 110/230/400VAC cables as per project specification.,PS5-60-58 - Fuel Conditioning Module PS5-60-UZ-8900B,PS5 - Milestone B
PL-009566,Originated,B,E,No segregation between 48VDC and 110/230/400VAC cables as per project specification.,PS5-60-58 - Fuel Conditioning Module PS5-60-UZ-8900B,PS5 - Milestone B
PL-009567,Originated,B,E,No segregation between 48VDC and 110/230/400VAC cables as per project specification.,PS5-60-58 - Fuel Conditioning Module PS5-60-UZ-8900B,PS5 - Milestone B
PL-009568,Originated,B,E,No segregation between 48VDC and 110/230/400VAC cables as per project specification.,PS5-60-27 - Compressed Air Starting Skid,PS5 - Milestone B
PL-009569,Originated,B,E,No segregation between 48VDC and 110/230/400VAC cables as per project specification.,PS5-60-27 - Compressed Air Starting Skid,PS5 - Milestone B
PL-009570,Originated,B,E,No segregation between 48VDC and 110/230/400VAC cables as per project specification.,PS5-60-26 - Instrument Air Compressor Skid,PS5 - Milestone B
PL-009571,Originated,B,E,No segregation between 48VDC and 110/230/400VAC cables as per project specification.,PS5-60-01 - Power Generation Package A,PS5 - Milestone B
PL-009572,Originated,B,E,No segregation between 48VDC and 110/230/400VAC cables as per project specification.,PS5-60-04 - Power Generation Package B,PS5 - Milestone B
PL-009573,Originated,B,E,No segregation between 48VDC and 110/230/400VAC cables as per project specification.,PS5-06-02 - AC UPS - Power Generator Building,PS5 - Milestone B
PL-009628,Closed,A,E,Grounding has not yet been completed due to a shortage of materials.,PS6-62-03 - Outdoor Emergency Lighting DB  - PS6-05-IG-0004,PS6 - Milestone F
PL-009629,Closed,A,E,Grounding has not yet been completed due to a shortage of materials.,PS6-62-04 - Outdoor Emergency Lighting DB  - PS6-05-IG-0006,PS6 - Milestone E
PL-009630,Originated,A,E,13:,PS6-62-06 - Outdoor Normal Lighting DB  - PS6-61-IG-0005,PS6 - Milestone E
PL-009631,Originated,A,E,13:,PS6-62-07 - Outdoor Normal Lighting DB  - PS6-61-IG-0007,PS6 - Milestone E
PL-009632,Closed,A,E,Grounding has not yet been completed due to a shortage of materials.,PS6-61-06 - Outdoor Valves Distribution Board - PS6-61-IG-0016,PS6 - Milestone F
PL-009633,Originated,A,E,10:,PS6-62-01 - Lighting Control Panel - PS6-62-IE-0001,PS6 - Milestone F
PL-009634,Originated,A,E,10:,PS6-62-02 - Lighting Control Panel - PS6-62-IE-0002,PS6 - Milestone F
PL-009635,Originated,A,I,13:,PS6-03-01 - FZ-01 - Process Area,PS6 - Milestone C
PL-009636,Originated,A,I,13:,PS6-03-01 - FZ-01 - Process Area,PS6 - Milestone C
PL-009637,Originated,A,I,13:,PS6-03-01 - FZ-01 - Process Area,PS6 - Milestone C
PL-009638,Originated,A,I,13:,PS6-03-02 - FZ-02 - Transformer And Operations & Maintenance Areas,PS6 - Milestone C
PL-009642,Originated,A,I,13:,PS6-03-01 - FZ-01 - Process Area,PS6 - Milestone C
PL-009643,Originated,A,I,13:,PS6-03-01 - FZ-01 - Process Area,PS6 - Milestone C
PL-009644,Originated,A,I,13:,PS6-03-01 - FZ-01 - Process Area,PS6 - Milestone C
PL-009645,Closed,A,I,Grounding has not yet been completed due to a shortage of materials.,PS6-91-01 - Multicore cables & JB,PS6 - Milestone B
PL-009646,Closed,A,I,Grounding has not yet been completed due to a shortage of materials.,PS6-91-01 - Multicore cables & JB,PS6 - Milestone B
PL-009647,Closed,A,I,Grounding has not yet been completed due to a shortage of materials.,PS6-91-01 - Multicore cables & JB,PS6 - Milestone B
PL-009648,Closed,A,I,Grounding has not yet been completed due to a shortage of materials,PS6-91-01 - Multicore cables & JB,PS6 - Milestone B
PL-009649,Originated,A,I,13:,PS6-25-02 - Crude Oil Export Pump A,PS6 - Milestone E
PL-009650,Originated,A,I,13:,PS6-25-07 - Export Pipeline Pig Launcher,PS6 - Milestone E
PL-009651,Closed,A,I,Grounding has not yet been completed due to a shortage of materials.,PS6-91-01 - Multicore cables & JB,PS6 - Milestone B
PL-009652,Closed,A,I,Grounding has not yet been completed due to a shortage of materials.,PS6-91-01 - Multicore cables & JB,PS6 - Milestone B
PL-009653,Originated,A,I,13:,PS6-25-02 - Crude Oil Export Pump A,PS6 - Milestone E
PL-009654,Originated,A,I,13:,PS6-25-04 - Crude Oil Export Pump C,PS6 - Milestone E
PL-009655,Originated,A,I,13:,PS6-25-02 - Crude Oil Export Pump A,PS6 - Milestone E
PL-009656,Originated,A,I,13:,PS6-25-04 - Crude Oil Export Pump C,PS6 - Milestone E
PL-009657,Originated,A,I,13:,PS6-25-02 - Crude Oil Export Pump A,PS6 - Milestone E
PL-009658,Originated,A,I,13:,PS6-25-04 - Crude Oil Export Pump C,PS6 - Milestone E
PL-009659,Closed,A,I,Grounding has not yet been completed due to a shortage of materials.,PS6-91-01 - Multicore cables & JB,PS6 - Milestone B
PL-009660,Originated,C,E,Pannel door paint damage and scratch to be rectified .,PS6-62-04 - Outdoor Emergency Lighting DB  - PS6-05-IG-0006,PS6 - Milestone E
PL-009686,Originated,B,M,"4:During inspection, rust was found on both sides inside the radiator.",PS5-61-01 - 33kV Switchboard EITS Building (PS5-61-IJ-0001),PS5 - Milestone D
PL-009687,Originated,B,M,"4.1:During inspection, rust was found on the integrated relay unit and CT trminal box bolts.",PS5-61-01 - 33kV Switchboard EITS Building (PS5-61-IJ-0001),PS5 - Milestone D
PL-009688,Originated,B,M,"4.2:The welding quality on the transformer is not up to the required standard (some welded area),",PS5-61-01 - 33kV Switchboard EITS Building (PS5-61-IJ-0001),PS5 - Milestone D
PL-009689,Originated,B,M,"4.3:During inspection, only the anchor angle bolts were received. The nuts and washers were not received",PS5-61-01 - 33kV Switchboard EITS Building (PS5-61-IJ-0001),PS5 - Milestone D
PL-009690,Originated,B,M,"4:During inspection, rust was found on both sides inside the radiator.",PS5-61-01 - 33kV Switchboard EITS Building (PS5-61-IJ-0001),PS5 - Milestone D
PL-009691,Originated,B,M,"4.1:During inspection, rust was found on the integrated relay unit and CT trminal box bolts.",PS5-61-01 - 33kV Switchboard EITS Building (PS5-61-IJ-0001),PS5 - Milestone D
PL-009692,Originated,B,M,"4.2:The welding quality on the transformer is not up to the required standard (some welded area),",PS5-61-01 - 33kV Switchboard EITS Building (PS5-61-IJ-0001),PS5 - Milestone D
PL-009693,Originated,B,M,"4.3:During inspection, only the anchor angle bolts were received. The nuts and washers were not received",PS5-61-01 - 33kV Switchboard EITS Building (PS5-61-IJ-0001),PS5 - Milestone D
PL-009696,Closed,A,I,Grounding has not yet been completed due to a shortage of materials.,PS6-91-01 - Multicore cables & JB,PS6 - Milestone B
PL-009697,Originated,A,I,13:,PS6-25-05 - Crude Oil Export Pumps Bypass,PS6 - Milestone E
PL-009698,Closed,A,I,Grounding has not yet been completed due to a shortage of materials.,PS6-91-01 - Multicore cables & JB,PS6 - Milestone B
PL-009699,Closed,A,I,Grounding has not yet been completed due to a shortage of materials.,PS6-91-01 - Multicore cables & JB,PS6 - Milestone B
PL-009700,Originated,A,I,13:,PS6-25-05 - Crude Oil Export Pumps Bypass,PS6 - Milestone E
PL-009701,Closed,A,I,13:,PS6-91-01 - Multicore cables & JB,PS6 - Milestone B
PL-009702,Closed,A,I,13:,PS6-91-01 - Multicore cables & JB,PS6 - Milestone B
PL-009703,Closed,A,I,Grounding has not yet been completed due to a shortage of materials.,PS6-91-01 - Multicore cables & JB,PS6 - Milestone B
PL-009704,Closed,A,I,Grounding has not yet been completed due to a shortage of materials.,PS6-91-01 - Multicore cables & JB,PS6 - Milestone B
PL-009705,Closed,A,I,Grounding has not yet been completed due to a shortage of materials.,PS6-91-01 - Multicore cables & JB,PS6 - Milestone B
PL-009706,Closed,A,I,Grounding has not yet been completed due to a shortage of materials.,PS6-91-01 - Multicore cables & JB,PS6 - Milestone B
PL-009707,Closed,A,I,Grounding has not yet been completed due to a shortage of materials.,PS6-91-01 - Multicore cables & JB,PS6 - Milestone B
PL-009708,Closed,A,I,Grounding has not yet been completed due to a shortage of materials.,PS6-91-01 - Multicore cables & JB,PS6 - Milestone B
PL-009709,Closed,A,I,13:,PS6-91-01 - Multicore cables & JB,PS6 - Milestone B
PL-009710,Originated,A,I,13:,PS6-25-02 - Crude Oil Export Pump A,PS6 - Milestone E
PL-009720,Originated,B,B,11: Application of the slip resistance Epoxy Resin on the slab.,PS6-84-02 - Shelters,PS6 - Milestone G
PL-009721,Originated,B,B,11.1: Installation of Grating cover.,PS6-84-02 - Shelters,PS6 - Milestone G
PL-009722,Originated,B,B,11.1:Installation of Grating cover.,PS6-84-02 - Shelters,PS6 - Milestone G
PL-009745,Originated,B,P,10:FINAL PIPING CONNECTION AND REINSTATEMENT TO BE COMPLETED AFTER HT(descipiline-piping),PS5-60-70 - Engine A Cooling system,PS5 - Milestone B
PL-009746,Completed,C,M,10.1: Touch up / painting to be completed wherever required on the equipment,PS5-60-70 - Engine A Cooling system,PS5 - Milestone B
PL-009748,Originated,B,M,21 Coupling spacer to be tinghtened properly after motor SOLO-RUN. (Shims are available in PS5 CPP store),PS5-25-02 - Crude Oil Export Pump A,PS5 - Milestone H
PL-009749,Originated,B,M,"21.1: 3/4"" blind flange to be installed on the suction nozzle of pump",PS5-25-02 - Crude Oil Export Pump A,PS5 - Milestone H
PL-009750,Originated,C,M,21.2: Insulation (Flexible jackets) to be reinstated properly,PS5-25-02 - Crude Oil Export Pump A,PS5 - Milestone H
PL-009751,Originated,B,M,21:Coupling spacer to be tinghtened properly after motor SOLO-RUN. (Shims are available in PS5 CPP store),PS5-25-03 - Crude Oil Export Pump B,PS5 - Milestone H
PL-009752,Originated,B,M,"21.1:3/4"" blind flange to be installed on the suction nozzle of pump",PS5-25-03 - Crude Oil Export Pump B,PS5 - Milestone H
PL-009753,Originated,C,M,21.2:Insulation (Flexible jackets) to be reinstated properly,PS5-25-03 - Crude Oil Export Pump B,PS5 - Milestone H
PL-009754,Originated,A,M,"21.3:Coupling spacer to be located and installed (Coupling received from vendor is not matching with Export pump - B , also coupling guard to be installed))",PS5-25-03 - Crude Oil Export Pump B,PS5 - Milestone H
PL-009755,Originated,B,M,21:Coupling spacer to be tinghtened properly after motor SOLO-RUN. (Shims are available in PS5 CPP store),PS5-25-04 - Crude Oil Export Pump C,PS5 - Milestone H
PL-009756,Originated,B,M,"21.1:3/4"" blind flange to be installed on the suction nozzle of pump",PS5-25-04 - Crude Oil Export Pump C,PS5 - Milestone H
PL-009757,Originated,C,M,21.2:Insulation (Flexible jackets) to be reinstated properly,PS5-25-04 - Crude Oil Export Pump C,PS5 - Milestone H
PL-009758,Originated,B,P,10:FINAL PIPING CONNECTION AND REINSTATEMENT TO BE COMPLETED AFTER HT(descipiline-piping),PS5-60-70 - Engine A Cooling system,PS5 - Milestone B
PL-009759,Originated,C,M,10.1:Touch up / painting to be completed wherever required on the equipment,PS5-60-70 - Engine A Cooling system,PS5 - Milestone B
PL-009760,Originated,B,M,10:FINAL PIPING CONNECTION AND REINSTATEMENT TO BE COMPLETED AFTER HT(descipiline-piping),PS5-60-71 - Engine B Cooling system,PS5 - Milestone B
PL-009761,Originated,C,M,10.1:Touch up / painting to be completed wherever required on the equipment,PS5-60-71 - Engine B Cooling system,PS5 - Milestone B
PL-009762,Originated,B,P,10:FINAL PIPING CONNECTION AND REINSTATEMENT TO BE COMPLETED AFTER HT(descipiline-piping),PS5-60-71 - Engine B Cooling system,PS5 - Milestone B
PL-009763,Originated,C,M,10.1:Touch up / painting to be completed wherever required on the equipment,PS5-60-71 - Engine B Cooling system,PS5 - Milestone B
PL-009764,Originated,B,P,10:FINAL PIPING CONNECTION AND REINSTATEMENT TO BE COMPLETED AFTER HT(descipiline-piping),PS5-60-72 - Engine C Cooling system,PS5 - Milestone D
PL-009765,Originated,C,M,10.1:Touch up / painting to be completed wherever required on the equipment,PS5-60-72 - Engine C Cooling system,PS5 - Milestone D
PL-009766,Originated,B,P,10:FINAL PIPING CONNECTION AND REINSTATEMENT TO BE COMPLETED AFTER HT(descipiline-piping),PS5-60-72 - Engine C Cooling system,PS5 - Milestone D
PL-009767,Originated,C,M,10.1:Touch up / painting to be completed wherever required on the equipment,PS5-60-72 - Engine C Cooling system,PS5 - Milestone D
PL-009768,Originated,B,P,10:FINAL PIPING CONNECTION AND REINSTATEMENT TO BE COMPLETED AFTER HT(descipiline-piping),PS5-60-73 - Engine D Cooling system,PS5 - Milestone D
PL-009769,Originated,C,M,10.1:Touch up / painting to be completed wherever required on the equipment,PS5-60-73 - Engine D Cooling system,PS5 - Milestone D
PL-009770,Originated,B,P,10:FINAL PIPING CONNECTION AND REINSTATEMENT TO BE COMPLETED AFTER HT(descipiline-piping),PS5-60-73 - Engine D Cooling system,PS5 - Milestone D
PL-009772,Originated,C,M,10.1:Touch up / painting to be completed wherever required on the equipment,PS5-60-73 - Engine D Cooling system,PS5 - Milestone D
PL-009773,Originated,B,P,10:FINAL PIPING CONNECTION AND REINSTATEMENT TO BE COMPLETED AFTER HT(descipiline-piping,PS5-60-74 - Engine E Cooling system,PS5 - Milestone D
PL-009774,Originated,C,M,10.1:Touch up / painting to be completed wherever required on the equipment,PS5-60-74 - Engine E Cooling system,PS5 - Milestone D
PL-009775,Originated,B,P,10:FINAL PIPING CONNECTION AND REINSTATEMENT TO BE COMPLETED AFTER HT(descipiline-piping),PS5-60-74 - Engine E Cooling system,PS5 - Milestone D
PL-009776,Originated,C,M,10.1:Touch up / painting to be completed wherever required on the equipment,PS5-60-74 - Engine E Cooling system,PS5 - Milestone D
PL-009777,Originated,B,P,10:FINAL PIPING CONNECTION AND REINSTATEMENT TO BE COMPLETED AFTER HT(descipiline-piping),PS5-60-75 - Engine F Cooling system,PS5 - Milestone D
PL-009778,Originated,C,M,10.1:Touch up / painting to be completed wherever required on the equipment,PS5-60-75 - Engine F Cooling system,PS5 - Milestone D
PL-009779,Originated,B,P,10:FINAL PIPING CONNECTION AND REINSTATEMENT TO BE COMPLETED AFTER HT(descipiline-piping),PS5-60-75 - Engine F Cooling system,PS5 - Milestone D
PL-009781,Originated,C,M,10.1:Touch up / painting to be completed wherever required on the equipment,PS5-60-75 - Engine F Cooling system,PS5 - Milestone D
PL-009782,Originated,B,P,10:FINAL PIPING CONNECTION AND REINSTATEMENT TO BE COMPLETED AFTER HT(descipiline-piping),PS5-60-76 - Engine G Cooling system,PS5 - Milestone E
PL-009783,Originated,C,M,10.1:Touch up / painting to be completed wherever required on the equipment,PS5-60-76 - Engine G Cooling system,PS5 - Milestone E
PL-009784,Originated,B,P,10:FINAL PIPING CONNECTION AND REINSTATEMENT TO BE COMPLETED AFTER HT(descipiline-piping),PS5-60-76 - Engine G Cooling system,PS5 - Milestone E
PL-009785,Originated,C,M,10.1:Touch up / painting to be completed wherever required on the equipment,PS5-60-76 - Engine G Cooling system,PS5 - Milestone E
PL-009799,Closed,B,I,17. cable labelling is in accordance with specification to be done.,PS6-91-01 - Multicore cables & JB,PS6 - Milestone B
PL-009800,Originated,B,I,17:cable labelling is in accordance with specification to be done.,PS6-91-01 - Multicore cables & JB,PS6 - Milestone B
PL-009801,Originated,B,I,17:cable labelling is in accordance with specification to be done.,PS6-91-01 - Multicore cables & JB,PS6 - Milestone B
PL-009802,Originated,B,I,17:cable labelling is in accordance with specification to be done.,PS6-91-01 - Multicore cables & JB,PS6 - Milestone B
PL-009803,Originated,B,I,17:cable labelling is in accordance with specification to be done.,PS6-91-01 - Multicore cables & JB,PS6 - Milestone B
PL-009804,Originated,B,I,17:cable labelling is in accordance with specification to be done.,PS6-91-01 - Multicore cables & JB,PS6 - Milestone B
PL-009805,Originated,B,I,17:cable labelling is in accordance with specification to be done.,PS6-03-01 - FZ-01 - Process Area,PS6 - Milestone C
PL-009806,Originated,B,I,17:cable labelling is in accordance with specification to be done.,PS6-03-01 - FZ-01 - Process Area,PS6 - Milestone C
PL-009807,Originated,B,I,17:cable labelling is in accordance with specification to be done.,PS6-03-01 - FZ-01 - Process Area,PS6 - Milestone C
PL-009828,Originated,B,M,17:Alignment to be verified while installing suction and discharge line valves.,PS5-25-02 - Crude Oil Export Pump A,PS5 - Milestone H
PL-009846,Originated,B,M,17:Alignment to be verified while installing suction and discharge line valves,PS5-25-03 - Crude Oil Export Pump B,PS5 - Milestone H
PL-009847,Originated,B,M,17:Alignment to be verified while installing suction and discharge line valves,PS5-25-04 - Crude Oil Export Pump C,PS5 - Milestone H
PL-010025,Originated,B,E,Junction Box TAG is missing,PS5-62-09 - Outdoor Normal Lighting DB  - PS5-61-IG-0007,PS5 - Milestone G
PL-010028,Originated,B,E,Junction Box TAG is missing,PS5-62-09 - Outdoor Normal Lighting DB  - PS5-61-IG-0007,PS5 - Milestone G
PL-010066,Originated,B,I,17:cable labelling is in accordance with specification to be done.,PS6-91-01 - Multicore cables & JB,PS6 - Milestone B
PL-010067,Originated,B,I,17:cable labelling is in accordance with specification to be done.,PS6-91-01 - Multicore cables & JB,PS6 - Milestone B
PL-010068,Originated,B,I,17:cable labelling is in accordance with specification to be done,PS6-25-05 - Crude Oil Export Pumps Bypass,PS6 - Milestone E
PL-010069,Originated,B,I,17:cable labelling is in accordance with specification to be done,PS6-91-01 - Multicore cables & JB,PS6 - Milestone B
PL-010070,Originated,B,I,13:enclosure is correctly earthed in accordance with project data to be done.,PS6-91-01 - Multicore cables & JB,PS6 - Milestone B
PL-010071,Originated,B,I,13:enclosure is correctly earthed in accordance with project data to be done.,PS6-91-01 - Multicore cables & JB,PS6 - Milestone B
PL-010072,Originated,B,I,17:cable labelling is in accordance with specification to be done.,PS6-91-01 - Multicore cables & JB,PS6 - Milestone B
PL-010073,Originated,B,I,13:enclosure is correctly earthed in accordance with project data to be done.,PS6-91-01 - Multicore cables & JB,PS6 - Milestone B
PL-010074,Originated,B,I,17:cable labelling is in accordance with specification to be done.,PS6-91-01 - Multicore cables & JB,PS6 - Milestone B
PL-010075,Originated,B,I,17:cable labelling is in accordance with specification to be done.,PS6-91-01 - Multicore cables & JB,PS6 - Milestone B
PL-010076,Originated,B,I,17:cable labelling is in accordance with specification to be done.,PS6-91-01 - Multicore cables & JB,PS6 - Milestone B
PL-010077,Originated,B,I,17:cable labelling is in accordance with specification to be done.,PS6-91-01 - Multicore cables & JB,PS6 - Milestone B
PL-010078,Originated,B,I,17:cable labelling is in accordance with specification to be done,PS6-25-07 - Export Pipeline Pig Launcher,PS6 - Milestone E
PL-010079,Originated,B,I,17:cable labelling is in accordance with specification to be done.,PS6-91-01 - Multicore cables & JB,PS6 - Milestone B
PL-010080,Originated,B,I,17:cable labelling is in accordance with specification to be done.,PS6-91-01 - Multicore cables & JB,PS6 - Milestone B
PL-010081,Originated,B,I,17:cable labelling is in accordance with specification to be done.,PS6-91-01 - Multicore cables & JB,PS6 - Milestone B
PL-010082,Originated,B,I,17:cable labelling is in accordance with specification to be done,PS6-91-01 - Multicore cables & JB,PS6 - Milestone B
PL-010083,Originated,B,I,17:cable labelling is in accordance with specification to be done.,PS6-03-01 - FZ-01 - Process Area,PS6 - Milestone C
PL-010084,Originated,B,I,17:cable labelling is in accordance with specification to be done.,PS6-91-01 - Multicore cables & JB,PS6 - Milestone B
PL-010085,Originated,B,I,17:cable labelling is in accordance with specification to be done.,PS6-03-01 - FZ-01 - Process Area,PS6 - Milestone C
PL-010086,Originated,B,I,17:cable labelling is in accordance with specification to be done.,PS6-03-01 - FZ-01 - Process Area,PS6 - Milestone C
PL-010087,Originated,B,I,17:cable labelling is in accordance with specification to be done.,PS6-91-01 - Multicore cables & JB,PS6 - Milestone B
PL-010088,Originated,B,I,17:cable labelling is in accordance with specification to be done.,PS6-91-01 - Multicore cables & JB,PS6 - Milestone B
PL-010089,Originated,B,I,17:cable labelling is in accordance with specification to be done.,PS6-91-01 - Multicore cables & JB,PS6 - Milestone B
PL-010112,Originated,B,I,17:Check cable labelling is in accordance with specification to be done.,PS6-91-01 - Multicore cables & JB,PS6 - Milestone B
PL-010114,Originated,B,I,13:enclosure is correctly earthed in accordance with project data to be done.,PS6-91-01 - Multicore cables & JB,PS6 - Milestone B
PL-010115,Originated,B,E,Cable gland earthing is not yet installed,PS5-28-17 - Reinjection Pump,PS5 - Milestone H
PL-010116,Originated,B,E,Cable gland earthing is not yet installed,PS5-71-14 - Diesel Fuel Transfer and Dispensing Station,PS5 - Milestone F
PL-010120,Originated,B,E,Cable gland earthing is not yet installed,PS5-71-05 - CFO Transfer Pump A/B,PS5 - Milestone H
PL-010121,Originated,B,E,Cable gland earthing is not yet installed,PS5-71-05 - CFO Transfer Pump A/B,PS5 - Milestone H
PL-010126,Originated,B,E,Cable gland earthing is not yet installed,PS5-71-13 - CFO Service Pump A/B,PS5 - Milestone H
PL-010131,Originated,B,E,Cable gland earthing is not yet installed,PS5-71-21 - Diesel Transfer Pump A/B,PS5 - Milestone B
PL-010132,Originated,B,E,Cable gland earthing is not yet installed,PS5-71-21 - Diesel Transfer Pump A/B,PS5 - Milestone B
PL-010133,Originated,B,E,Cable gland earthing is not yet installed,PS5-53-02 - Water Distribution Pump A/B,PS5 - Milestone E
PL-010134,Originated,B,E,Cable gland earthing is not yet installed,PS5-53-02 - Water Distribution Pump A/B,PS5 - Milestone E
PL-010183,Originated,B,P,23:FINAL PIPING CONNECTION AND REINSTATEMENT TO BE COMPLETED AFTER HT(descipiline-piping),PS5-60-70 - Engine A Cooling system,PS5 - Milestone B
PL-010184,Originated,C,M,23.1:Touch up / painting to be completed wherever required on the equipment,PS5-60-70 - Engine A Cooling system,PS5 - Milestone B
PL-010185,Originated,B,E,23.2:EARTHING TO BE DONE,PS5-60-70 - Engine A Cooling system,PS5 - Milestone B
PL-010186,Originated,B,P,23:FINAL PIPING CONNECTION AND REINSTATEMENT TO BE COMPLETED AFTER HT(descipiline-piping),PS5-60-70 - Engine A Cooling system,PS5 - Milestone B
PL-010187,Originated,C,M,23.1:Touch up / painting to be completed wherever required on the equipmen,PS5-60-70 - Engine A Cooling system,PS5 - Milestone B
PL-010188,Originated,B,E,23.2:EARTHING TO BE DONE,PS5-60-70 - Engine A Cooling system,PS5 - Milestone B
PL-010189,Originated,B,P,23:FINAL PIPING CONNECTION AND REINSTATEMENT TO BE COMPLETED AFTER HT(descipiline-piping),PS5-60-71 - Engine B Cooling system,PS5 - Milestone B
PL-010190,Originated,C,M,23.1:Touch up / painting to be completed wherever required on the equipment,PS5-60-71 - Engine B Cooling system,PS5 - Milestone B
PL-010191,Originated,B,E,23.2: ERTHING TO BE DONE,PS5-60-71 - Engine B Cooling system,PS5 - Milestone B
PL-010192,Originated,B,P,23:FINAL PIPING CONNECTION AND REINSTATEMENT TO BE COMPLETED AFTER HT(descipiline-piping),PS5-60-71 - Engine B Cooling system,PS5 - Milestone B
PL-010193,Originated,C,P,23.1:Touch up / painting to be completed wherever required on the equipmen,PS5-60-71 - Engine B Cooling system,PS5 - Milestone B
PL-010194,Originated,B,E,23.2:EARTHING TO BE DONE,PS5-60-71 - Engine B Cooling system,PS5 - Milestone B
PL-010358,Originated,B,P,18:Pickling and passivation to be done,PS5-28-04 - Closed Drain Drum and Pump 02,PS5 - Milestone E
PL-010360,Originated,B,P,18:Pickling and Passivation to be done,PS5-28-06 - Relief Drum and Pump,PS5 - Milestone G
PL-010375,Originated,B,I,19:,PS6-28-03 - Closed Drain Drum & Pump,PS6 - Milestone E
PL-010385,Originated,B,T,Cable not Dressing at Both Ends,PS5-08-01 - PAGA,PS5 - Milestone F
PL-010387,Originated,B,T,Cable not Dressing at Both Ends,PS5-08-01 - PAGA,PS5 - Milestone F
PL-010388,Originated,B,T,Cable not Dressing at Both Ends,PS5-08-01 - PAGA,PS5 - Milestone F
PL-010462,Originated,B,I,17:,PS6-91-01 - Multicore cables & JB,PS6 - Milestone B
PL-010488,Originated,B,E,17:,PS6-61-06 - Outdoor Valves Distribution Board - PS6-61-IG-0016,PS6 - Milestone F
PL-010534,Closed,B,B,11: Loose grating clips to be tighten.,PS6-83-01 - EITS Building,PS6 - Milestone G
PL-010561,Originated,B,M,21:COUPLING SPACER TO BE TIGHTENED PROPERLY AFTER MOTOR SOLO-RUN,PS5-71-21 - Diesel Transfer Pump A/B,PS5 - Milestone B
PL-010562,Originated,C,M,21.1:Touch up / painting to be completed wherever required on the equipmen,PS5-71-21 - Diesel Transfer Pump A/B,PS5 - Milestone B
PL-010563,Originated,B,M,21:COUPLING SPACER TO BE TIGHTENED PROPERLY AFTER MOTOR SOLO-RUN,PS5-71-21 - Diesel Transfer Pump A/B,PS5 - Milestone B
PL-010564,Originated,C,M,21.1:Touch up / painting to be completed wherever required on the equipmen,PS5-71-21 - Diesel Transfer Pump A/B,PS5 - Milestone B
PL-010642,Originated,B,E,"PS006-E&I-COW-2700 - Ring Ethernet cat6 Cables that are extended with coupler to be replaced by longer ones, and should pass through suitable cable opening.",PS6-61-04 - 0.4kV Switchboard EITS Building (PS6-61-IK-0001),PS6 - Milestone A
PL-010648,Originated,B,I,19:,PS6-28-04 - Reinjection Pump,PS6 - Milestone E
PL-010755,Originated,B,P,18:Pickling and passivation to be done,PS5-60-25 - Cooling Water Maintenance Tank & Return Pump,PS5 - Milestone E
PL-010756,Originated,B,P,18:Paint touchup to be done,PS5-71-01 - CFO Storage Tank Feed Heater,PS5 - Milestone H
PL-010759,Closed,B,P,Flexible hose connection with nitrogen skid flange management to be done,PS6-28-02 - Relief Header,PS6 - Milestone E
PL-010765,Originated,B,P,18: Pickling and passivation to be don,PS5-28-03 - Closed Drain Drum and Pump 01,PS5 - Milestone G
PL-010766,Originated,B,P,18:Paint touchup to be done,PS5-28-06 - Relief Drum and Pump,PS5 - Milestone G
PL-010865,Originated,B,E,bar not connected to earth grid,PS5-05-02 - Emergency Diesel Generator Package (UCP),PS5 - Milestone C
PL-010868,Originated,C,E,The Panel Frame not to be touch up paint,PS5-05-02 - Emergency Diesel Generator Package (UCP),PS5 - Milestone C
PL-010904,Originated,B,P,18.1: RLMU to be done,PS5-60-25 - Cooling Water Maintenance Tank & Return Pump,PS5 - Milestone E
PL-010912,Originated,B,I,bar not connected to isolated earth grid,PS5-60-10 - Power Generation Package D,PS5 - Milestone D
PL-010921,Originated,B,I,bar not connected to isolated earth grid,PS5-60-16 - Power Generation Package F,PS5 - Milestone D
PL-010964,Originated,B,P,18: Paint touch up to be done,PS5-01-05 - Foam Skid,PS5 - Milestone F
PL-010965,Originated,B,P,18:Pickling and passivation to be done,PS5-01-06 - Foam Concentrate Distribution,PS5 - Milestone F
PL-010967,Originated,B,P,18.1:RLMU to be done,PS5-01-06 - Foam Concentrate Distribution,PS5 - Milestone F
PL-010968,Originated,B,P,18:Paint touchup to be done,PS5-28-12 - Open Drains (OD3),PS5 - Milestone I
PL-011075,Originated,B,P,18:Paint touchup to be done,PS5-60-24 - Cooling Water Tank & Pump,PS5 - Milestone E
PL-011077,Originated,B,P,18:Pickling and passivation to be done,PS5-60-24 - Cooling Water Tank & Pump,PS5 - Milestone E
PL-011079,Originated,B,P,18:Paint touchup to be don,PS5-60-25 - Cooling Water Maintenance Tank & Return Pump,PS5 - Milestone E
PL-011080,Originated,B,P,18:Pickling and passivation to be done,PS5-60-25 - Cooling Water Maintenance Tank & Return Pump,PS5 - Milestone E
PL-011103,Originated,B,T,Cable no Dressing at Both Ends,PS5-08-01 - PAGA,PS5 - Milestone F
PL-011108,Originated,B,T,Cable no Dressing at Both Ends,PS5-08-01 - PAGA,PS5 - Milestone F
PL-011109,Originated,B,T,Cable no Dressing at Both Ends,PS5-08-01 - PAGA,PS5 - Milestone F
PL-011110,Originated,B,T,Cable no Dressing at Both Ends,PS5-08-01 - PAGA,PS5 - Milestone F
PL-011111,Originated,B,T,Cable no Dressing at Both Ends,PS5-08-01 - PAGA,PS5 - Milestone F
PL-011146,Originated,B,P,18:GL01 PTFE Isolation Pad to be Fixed.,PS5-60-26 - Instrument Air Compressor Skid,PS5 - Milestone B
PL-011147,Originated,B,P,"18.1:1"" ValveCTR commodity code to be add. RLMU to be done",PS5-60-26 - Instrument Air Compressor Skid,PS5 - Milestone B
PL-011148,Originated,B,P,18.2:Paint touchup to be done,PS5-60-26 - Instrument Air Compressor Skid,PS5 - Milestone B
PL-011149,Originated,B,P,18:F1 flange connection to PS5-60-UA-5200/TP-311 is pending.,PS5-60-26 - Instrument Air Compressor Skid,PS5 - Milestone B
PL-011150,Originated,B,P,18.1:GL01 PTFE Isolation Pad to be Fixed.,PS5-60-26 - Instrument Air Compressor Skid,PS5 - Milestone B
PL-011151,Originated,B,P,18.2:Paint touchup to be done,PS5-60-26 - Instrument Air Compressor Skid,PS5 - Milestone B
PL-011152,Originated,B,P,18:GL01 PTFE Isolation Pad to be Fixed.,PS5-60-27 - Compressed Air Starting Skid,PS5 - Milestone B
PL-011153,Originated,B,P,18.1:Sleeve Penetration to be install,PS5-60-27 - Compressed Air Starting Skid,PS5 - Milestone B
PL-011154,Originated,B,P,18.2:Paint touchup to be done,PS5-60-27 - Compressed Air Starting Skid,PS5 - Milestone B
PL-011158,Originated,B,P,18:GL01 PTFE Isolation Pad to be Fixed.,PS5-71-18 - Diesel Separator Module,PS5 - Milestone F
PL-011159,Originated,B,P,18.1:Paint touchup to be done,PS5-71-18 - Diesel Separator Module,PS5 - Milestone F
PL-011207,Originated,B,P,18.2:cladding penetration to be install,PS5-71-18 - Diesel Separator Module,PS5 - Milestone F
PL-011209,Originated,A,E,Cable is damaged,PS5-71-07 - Crude Fuel Separation Module (UCP),PS5 - Milestone H
PL-011313,Originated,B,P,18:Electrical heat tracing to be done,PS5-25-02 - Crude Oil Export Pump A,PS5 - Milestone H
PL-011314,Originated,B,P,18.1:Insulatoin to be done,PS5-25-02 - Crude Oil Export Pump A,PS5 - Milestone H
PL-011315,Originated,B,P,18.2:Paint touchup to be done,PS5-25-02 - Crude Oil Export Pump A,PS5 - Milestone H
PL-011317,Originated,B,P,18:Electrical heat tracing to be done,PS5-25-03 - Crude Oil Export Pump B,PS5 - Milestone H
PL-011318,Originated,B,P,18.1:Insulatoin to be done,PS5-25-03 - Crude Oil Export Pump B,PS5 - Milestone H
PL-011319,Originated,B,P,18.2:Paint touchup to be done,PS5-25-03 - Crude Oil Export Pump B,PS5 - Milestone H
PL-011320,Originated,B,P,18:Electrical heat tracing to be done,PS5-25-04 - Crude Oil Export Pump C,PS5 - Milestone H
PL-011321,Originated,B,P,18.1:Insulatoin to be done,PS5-25-04 - Crude Oil Export Pump C,PS5 - Milestone H
PL-011323,Originated,B,P,18.2:Paint touchup to be done,PS5-25-04 - Crude Oil Export Pump C,PS5 - Milestone H
PL-011328,Originated,B,P,18:GL01 PTFE Isolation Pad to be Fixed.,PS5-60-24 - Cooling Water Tank & Pump,PS5 - Milestone E
PL-011330,Originated,B,P,18.1:Pickling & Passivation to be done in rusted area,PS5-60-24 - Cooling Water Tank & Pump,PS5 - Milestone E
PL-011331,Originated,B,P,18:GL01 PTFE Isolation Pad to be Fixed,PS5-60-24 - Cooling Water Tank & Pump,PS5 - Milestone E
PL-011332,Originated,B,P,18.1:Pickling & Passivation to be done in rusted area,PS5-60-24 - Cooling Water Tank & Pump,PS5 - Milestone E
PL-011333,Originated,B,P,18:Valve Commodity code RLMU to be done,PS5-71-02 - CFO Allocation Metering Package,PS5 - Milestone H
PL-011334,Originated,B,P,18.1:Paint touchup to be done,PS5-71-02 - CFO Allocation Metering Package,PS5 - Milestone H
PL-011335,Originated,B,P,18:GL01 PTFE Isolation Pad to be Fixed.,PS5-28-04 - Closed Drain Drum and Pump 02,PS5 - Milestone E
PL-011336,Originated,B,P,18.1:Pickling & Passivation to be done in rusted area,PS5-28-04 - Closed Drain Drum and Pump 02,PS5 - Milestone E
PL-011337,Originated,B,P,18:GL01 PTFE Isolation Pad to be Fixed.,PS5-28-07 - Open Drains (OD2),PS5 - Milestone G
PL-011338,Originated,B,P,18.1:Pickling & Passivation to be done in rusted area,PS5-28-07 - Open Drains (OD2),PS5 - Milestone G
PL-011339,Originated,B,P,18.2:Pickling & Passivation to be done in rusted area,PS5-28-07 - Open Drains (OD2),PS5 - Milestone G
PL-011340,Originated,B,P,18:GL01 PTFE Isolation Pad to be Fixed.,PS5-60-25 - Cooling Water Maintenance Tank & Return Pump,PS5 - Milestone E
PL-011341,Originated,B,P,18.1:Pickling & Passivation to be done in rusted area,PS5-60-25 - Cooling Water Maintenance Tank & Return Pump,PS5 - Milestone E
PL-011342,Originated,B,P,18:GL01 PTFE Isolation Pad to be Fixed.,PS5-28-07 - Open Drains (OD2),PS5 - Milestone G
PL-011343,Originated,B,P,18.1:Pickling & Passivation to be done in rusted area,PS5-28-07 - Open Drains (OD2),PS5 - Milestone G
PL-011344,Originated,B,P,18:GL01 PTFE Isolation Pad to be Fixed.,PS5-74-03 - Nitrogen Receiver,PS5 - Milestone F
PL-011345,Originated,B,P,18.1:CTR commodity code to be add. RLMU to be done,PS5-74-03 - Nitrogen Receiver,PS5 - Milestone F
PL-011346,Originated,B,P,18.2:Paint Touch up to be done,PS5-74-03 - Nitrogen Receiver,PS5 - Milestone F
PL-011347,Originated,B,P,18:Paint touch up to be done,PS5-28-07 - Open Drains (OD2),PS5 - Milestone G
PL-011348,Originated,B,P,18:CTR commodity code to be add. RLMU to be done,PS5-60-01 - Power Generation Package A,PS5 - Milestone B
PL-011349,Originated,B,P,18.1:Hose Connection FM to be Done,PS5-60-01 - Power Generation Package A,PS5 - Milestone B
PL-011350,Originated,B,P,18.2:GL01 PTFE Isolation Pad to be Fixed,PS5-60-01 - Power Generation Package A,PS5 - Milestone B
PL-011351,Originated,B,P,18.3:Paint touch up to be done,PS5-60-01 - Power Generation Package A,PS5 - Milestone B
PL-011352,Originated,B,P,18:CTR commodity code to be add. RLMU to be done,PS5-60-24 - Cooling Water Tank & Pump,PS5 - Milestone E
PL-011353,Originated,B,P,18.1:GL01 PTFE Isolation Pad to be Fixed.,PS5-60-24 - Cooling Water Tank & Pump,PS5 - Milestone E
PL-011354,Originated,B,P,18.2:Pickling & passivation to be done in rusted area,PS5-60-24 - Cooling Water Tank & Pump,PS5 - Milestone E
PL-011355,Originated,B,P,18:GL01 PTFE Isolation Pad to be Fixed.,PS5-71-20 - Diesel Fuel Day Tank,PS5 - Milestone B
PL-011356,Originated,B,P,18.1:Paint touch up to be done,PS5-71-20 - Diesel Fuel Day Tank,PS5 - Milestone B
PL-011382,Originated,A,P,Bolt torquing to de done with continuous package no.Eacop-ps6-53-01-0064,PS6-53-01 - Utility Water Storage Tank,PS6 - Milestone D
PL-011383,Originated,A,P,Bolt torquing to be done with continuous package EACOP-PS6-53-01-0072,PS6-53-04 - Water Distribution Header,PS6 - Milestone D
PL-011408,Originated,B,P,18:Hose Connection FM to be Done,PS5-60-01 - Power Generation Package A,PS5 - Milestone B
PL-011409,Originated,B,P,18.1:Wear pad support holes shall be sealed.,PS5-60-01 - Power Generation Package A,PS5 - Milestone B
PL-011410,Originated,B,P,18.2:GL01 PTFE Isolation Pad to be Fixed.,PS5-60-01 - Power Generation Package A,PS5 - Milestone B
PL-011411,Originated,B,P,18.3:Paint touch up to be done,PS5-60-01 - Power Generation Package A,PS5 - Milestone B
PL-011412,Originated,B,P,18:CTR commodity code to be add. RLMU to be done,PS5-60-01 - Power Generation Package A,PS5 - Milestone B
PL-011414,Originated,B,P,18.1:Hose Connection FM to be Done,PS5-60-01 - Power Generation Package A,PS5 - Milestone B
PL-011416,Originated,B,P,18.2:Wear pad support holes shall be sealed.,PS5-60-01 - Power Generation Package A,PS5 - Milestone B
PL-011418,Originated,B,P,18.3:GL01 PTFE Isolation Pad to be Fixed.,PS5-60-01 - Power Generation Package A,PS5 - Milestone B
PL-011419,Originated,B,P,18.4:Paint touch up to be done,PS5-60-01 - Power Generation Package A,PS5 - Milestone B
PL-011420,Originated,B,P,18:CTR commodity code to be add. RLMU to be done,PS5-60-04 - Power Generation Package B,PS5 - Milestone B
PL-011421,Originated,B,P,18.1:Hose Connection FM to be Done,PS5-60-04 - Power Generation Package B,PS5 - Milestone B
PL-011422,Originated,B,P,18.2:Wear pad support holes shall be sealed.,PS5-60-04 - Power Generation Package B,PS5 - Milestone B
PL-011423,Originated,B,P,18.3:GL01 PTFE Isolation Pad to be Fixed.,PS5-60-04 - Power Generation Package B,PS5 - Milestone B
PL-011424,Originated,B,P,18.4:Paint touch up to be done,PS5-60-04 - Power Generation Package B,PS5 - Milestone B
PL-011425,Originated,B,P,18:Hose Connection FM to be Done,PS5-60-04 - Power Generation Package B,PS5 - Milestone B
PL-011426,Originated,B,P,18.1:Wear pad support holes shall be sealed,PS5-60-04 - Power Generation Package B,PS5 - Milestone B
PL-011427,Originated,B,P,18.2:GL01 PTFE Isolation Pad to be Fixed.,PS5-60-04 - Power Generation Package B,PS5 - Milestone B
PL-011428,Originated,B,P,18.3:Paint touch up to be done,PS5-60-04 - Power Generation Package B,PS5 - Milestone B
PL-011435,Originated,B,P,"18:1"" Valve CTR commodity code to be add. RLMU to be done",PS5-60-04 - Power Generation Package B,PS5 - Milestone B
PL-011437,Originated,B,P,18.1:Hose Connection FM to be Done,PS5-60-04 - Power Generation Package B,PS5 - Milestone B
PL-011438,Originated,B,P,18.2:Wear pad support holes shall be sealed.,PS5-60-04 - Power Generation Package B,PS5 - Milestone B
PL-011440,Originated,B,P,18.3:GL01 PTFE Isolation Pad to be Fixed.,PS5-60-04 - Power Generation Package B,PS5 - Milestone B
PL-011441,Originated,B,P,18.4:Cladding Penetration to be Fix,PS5-60-04 - Power Generation Package B,PS5 - Milestone B
PL-011443,Originated,B,P,18.5:Paint touch up to be done,PS5-60-04 - Power Generation Package B,PS5 - Milestone B
PL-011447,Originated,B,P,"18:1"" valve CTR commodity code to be add. RLMU to be done",PS5-71-22 - Diesel Fuel Pre Pressure Module,PS5 - Milestone B
PL-011448,Originated,B,P,18.1:Valve Handle missing,PS5-71-22 - Diesel Fuel Pre Pressure Module,PS5 - Milestone B
PL-011449,Originated,B,P,18.2:PR01 (PS-71493) to be install,PS5-71-22 - Diesel Fuel Pre Pressure Module,PS5 - Milestone B
PL-011450,Originated,B,P,18.3:PR01 (PS-504481) to be install,PS5-71-22 - Diesel Fuel Pre Pressure Module,PS5 - Milestone B
PL-011451,Originated,B,P,18.4:Wear pad support holes shall be sealed,PS5-71-22 - Diesel Fuel Pre Pressure Module,PS5 - Milestone B
PL-011452,Originated,B,P,18.5:GL01 PTFE Isolation Pad to be Fixed.,PS5-71-22 - Diesel Fuel Pre Pressure Module,PS5 - Milestone B
PL-011453,Originated,B,P,18.6:Cladding Penetration to be Fix,PS5-71-22 - Diesel Fuel Pre Pressure Module,PS5 - Milestone B
PL-011454,Originated,B,P,18.7:Paint touch up to be done,PS5-71-22 - Diesel Fuel Pre Pressure Module,PS5 - Milestone B
PL-011484,Originated,C,E,14:glands / MCT and earthing are in accordance with specification to be done.,PS6-25-02 - Crude Oil Export Pump A,PS6 - Milestone E
PL-011486,Originated,C,E,14:glands / MCT and earthing are in accordance with specification to be done.,PS6-25-03 - Crude Oil Export Pump B,PS6 - Milestone E
PL-011488,Originated,C,E,14:glands / MCT and earthing are in accordance with specification to be done.,PS6-25-04 - Crude Oil Export Pump C,PS6 - Milestone E
PL-011489,Originated,C,E,17:glands / MCT and earthing are in accordance with specification to be done.,PS6-25-02 - Crude Oil Export Pump A,PS6 - Milestone E
PL-011490,Originated,C,E,17:glands / MCT and earthing are in accordance with specification to be done.,PS6-25-02 - Crude Oil Export Pump A,PS6 - Milestone E
PL-011491,Originated,C,E,17:glands / MCT and earthing are in accordance with specification to be done.,PS6-25-04 - Crude Oil Export Pump C,PS6 - Milestone E
PL-011493,Originated,C,E,17:glands / MCT and earthing are in accordance with specification to be done.,PS6-25-04 - Crude Oil Export Pump C,PS6 - Milestone E
PL-011496,Originated,C,E,17:glands / MCT and earthing are in accordance with specification to be done.,PS6-25-04 - Crude Oil Export Pump C,PS6 - Milestone E
PL-011502,Originated,C,E,17:glands / MCT and earthing are in accordance with specification to be done.,PS6-25-04 - Crude Oil Export Pump C,PS6 - Milestone E
PL-011506,Originated,C,E,17:glands / MCT and earthing are in accordance with specification to be done.,PS6-25-03 - Crude Oil Export Pump B,PS6 - Milestone E
PL-011509,Originated,C,E,17:glands / MCT and earthing are in accordance with specification to be done.,PS6-25-02 - Crude Oil Export Pump A,PS6 - Milestone E
PL-011510,Originated,C,E,17:glands / MCT and earthing are in accordance with specification to be done.,PS6-25-03 - Crude Oil Export Pump B,PS6 - Milestone E
PL-011511,Originated,C,E,17:glands / MCT and earthing are in accordance with specification to be done.,PS6-25-02 - Crude Oil Export Pump A,PS6 - Milestone E
PL-011512,Originated,C,E,17:glands / MCT and earthing are in accordance with specification to be done.,PS6-25-03 - Crude Oil Export Pump B,PS6 - Milestone E
PL-011513,Originated,C,E,17:glands / MCT and earthing are in accordance with specification to be done.,PS6-25-03 - Crude Oil Export Pump B,PS6 - Milestone E
PL-011514,Originated,C,E,16:Gland earthing Plates to be done.,PS6-25-03 - Crude Oil Export Pump B,PS6 - Milestone E
PL-011515,Originated,C,E,16: Cable gland earthing to be done.,PS6-25-04 - Crude Oil Export Pump C,PS6 - Milestone E
PL-011516,Originated,C,E,16:Cable Gland Earthing to be done.,PS6-25-04 - Crude Oil Export Pump C,PS6 - Milestone E
PL-011517,Originated,C,E,16: cable Gland earthing to be done.,PS6-25-04 - Crude Oil Export Pump C,PS6 - Milestone E
PL-011518,Originated,C,E,16:cable gland earthing to be done.,PS6-25-04 - Crude Oil Export Pump C,PS6 - Milestone E
PL-011519,Originated,C,E,16: Cable gland earthing to be done.,PS6-25-02 - Crude Oil Export Pump A,PS6 - Milestone E
PL-011520,Originated,C,E,16:Cable gland earthing to be done.,PS6-25-02 - Crude Oil Export Pump A,PS6 - Milestone E
PL-011521,Originated,C,E,16: Cable gland earthing to be done.,PS6-25-02 - Crude Oil Export Pump A,PS6 - Milestone E
PL-011522,Originated,C,E,16:Cable gland earthing to be done.,PS6-25-02 - Crude Oil Export Pump A,PS6 - Milestone E
PL-011523,Originated,C,E,16: Cable gland earthing to be done.,PS6-25-03 - Crude Oil Export Pump B,PS6 - Milestone E
PL-011524,Originated,C,E,16: Cable gland earthing to be done.,PS6-25-03 - Crude Oil Export Pump B,PS6 - Milestone E
PL-011562,Originated,B,P,18:PR01 to be install,PS5-60-49 - Lube Oil Separator Module PS5-60-UO-81100A,PS5 - Milestone B
PL-011563,Originated,B,P,18.1:Hose Connection FM to be Done,PS5-60-49 - Lube Oil Separator Module PS5-60-UO-81100A,PS5 - Milestone B
PL-011564,Originated,B,P,18.2:GL01 PTFE Isolation Pad to be Fixed.,PS5-60-49 - Lube Oil Separator Module PS5-60-UO-81100A,PS5 - Milestone B
PL-011565,Originated,B,P,18.3:Floor penetration gratings shall be fixed properly.,PS5-60-49 - Lube Oil Separator Module PS5-60-UO-81100A,PS5 - Milestone B
PL-011566,Originated,B,P,18.4:Paint touch up to be done,PS5-60-49 - Lube Oil Separator Module PS5-60-UO-81100A,PS5 - Milestone B
PL-011567,Originated,B,P,18:PR01 to be install,PS5-60-56 - Fuel Conditioning Module PS5-60-UZ-8900A,PS5 - Milestone B
PL-011568,Originated,B,P,"18.1:1"" valve CTR commodity code to be add. RLMU to be done",PS5-60-56 - Fuel Conditioning Module PS5-60-UZ-8900A,PS5 - Milestone B
PL-011569,Originated,B,P,18.2:Floor & Clading penetration gratings shall be fixed properly.,PS5-60-56 - Fuel Conditioning Module PS5-60-UZ-8900A,PS5 - Milestone B
PL-011570,Originated,B,P,18.3:GL01 PTFE Isolation Pad to be Fixed,PS5-60-56 - Fuel Conditioning Module PS5-60-UZ-8900A,PS5 - Milestone B
PL-011571,Originated,B,P,18.4:Paint touch up to be done,PS5-60-56 - Fuel Conditioning Module PS5-60-UZ-8900A,PS5 - Milestone B
PL-011572,Originated,B,P,"18:1"" valve CTR commodity code to be add. RLMU to be done",PS5-60-58 - Fuel Conditioning Module PS5-60-UZ-8900B,PS5 - Milestone B
PL-011573,Originated,B,P,18.1:Floor & Clading penetration gratings shall be fixed properly.,PS5-60-58 - Fuel Conditioning Module PS5-60-UZ-8900B,PS5 - Milestone B
PL-011574,Originated,B,P,18.2:GL01 PTFE Isolation Pad to be Fixed.,PS5-60-58 - Fuel Conditioning Module PS5-60-UZ-8900B,PS5 - Milestone B
PL-011575,Originated,B,P,18.3:Paint touch up to be done,PS5-60-58 - Fuel Conditioning Module PS5-60-UZ-8900B,PS5 - Milestone B
PL-011601,Originated,B,P,18:CTR commodity code to be add. RLMU to be done,PS5-60-35 - Injector Tip Cooling Module A,PS5 - Milestone B
PL-011602,Originated,B,P,18.1:Hose Connection FM to be Done,PS5-60-35 - Injector Tip Cooling Module A,PS5 - Milestone B
PL-011604,Originated,B,P,18.2:GL01 PTFE Isolation Pad to be Fixed.,PS5-60-35 - Injector Tip Cooling Module A,PS5 - Milestone B
PL-011606,Originated,B,P,18.3:Floor Penetration Gratings to be Fixed,PS5-60-35 - Injector Tip Cooling Module A,PS5 - Milestone B
PL-011607,Originated,B,P,18.4:Paint touch up to be done,PS5-60-35 - Injector Tip Cooling Module A,PS5 - Milestone B
PL-011619,Originated,B,P,18:CTR commodity code to be add. RLMU to be done,PS5-60-36 - Injector Tip Cooling Module B,PS5 - Milestone B
PL-011620,Originated,B,P,18.1:Hose Connection FM to be Done,PS5-60-36 - Injector Tip Cooling Module B,PS5 - Milestone B
PL-011622,Originated,B,P,18.2:GL01 PTFE Isolation Pad to be Fixed.,PS5-60-36 - Injector Tip Cooling Module B,PS5 - Milestone B
PL-011623,Originated,B,P,18.3:Floor Penetration Gratings to be Fixed,PS5-60-36 - Injector Tip Cooling Module B,PS5 - Milestone B
PL-011624,Originated,B,P,18.4:Paint touch up to be done,PS5-60-36 - Injector Tip Cooling Module B,PS5 - Milestone B
PL-011626,Originated,B,P,"18:1"" ValveCTR commodity code to be add. RLMU to be done",PS5-60-56 - Fuel Conditioning Module PS5-60-UZ-8900A,PS5 - Milestone B
PL-011628,Originated,B,P,18.1:Hose Connection FM to be Done,PS5-60-56 - Fuel Conditioning Module PS5-60-UZ-8900A,PS5 - Milestone B
PL-011629,Originated,B,P,18.2:GL01 PTFE Isolation Pad to be Fixed.,PS5-60-56 - Fuel Conditioning Module PS5-60-UZ-8900A,PS5 - Milestone B
PL-011631,Originated,B,P,18.3:Floor Penetration Gratings to be Fixed,PS5-60-56 - Fuel Conditioning Module PS5-60-UZ-8900A,PS5 - Milestone B
PL-011632,Originated,B,P,18.4:Paint touch up to be done,PS5-60-56 - Fuel Conditioning Module PS5-60-UZ-8900A,PS5 - Milestone B
PL-011635,Originated,B,P,"18:1"" Valve CTR commodity code to be add. RLMU to be done",PS5-60-58 - Fuel Conditioning Module PS5-60-UZ-8900B,PS5 - Milestone B
PL-011650,Originated,B,P,18.1:Hose Connection FM to be Done,PS5-60-58 - Fuel Conditioning Module PS5-60-UZ-8900B,PS5 - Milestone B
PL-011652,Originated,B,P,18.2:GL01 PTFE Isolation Pad to be Fixed.,PS5-60-58 - Fuel Conditioning Module PS5-60-UZ-8900B,PS5 - Milestone B
PL-011653,Originated,B,P,18.3:Floor Penetration Gratings to be Fixed,PS5-60-58 - Fuel Conditioning Module PS5-60-UZ-8900B,PS5 - Milestone B
PL-011654,Originated,B,P,18.4:Floor Penetration Gratings to be Fixed,PS5-60-58 - Fuel Conditioning Module PS5-60-UZ-8900B,PS5 - Milestone B
PL-011655,Originated,B,P,18.5:Paint touch up to be done,PS5-60-58 - Fuel Conditioning Module PS5-60-UZ-8900B,PS5 - Milestone B
PL-011656,Originated,B,P,18:Instruments to be Install,PS5-71-20 - Diesel Fuel Day Tank,PS5 - Milestone B
PL-011659,Originated,B,P,18.1:GL01 PTFE Isolation Pad to be Fixed.,PS5-71-20 - Diesel Fuel Day Tank,PS5 - Milestone B
PL-011660,Originated,B,P,18.2:Paint touch up to be done,PS5-71-20 - Diesel Fuel Day Tank,PS5 - Milestone B
PL-011846,Originated,B,P,"18:1"" CTR commodity code to be add. RLMU to be done",PS5-60-50 - Lube Oil Separator Module PS5-60-UO-81100B,PS5 - Milestone B
PL-011847,Originated,B,P,18.1:Hose Connection FM to be Done,PS5-60-50 - Lube Oil Separator Module PS5-60-UO-81100B,PS5 - Milestone B
PL-011848,Originated,B,P,18.2:PR01 Bottom shim to be sealed.,PS5-60-50 - Lube Oil Separator Module PS5-60-UO-81100B,PS5 - Milestone B
PL-011849,Originated,B,P,18.3:Floor Penetration Gratings to be Fixed.,PS5-60-50 - Lube Oil Separator Module PS5-60-UO-81100B,PS5 - Milestone B
PL-011850,Originated,B,P,18.4:GL01 PTFE Isolation Pad to be Fixed.,PS5-60-50 - Lube Oil Separator Module PS5-60-UO-81100B,PS5 - Milestone B
PL-011851,Originated,B,P,18.5:Paint touch up to be done,PS5-60-50 - Lube Oil Separator Module PS5-60-UO-81100B,PS5 - Milestone B
PL-011852,Originated,B,P,18:Provide shim as required,PS5-60-70 - Engine A Cooling system,PS5 - Milestone B
PL-011853,Originated,B,P,18.1:PR01 (PS-58240) to be installed and sealed,PS5-60-70 - Engine A Cooling system,PS5 - Milestone B
PL-011854,Originated,B,P,"18.2:1"" Valve CTR commodity code to be add. RLMU to be done",PS5-60-70 - Engine A Cooling system,PS5 - Milestone B
PL-011855,Originated,B,P,18.3:GL01 PTFE Isolation Pad to be Fixed.,PS5-60-70 - Engine A Cooling system,PS5 - Milestone B
PL-011856,Originated,B,P,18.4:Through wall penetration to be Fixed.,PS5-60-70 - Engine A Cooling system,PS5 - Milestone B
PL-011857,Originated,B,P,18.5:Paint touch up to be done,PS5-60-70 - Engine A Cooling system,PS5 - Milestone B
PL-011858,Originated,B,P,18:Provide shim as required,PS5-60-70 - Engine A Cooling system,PS5 - Milestone B
PL-011859,Originated,B,P,18.1:Bottom shim to be sealed.,PS5-60-70 - Engine A Cooling system,PS5 - Milestone B
PL-011860,Originated,B,P,"18.2:1"" Valve CTR commodity code to be add. RLMU to be done",PS5-60-70 - Engine A Cooling system,PS5 - Milestone B
PL-011861,Originated,B,P,18.3:GL01 PTFE Isolation Pad to be Fixed.,PS5-60-70 - Engine A Cooling system,PS5 - Milestone B
PL-011862,Originated,B,P,18.4:Through wall penetration to be Fixed.,PS5-60-70 - Engine A Cooling system,PS5 - Milestone B
PL-011863,Originated,B,P,18.5:Paint touch up to be done,PS5-60-70 - Engine A Cooling system,PS5 - Milestone B
PL-011864,Originated,B,P,18:Provide shim as required,PS5-60-71 - Engine B Cooling system,PS5 - Milestone B
PL-011865,Originated,B,P,"18.1:1"" valve CTR commodity code to be add. RLMU to be done",PS5-60-71 - Engine B Cooling system,PS5 - Milestone B
PL-011866,Originated,B,P,18.2:Through wall penetration to be Fixed.,PS5-60-71 - Engine B Cooling system,PS5 - Milestone B
PL-011867,Originated,B,P,18.3:GL01 PTFE Isolation Pad to be Fixed.,PS5-60-71 - Engine B Cooling system,PS5 - Milestone B
PL-011868,Originated,B,P,18.4:Paint touch up to be done,PS5-60-71 - Engine B Cooling system,PS5 - Milestone B
PL-011869,Originated,B,P,"18:1"" Valve CTR commodity code to be add. RLMU to be done",PS5-60-71 - Engine B Cooling system,PS5 - Milestone B
PL-011870,Originated,B,P,18.1:Provide shim as required,PS5-60-71 - Engine B Cooling system,PS5 - Milestone B
PL-011871,Originated,B,P,18.2:Through wall penetration to be Fixed.,PS5-60-71 - Engine B Cooling system,PS5 - Milestone B
PL-011872,Originated,B,P,18.3:GL01 PTFE Isolation Pad to be Fixed.,PS5-60-71 - Engine B Cooling system,PS5 - Milestone B
PL-011873,Originated,B,P,18.4:Paint touch up to be done,PS5-60-71 - Engine B Cooling system,PS5 - Milestone B
PL-011925,Originated,B,P,18.5: S8 GL01 (PS-61260) GAP to be verify after PTFE installed.,PS5-60-71 - Engine B Cooling system,PS5 - Milestone B
PL-011929,Originated,B,P,"18:1"" valve CTR commodity code to be add. RLMU to be done",PS5-60-71 - Engine B Cooling system,PS5 - Milestone B
PL-011930,Originated,B,P,18.1:TZ-MID-68-WPR2-207040 F6 & TZ-MID-68-WPR2-207034 F5 Stud bolt protrusion is less than 2 threads,PS5-60-71 - Engine B Cooling system,PS5 - Milestone B
PL-011931,Originated,B,P,18.2:S16 (PS-61210)-GL01 gap shall be verified after PTFE pad installation,PS5-60-71 - Engine B Cooling system,PS5 - Milestone B
PL-011932,Originated,B,P,"18.3:PS5-60-TX-41200A/TP-614 & TP-600, PS5-60-UR-8100B-TP-800 & TP-802 Equpiment connection Flange Management to be done",PS5-60-71 - Engine B Cooling system,PS5 - Milestone B
PL-011933,Originated,B,P,18.4:PS5-60-TG-0006B F9 - Stud bolt protrusion is less than 2 threads,PS5-60-71 - Engine B Cooling system,PS5 - Milestone B
PL-011934,Originated,B,P,18.5:GL01 PTFE Isolation Pad to be Fixed.,PS5-60-71 - Engine B Cooling system,PS5 - Milestone B
PL-011935,Originated,B,P,18.6:Paint touch up to be done,PS5-60-71 - Engine B Cooling system,PS5 - Milestone B
PL-011936,Originated,B,P,18:Drg no TZ-MID-68-WPR2-207045 S10 (PS-61220)- GL01 gap shall be verified after PTFE pad installation,PS5-60-71 - Engine B Cooling system,PS5 - Milestone B
PL-011937,Originated,B,P,18.1:Drg No TZ-MID-68-WPR2-207045 S9 (PS-61218)-PR01 to be install,PS5-60-71 - Engine B Cooling system,PS5 - Milestone B
PL-011938,Originated,B,P,18.2:PS5-60-TG-0007B F-7 Stud bolt protrusion is less than 2 threads,PS5-60-71 - Engine B Cooling system,PS5 - Milestone B
PL-011939,Originated,B,P,"18.3:1"" Valve CTR commodity code to be add. RLMU to be done",PS5-60-71 - Engine B Cooling system,PS5 - Milestone B
PL-011940,Originated,B,P,18.4:GL01 PTFE Isolation Pad to be Fixed.,PS5-60-71 - Engine B Cooling system,PS5 - Milestone B
PL-011941,Originated,B,P,18.5:Paint touch up to be done,PS5-60-71 - Engine B Cooling system,PS5 - Milestone B
PL-011942,Originated,B,P,"18:Drg no TZ-MID-68-WPR2-207053 S14 (PS-61239,61236,61243)- GL01 gap shall be verified after PTFE pad installation",PS5-60-71 - Engine B Cooling system,PS5 - Milestone B
PL-011943,Originated,B,P,"18.1:Drg No TZ-MID-68-WPR2-207053 S13(PS-61236, 61237, 61242,61243,61244) - PR01 To be install",PS5-60-71 - Engine B Cooling system,PS5 - Milestone B
PL-011944,Originated,B,P,18.2:PS5-60-TG-0008B- F-8 Stud bolt protrusion is less than 2 threads,PS5-60-71 - Engine B Cooling system,PS5 - Milestone B
PL-011945,Originated,B,P,"18.3:Drg No TZ-MID-68-WPR2-207059,S4(PS-61252)-Shoe stiffener sharp edges shall be ground smooth.",PS5-60-71 - Engine B Cooling system,PS5 - Milestone B
PL-011946,Originated,B,P,"18.4:1"" Valve CTR commodity code to be add. RLMU to be done",PS5-60-71 - Engine B Cooling system,PS5 - Milestone B
PL-011947,Originated,B,P,18.5:GL01 PTFE Isolation Pad to be Fixed.,PS5-60-71 - Engine B Cooling system,PS5 - Milestone B
PL-011948,Originated,B,P,18.6:Paint touch up to be done,PS5-60-71 - Engine B Cooling system,PS5 - Milestone B
PL-011949,Originated,B,P,"18:Drg No TZ-MID-68-WPR2-20773,F-02 -Flange Management to be done",PS5-71-22 - Diesel Fuel Pre Pressure Module,PS5 - Milestone B
PL-011950,Originated,B,P,"18.1:Drg No TZ-MID-68-WPR2-207735, S13(PS-74840)-PR01 to be install",PS5-71-22 - Diesel Fuel Pre Pressure Module,PS5 - Milestone B
PL-011951,Originated,B,P,"18.2:1"" Valve CTR commodity code to be add. RLMU to be done",PS5-71-22 - Diesel Fuel Pre Pressure Module,PS5 - Milestone B
PL-011952,Originated,B,P,18.3:Through Wall Penetration to be Fixed.,PS5-71-22 - Diesel Fuel Pre Pressure Module,PS5 - Milestone B
PL-011953,Originated,B,P,18.4:GL01 PTFE Isolation Pad to be Fixed.,PS5-71-22 - Diesel Fuel Pre Pressure Module,PS5 - Milestone B
PL-011954,Originated,B,P,18.5:Paint touch up to be done,PS5-71-22 - Diesel Fuel Pre Pressure Module,PS5 - Milestone B
PL-011955,Originated,B,P,"18:-TZ-MID-68-WPR2-208152, F2- Flange Management report to be Closed",PS5-71-22 - Diesel Fuel Pre Pressure Module,PS5 - Milestone B
PL-011956,Originated,B,P,"18.1:Drg No TZ-MID-68-WPR2-208152, S14(PS-86745)- LS01 one-side gap to be adjusted",PS5-71-22 - Diesel Fuel Pre Pressure Module,PS5 - Milestone B
PL-011957,Originated,B,P,"18.2:1"" Valve CTR commodity code to be add. RLMU to be done",PS5-71-22 - Diesel Fuel Pre Pressure Module,PS5 - Milestone B
PL-011958,Originated,B,P,18.3:Through Wall Penetration to be Fixed.,PS5-71-22 - Diesel Fuel Pre Pressure Module,PS5 - Milestone B
PL-011959,Originated,B,P,18.4:GL01 PTFE Isolation Pad to be Fixed.,PS5-71-22 - Diesel Fuel Pre Pressure Module,PS5 - Milestone B
PL-011960,Originated,B,P,18.5:Paint touch up to be done,PS5-71-22 - Diesel Fuel Pre Pressure Module,PS5 - Milestone B
PL-011973,Originated,B,P,18:TZ-MID-68-WPR2-206797 F5 & TZ-MID-68-WPR2-206806F6- Stud bolt protrusion is less than 2 threads,PS5-60-70 - Engine A Cooling system,PS5 - Milestone B
PL-011974,Originated,B,P,"18.1:TZ-MID-68-WPR2-206798,Item 04-Gate Valve Handle Clash With Handrail",PS5-60-70 - Engine A Cooling system,PS5 - Milestone B
PL-011979,Originated,B,P,18.2:PS5-60-TG-0006A & PS5-60-TG-0005A - Stud bolt protrusion is less than 2 threads,PS5-60-70 - Engine A Cooling system,PS5 - Milestone B
PL-011981,Originated,B,P,"18.3:PS5-60-UR-8100A-TP-770 & TP-781,PS5-60-TX-41100A-TP-598- Equpiment connection joint Flange Management to be done",PS5-60-70 - Engine A Cooling system,PS5 - Milestone B
PL-011983,Originated,B,P,"18.4:1"" Valve CTR commodity code to be add. RLMU to be done",PS5-60-70 - Engine A Cooling system,PS5 - Milestone B
PL-011984,Originated,B,P,18.5:GL01 PTFE Isolation Pad to be Fixed.,PS5-60-70 - Engine A Cooling system,PS5 - Milestone B
PL-011985,Originated,B,P,18.6:Paint touch up to be done,PS5-60-70 - Engine A Cooling system,PS5 - Milestone B
PL-011986,Originated,B,P,18:S11 Drg No TZ-MID-68-WPR2-206810 (PS-51551)-GL01 gap shall be verified after PTFE pad installation,PS5-60-70 - Engine A Cooling system,PS5 - Milestone B
PL-011987,Originated,B,P,18.1:PS5-60-TG-0007A-Stud bolt protrusion is less than 2 threads,PS5-60-70 - Engine A Cooling system,PS5 - Milestone B
PL-011988,Originated,B,P,"18.2:Drg No TZ-MID-68-WPR2-206798, Item 06- Gate valve handle operation is stiff",PS5-60-70 - Engine A Cooling system,PS5 - Milestone B
PL-011989,Originated,B,P,"18.3:1"" Valve CTR commodity code to be add. RLMU to be done",PS5-60-70 - Engine A Cooling system,PS5 - Milestone B
PL-011990,Originated,B,P,18.4:GL01 PTFE Isolation Pad to be Fixed.,PS5-60-70 - Engine A Cooling system,PS5 - Milestone B
PL-011991,Originated,B,P,18.5:Paint touch up to be done,PS5-60-70 - Engine A Cooling system,PS5 - Milestone B
PL-011992,Originated,B,P,"18:Drg No TZ-MID-68-WPR2-206817, S14 (PS-51614) & TZ-MID-68-WPR2-206818 S4 (PS-58097) -GL01 gap shall be verified after PTFE pad installation",PS5-60-70 - Engine A Cooling system,PS5 - Milestone B
PL-011993,Originated,B,P,18.1:PS5-60-TG-0008A - Stud bolt protrusion is less than 2 threads,PS5-60-70 - Engine A Cooling system,PS5 - Milestone B
PL-011994,Originated,B,P,"18.2:TZ-MID-68-WPR2-2067888, ITEM 06 - Gate valve handle operation is stiff",PS5-60-70 - Engine A Cooling system,PS5 - Milestone B
PL-011995,Originated,B,P,"18.3:1"" Valve CTR commodity code to be add. RLMU to be done",PS5-60-70 - Engine A Cooling system,PS5 - Milestone B
PL-011996,Originated,B,P,18.4:GL01 PTFE Isolation Pad to be Fixed.,PS5-60-70 - Engine A Cooling system,PS5 - Milestone B
PL-011997,Originated,B,P,18.5:Paint touch up to be done,PS5-60-70 - Engine A Cooling system,PS5 - Milestone B
PL-012137,Originated,C,I,PS005-PNC-COW - PS5-04-PNC-0001 ICSS Network Cabinet to be installed,PS5-83-01 - EITS Building,PS5 - Milestone A
PL-012138,Originated,C,I,PS005-PNC-COW - PS5-04-PNC-0002 ICSS Network Cabinet to be installed,PS5-83-01 - EITS Building,PS5 - Milestone A
PL-012139,Originated,C,I,PS005-INS-COW - Cable TAG labels to be changed,PS5-83-01 - EITS Building,PS5 - Milestone A
PL-012140,Originated,C,E,PS005-ECS-COW - Cable TAG labels to be changed,PS5-83-01 - EITS Building,PS5 - Milestone A
PL-012141,Originated,C,E,PS005-ELE-COW - Cable TAG labels to be changed,PS5-83-01 - EITS Building,PS5 - Milestone A
PL-012142,Originated,C,T,PS005-TEL-COW - Cable TAG labels to be changed,PS5-83-01 - EITS Building,PS5 - Milestone A
PL-012143,Originated,C,E,PS005-HVAC-COW - Cable TAG labels to be changed,PS5-83-01 - EITS Building,PS5 - Milestone A
PL-012144,Originated,C,I,PS006-PNC-COW - PS6-04-PNC-0001 ICSS Network Cabinet to be installed,PS6-83-01 - EITS Building,PS6 - Milestone G
PL-012145,Originated,C,I,PS006-PNC-COW - PS6-04-PNC-0002 ICSS Network Cabinet to be installed,PS6-83-01 - EITS Building,PS6 - Milestone G
PL-012146,Originated,C,I,PS006-INS-COW - Cable TAG labels to be changed,PS6-83-01 - EITS Building,PS6 - Milestone G
PL-012147,Originated,B,P,18:PS5-60-UR-8100C_TP1035 - Hose Connection FM to be Done,PS5-60-07 - Power Generation Package C,PS5 - Milestone D
PL-012148,Originated,B,P,"18.1:Drg No TZ-MID-68-WPR2-207275, S13 (PS-64776) - PR01 PTFE Isolation Pad to be Fixed.",PS5-60-07 - Power Generation Package C,PS5 - Milestone D
PL-012149,Originated,B,P,18.2:GL01 PTFE Isolation Pad to be Fixed.,PS5-60-07 - Power Generation Package C,PS5 - Milestone D
PL-012150,Originated,B,P,18.3:Paint touch up to be done,PS5-60-07 - Power Generation Package C,PS5 - Milestone D
PL-012151,Originated,B,P,"18:1"" valve CTR commodity code to be add. RLMU to be done",PS5-60-07 - Power Generation Package C,PS5 - Milestone D
PL-012152,Originated,B,P,18.1:Drg No TZ-MID-68-WPR2-207266- Valve Handle Missing,PS5-60-07 - Power Generation Package C,PS5 - Milestone D
PL-012153,Originated,B,P,18.2:PS5-60-UR-8100C_TP1034- Hose Connection FM to be Done,PS5-60-07 - Power Generation Package C,PS5 - Milestone D
PL-012154,Originated,B,P,18.3:Cladding Penetration to be Fixed,PS5-60-07 - Power Generation Package C,PS5 - Milestone D
PL-012155,Originated,B,P,18.4:GL01 PTFE Isolation Pad to be Fixed.,PS5-60-07 - Power Generation Package C,PS5 - Milestone D
PL-012156,Originated,B,P,18.5:Paint touch up to be done,PS5-60-07 - Power Generation Package C,PS5 - Milestone D
PL-012157,Originated,B,P,"18:1"" valve CTR commodity code to be add. RLMU to be done",PS5-60-10 - Power Generation Package D,PS5 - Milestone D
PL-012158,Originated,B,P,18.1:TZ-MID-68-WPR2-207276 - Valve Handle Missing,PS5-60-10 - Power Generation Package D,PS5 - Milestone D
PL-012159,Originated,B,P,18.2:PS5-60-UR-8100D_TP1036 & TP1037 - Hose Connection FM to be Done,PS5-60-10 - Power Generation Package D,PS5 - Milestone D
PL-012160,Originated,B,P,18.3:GL01 PTFE Isolation Pad to be Fixed,PS5-60-10 - Power Generation Package D,PS5 - Milestone D
PL-012161,Originated,B,P,18.4:Paint touch up to be done,PS5-60-10 - Power Generation Package D,PS5 - Milestone D
PL-012162,Originated,B,I,Wrong tag number and not found at IO List,PS5-03-23 - FZ-E1 to E3 - EITS Building,PS5 - Milestone A
PL-012163,Originated,B,I,Wrong tag number as per IO List,PS5-03-23 - FZ-E1 to E3 - EITS Building,PS5 - Milestone A
PL-012164,Originated,B,P,18:PS5-60-UR-8100D_TP1039 - Hose Connection FM to be Done,PS5-60-10 - Power Generation Package D,PS5 - Milestone D
PL-012165,Originated,B,P,18.1:Cladding Penetration to be Fixed,PS5-60-10 - Power Generation Package D,PS5 - Milestone D
PL-012166,Originated,B,P,18.2:GL01 PTFE Isolation Pad to be Fixed.,PS5-60-10 - Power Generation Package D,PS5 - Milestone D
PL-012167,Originated,B,P,18.3:Paint touch up to be done,PS5-60-10 - Power Generation Package D,PS5 - Milestone D
PL-012168,Originated,B,P,"18:1"" valve CTR commodity code to be add. RLMU to be done",PS5-60-10 - Power Generation Package D,PS5 - Milestone D
PL-012169,Originated,B,P,18.1:PS5-60-UR-8100D_TP1038 - Hose Connection FM to be Done,PS5-60-10 - Power Generation Package D,PS5 - Milestone D
PL-012170,Originated,B,P,18.2:Cladding Penetration to be Fixed,PS5-60-10 - Power Generation Package D,PS5 - Milestone D
PL-012171,Originated,B,P,18.3:GL01 PTFE Isolation Pad to be Fixed.,PS5-60-10 - Power Generation Package D,PS5 - Milestone D
PL-012172,Originated,B,P,18.4:Paint touch up to be done,PS5-60-10 - Power Generation Package D,PS5 - Milestone D
PL-012207,Originated,B,E,The cable quantity shown in Drawing No. TZ-MID-68-SSF1-150005 does not match the site installation. A total of 22 cables were verified on site,PS5-63-04 - Electrical Earthing - EITS Building,PS5 - Milestone A
PL-012222,Originated,B,E,The cable quantity shown in Drawing No. TZ-MID-68-SSF1-150005 does not match the site installation. A total of 27 cables were verified on site,PS5-63-04 - Electrical Earthing - EITS Building,PS5 - Milestone A
PL-012223,Originated,B,E,The cable quantity shown in Drawing No. TZ-MID-68-SSF1-150005 does not match the site installation. A total of 04 cables were verified on site.,PS5-63-04 - Electrical Earthing - EITS Building,PS5 - Milestone A
PL-012224,Originated,B,E,The cable quantity shown in Drawing No. TZ-MID-68-SSF1-150005 does not match the site installation. A total of 38 cables were verified on site.,PS5-63-04 - Electrical Earthing - EITS Building,PS5 - Milestone A
PL-012225,Originated,B,E,The cable quantity shown in Drawing No. TZ-MID-68-SSF1-150005 does not match the site installation. A total of 29 cables were verified on site.,PS5-63-04 - Electrical Earthing - EITS Building,PS5 - Milestone A
PL-012226,Originated,B,E,The cable quantity shown in Drawing No. TZ-MID-68-SSF1-150005 does not match the site installation. A total of 32 cables were verified on site.,PS5-63-04 - Electrical Earthing - EITS Building,PS5 - Milestone A
PL-012237,Originated,B,P,"18:1"" Valve CTR commodity code to be add. RLMU to be done",PS5-71-06 - Crude Fuel Separation Module,PS5 - Milestone H
PL-012238,Originated,B,P,18.1:PS5-71-SPZQ-0070 Tubing Connection FM to be Done,PS5-71-06 - Crude Fuel Separation Module,PS5 - Milestone H
PL-012239,Originated,B,P,18.2:Cladding Penetration to be Fixed,PS5-71-06 - Crude Fuel Separation Module,PS5 - Milestone H
PL-012240,Originated,B,P,18.3:GL01 PTFE Isolation Pad to be Fixed.,PS5-71-06 - Crude Fuel Separation Module,PS5 - Milestone H
PL-012241,Originated,B,P,18.4:Paint touch up to be done,PS5-71-06 - Crude Fuel Separation Module,PS5 - Milestone H
PL-012243,Originated,B,P,"18:1"" Valve CTR commodity code to be add. RLMU to be done",PS5-71-08 - CFO Pre-Pressure Modules,PS5 - Milestone H
PL-012244,Originated,B,P,18.1:Through Wall Penetration to be Fixed,PS5-71-08 - CFO Pre-Pressure Modules,PS5 - Milestone H
PL-012246,Originated,B,P,18.2:Paint touch up to be done,PS5-71-08 - CFO Pre-Pressure Modules,PS5 - Milestone H
PL-012250,Originated,B,P,"18:1"" Valve CTR commodity code to be add. RLMU to be done",PS5-71-18 - Diesel Separator Module,PS5 - Milestone F
PL-012251,Originated,B,P,18.1:Cladding Penetration to be Fixed,PS5-71-18 - Diesel Separator Module,PS5 - Milestone F
PL-012252,Originated,B,P,18.2:GL01 PTFE Isolation Pad to be Fixed.,PS5-71-18 - Diesel Separator Module,PS5 - Milestone F
PL-012253,Originated,B,P,18.3:Paint touch up to be done,PS5-71-18 - Diesel Separator Module,PS5 - Milestone F
PL-012254,Originated,B,P,"18:1"" Valve CTR commodity code to be add. RLMU to be done",PS5-71-21 - Diesel Transfer Pump A/B,PS5 - Milestone B
PL-012255,Originated,B,P,18.1:PS5-71-PGD-0049A & PS5-71-PGD-0049B - to be install & FM to be done,PS5-71-21 - Diesel Transfer Pump A/B,PS5 - Milestone B
PL-012256,Originated,B,P,18.2:TZ-MID-68-WPR2-208033 Drawing RLMU To be done,PS5-71-21 - Diesel Transfer Pump A/B,PS5 - Milestone B
PL-012257,Originated,B,P,18.3:TZ-MID-68-WPR2-208033 Blank to ne Installed,PS5-71-21 - Diesel Transfer Pump A/B,PS5 - Milestone B
PL-012258,Originated,B,P,18.4:Paint touch up to be done,PS5-71-21 - Diesel Transfer Pump A/B,PS5 - Milestone B
PL-012328,Originated,B,E,Cable tag to be installed,PS6-61-05 - Electrical Control System,PS6 - Milestone E
PL-012330,Originated,B,E,Cable tag to be installed,PS6-61-05 - Electrical Control System,PS6 - Milestone E
PL-012332,Originated,B,E,Cable tag to be installed,PS6-61-05 - Electrical Control System,PS6 - Milestone E
PL-012333,Originated,B,E,Cable tag to be installed,PS6-61-05 - Electrical Control System,PS6 - Milestone E
PL-012334,Originated,B,E,Cable tag to be installed,PS6-61-05 - Electrical Control System,PS6 - Milestone E
PL-012356,Originated,B,E,Cable tag to be installed,PS6-61-05 - Electrical Control System,PS6 - Milestone E
PL-012357,Originated,B,E,Cable tag to be installed,PS6-61-05 - Electrical Control System,PS6 - Milestone E
PL-012358,Originated,B,T,Cable tag to be installed,PS6-61-05 - Electrical Control System,PS6 - Milestone E
PL-012359,Originated,B,T,Cable tag to be installed,PS6-61-05 - Electrical Control System,PS6 - Milestone E
PL-012360,Originated,C,B,Paint touchup to be done,PS6-84-02 - Shelters,PS6 - Milestone G
PL-012361,Originated,C,B,Paint touchup to be done,PS6-84-02 - Shelters,PS6 - Milestone G
PL-012362,Originated,C,B,Excess Sealant to be Cleaned.,PS6-84-02 - Shelters,PS6 - Milestone G
PL-012363,Originated,C,B,Shelter Roofing sheet plastic cover to be removed.,PS6-84-02 - Shelters,PS6 - Milestone G
PL-012364,Originated,C,B,Shelter Roofing sheet plastic cover to be removed.,PS6-84-02 - Shelters,PS6 - Milestone G
PL-012368,Originated,B,E,Conduit to be sealed.,PS6-03-04 - FZ-04 - Emergency Diesel Generator Enclosure,PS6 - Milestone C
PL-012369,Originated,B,P,"18:1"" valve CTR commodity code to be add. RLMU to be done",PS5-60-52 - Lube Oil Separator Module PS5-60-UO-81100D,PS5 - Milestone D
PL-012371,Originated,B,P,18.1:TZ-MID-68-WPR2-208365 CTR commodity code to be add & Valve Orientation RLMU to be done,PS5-60-52 - Lube Oil Separator Module PS5-60-UO-81100D,PS5 - Milestone D
PL-012372,Originated,B,P,18.2:PS5-60-UR-8100D_TP852 & TP853 - Hose Connection FM to be Done,PS5-60-52 - Lube Oil Separator Module PS5-60-UO-81100D,PS5 - Milestone D
PL-012373,Originated,C,E,Cable Tagging not yet install at both ends,PS5-60-01 - Power Generation Package A,PS5 - Milestone B
PL-012374,Originated,B,P,18.3:GL01 PTFE Isolation Pad to be Fixed.,PS5-60-52 - Lube Oil Separator Module PS5-60-UO-81100D,PS5 - Milestone D
PL-012375,Originated,B,E,DRAWING TO BE UPDATE AS PER SITE INSTALLATION,PS5-62-13 - EITS 33kV Bld. Normal L&SP DP - PS5-61-IG-0003,PS5 - Milestone A
PL-012376,Originated,C,E,Cable Tagging not yet install at both ends,PS5-60-01 - Power Generation Package A,PS5 - Milestone B
PL-012377,Originated,B,P,18.4:Paint touch up to be done,PS5-60-52 - Lube Oil Separator Module PS5-60-UO-81100D,PS5 - Milestone D
PL-012378,Originated,C,E,Cable Tagging not yet install at both ends,PS5-60-01 - Power Generation Package A,PS5 - Milestone B
PL-012379,Originated,C,E,Cable Tagging not yet install at both ends,PS5-60-01 - Power Generation Package A,PS5 - Milestone B
PL-012381,Originated,B,P,"18:1"" Valve CTR commodity code to be add. RLMU to be done",PS5-71-18 - Diesel Separator Module,PS5 - Milestone F
PL-012382,Originated,C,E,Cable Tagging not yet install at both ends,PS5-60-01 - Power Generation Package A,PS5 - Milestone B
PL-012383,Originated,B,P,18.1:Sample Connection Inlet Connection FM to be Done,PS5-71-18 - Diesel Separator Module,PS5 - Milestone F
PL-012384,Originated,C,E,Cable Tagging not yet install at both ends,PS5-60-01 - Power Generation Package A,PS5 - Milestone B
PL-012385,Originated,B,P,"18.2:Drg No - TZ-MID-68-WPR2-207627, S12(PS-98188) - GL01 Missing",PS5-71-18 - Diesel Separator Module,PS5 - Milestone F
PL-012386,Originated,B,P,"18.3:Drg No- TZ-MID-68-WPR2-207627, S12 & S13 (PS-49018)- GL01 & PR01 Missing Structure support not Installed",PS5-71-18 - Diesel Separator Module,PS5 - Milestone F
PL-012387,Originated,B,P,F1 flange management (pump connection) need to be re verified after final alignment of export pump vendor activities,PS6-28-01 - Closed Drain Header,PS6 - Milestone E
PL-012389,Originated,B,P,"18.4:TZ-MID-68-WPR2-207469, F2 - Flange Management to be done",PS5-71-18 - Diesel Separator Module,PS5 - Milestone F
PL-012390,Originated,C,E,Cable Tagging not yet install at both ends,PS5-60-04 - Power Generation Package B,PS5 - Milestone B
PL-012391,Originated,B,P,18.5:GL01 PTFE Isolation Pad to be Fixed.,PS5-71-18 - Diesel Separator Module,PS5 - Milestone F
PL-012392,Originated,B,P,18.6:Paint touch up to be done,PS5-71-18 - Diesel Separator Module,PS5 - Milestone F
PL-012393,Originated,C,E,Cable tagging to be installed at both ends,PS5-60-04 - Power Generation Package B,PS5 - Milestone B
PL-012395,Originated,C,M,Touchup paint to be done,PS6-09-04 - HVAC for EITS Building,PS6 - Milestone C
PL-012396,Originated,B,P,"18:1"" Valve CTR commodity code to be add. RLMU to be done",PS5-71-22 - Diesel Fuel Pre Pressure Module,PS5 - Milestone B
PL-012397,Originated,B,P,18.1:Through Wall penetration to be Fixed,PS5-71-22 - Diesel Fuel Pre Pressure Module,PS5 - Milestone B
PL-012399,Originated,B,P,18.2:GL01 PTFE Isolation Pad to be Fixed.,PS5-71-22 - Diesel Fuel Pre Pressure Module,PS5 - Milestone B
PL-012400,Originated,B,E,Cable tags to be installed.,PS6-08-15 - Security Data Network (SII SP3 SEC),PS6 - Milestone C
PL-012401,Originated,B,P,18.3:Paint touch up to be done,PS5-71-22 - Diesel Fuel Pre Pressure Module,PS5 - Milestone B
PL-012405,Originated,B,P,"18:1"" Valve CTR commodity code to be add. RLMU to be done",PS5-71-20 - Diesel Fuel Day Tank,PS5 - Milestone B
PL-012407,Originated,B,P,F1 flange management (pump connection) need to be re verified after final alignment of export pump vendor activities,PS6-28-01 - Closed Drain Header,PS6 - Milestone E
PL-012408,Originated,B,P,"18.1:Drg No- TZ-MID-68-WPR2-206863, S10 & S11 (51586 - PR01 & GL01 Not done bottom structure supports have not yet been installed.",PS5-71-20 - Diesel Fuel Day Tank,PS5 - Milestone B
PL-012410,Originated,B,P,18.2:GL01 PTFE Isolation Pad to be Fixed.,PS5-71-20 - Diesel Fuel Day Tank,PS5 - Milestone B
PL-012411,Originated,B,P,18.3:Paint touch up to be done,PS5-71-20 - Diesel Fuel Day Tank,PS5 - Milestone B
PL-012413,Originated,B,T,Cable tags to be installed.,PS6-08-15 - Security Data Network (SII SP3 SEC),PS6 - Milestone C
PL-012417,Originated,B,P,F1 flange management (pump connection) need to be re verified after final alignment of export pump vendor activities,PS6-28-01 - Closed Drain Header,PS6 - Milestone E
PL-012418,Originated,B,I,Junction Box's to be cleaned,PS6-91-01 - Multicore cables & JB,PS6 - Milestone B
PL-012419,Originated,C,I,Touchup paint o be done.,PS6-91-01 - Multicore cables & JB,PS6 - Milestone B
PL-012420,Originated,B,P,OD3 Culvert trench to be cleaned.,PS6-28-10 - Open Drains (OD3),PS6 - Milestone E
PL-012427,Originated,C,I,Cable Tagging not yet install at both ends,PS5-60-70 - Engine A Cooling system,PS5 - Milestone B
PL-012430,Originated,C,I,Cable Tagging not yet install at both ends,PS5-60-70 - Engine A Cooling system,PS5 - Milestone B
PL-012433,Originated,C,I,Cable Tagging not yet install at both ends,PS5-60-70 - Engine A Cooling system,PS5 - Milestone B
PL-012434,Originated,C,I,Cable Tagging not yet install at both ends,PS5-60-71 - Engine B Cooling system,PS5 - Milestone B
PL-012435,Originated,C,I,Cable Tagging not yet install at both ends,PS5-60-70 - Engine A Cooling system,PS5 - Milestone B
PL-012436,Originated,C,I,Cable Tagging not yet install at both ends,PS5-60-71 - Engine B Cooling system,PS5 - Milestone B
PL-012444,Originated,B,E,Missing cable tag,PS6-61-05 - Electrical Control System,PS6 - Milestone E
PL-012447,Originated,B,E,Missing cable tag,PS6-61-05 - Electrical Control System,PS6 - Milestone E
PL-012448,Originated,B,E,Nissing cable tag,PS6-61-05 - Electrical Control System,PS6 - Milestone E
PL-012449,Originated,B,E,Missing cable Tag,PS6-61-05 - Electrical Control System,PS6 - Milestone E
PL-012450,Originated,B,E,Missing cable tag,PS6-61-05 - Electrical Control System,PS6 - Milestone E
PL-012452,Originated,B,E,Missing cable tag,PS6-61-05 - Electrical Control System,PS6 - Milestone E
PL-012453,Originated,B,E,Missing Cable Tag,PS6-61-05 - Electrical Control System,PS6 - Milestone E
PL-012454,Originated,B,,MissingTag,PS6-61-05 - Electrical Control System,PS6 - Milestone E
PL-012467,Originated,C,E,Missing cable tag - Inside Panel & Cabin (Yellow tag with black font),PS5-61-07 - 0.4kV Switchboard EITS Building (PS5-61-IK-0001),PS5 - Milestone A
PL-012469,Originated,B,E,Not Used the proper Nut Bolts for Transformer Side Termination points,PS5-61-07 - 0.4kV Switchboard EITS Building (PS5-61-IK-0001),PS5 - Milestone A
PL-012471,Originated,C,E,Missing Indoor & Inside Cabin Yellow Colour Black Font Cable Tag,PS5-61-02 - 6.6kV Switchboard and Transformer LLHT North - EITS Building (PS5-61-IJ-0010),PS5 - Milestone G
PL-012472,Originated,B,E,Not Used the proper Nut Bolts for Transformer Side Termination points,PS5-61-02 - 6.6kV Switchboard and Transformer LLHT North - EITS Building (PS5-61-IJ-0010),PS5 - Milestone G
PL-012473,Originated,C,E,Missing cable tag - Indoor & Inside cabin (Yellow tag with black font),PS5-61-07 - 0.4kV Switchboard EITS Building (PS5-61-IK-0001),PS5 - Milestone A
PL-012474,Originated,B,E,Not Used the proper Nut Bolts for Transformer Side Termination points,PS5-61-07 - 0.4kV Switchboard EITS Building (PS5-61-IK-0001),PS5 - Milestone A
PL-012475,Originated,B,P,18:Gladding Penetration to be fixed,PS5-71-06 - Crude Fuel Separation Module,PS5 - Milestone H
PL-012476,Originated,B,P,18.1:GL01 PTFE Isolation Pad to be Fixed.,PS5-71-06 - Crude Fuel Separation Module,PS5 - Milestone H
PL-012477,Originated,B,P,18.2:Paint touch up to be done,PS5-71-06 - Crude Fuel Separation Module,PS5 - Milestone H
PL-012478,Originated,B,P,"18:Drg No -TZ-MID-68-WPR2-208146, S13 (PS86704)- PR01 to be fixed",PS5-71-22 - Diesel Fuel Pre Pressure Module,PS5 - Milestone B
PL-012479,Originated,B,P,"18.1:1"" Valve CTR commodity code to be add. RLMU to be done",PS5-71-22 - Diesel Fuel Pre Pressure Module,PS5 - Milestone B
PL-012480,Originated,B,P,18.2:GL01 PTFE Isolation Pad to be Fixed.,PS5-71-22 - Diesel Fuel Pre Pressure Module,PS5 - Milestone B
PL-012481,Originated,B,P,18.3:Paint touch up to be done,PS5-71-22 - Diesel Fuel Pre Pressure Module,PS5 - Milestone B
PL-012484,Originated,B,P,18:Gladding Penetration to be fixed,PS5-71-08 - CFO Pre-Pressure Modules,PS5 - Milestone H
PL-012485,Originated,B,P,18.1:GL01 PTFE Isolation Pad to be Fixed.,PS5-71-08 - CFO Pre-Pressure Modules,PS5 - Milestone H
PL-012486,Originated,B,P,18.2:Paint touch up to be done,PS5-71-08 - CFO Pre-Pressure Modules,PS5 - Milestone H
PL-012487,Originated,C,E,Missing Cable Tag-Indoor/Inside Cabin Yellow Colour tag with Black Font,PS5-61-07 - 0.4kV Switchboard EITS Building (PS5-61-IK-0001),PS5 - Milestone A
PL-012488,Originated,B,E,Not Used the proper Nut Bolts for Transformer Side Termination points,PS5-61-07 - 0.4kV Switchboard EITS Building (PS5-61-IK-0001),PS5 - Milestone A
PL-012489,Originated,C,E,Missing Cable Tag-Indoor/Inside Cabin Yellow Colour tag with Black Font,PS5-61-07 - 0.4kV Switchboard EITS Building (PS5-61-IK-0001),PS5 - Milestone A
PL-012490,Originated,B,E,Not Used the proper Nut Bolts for Transformer Side Termination points,PS5-61-07 - 0.4kV Switchboard EITS Building (PS5-61-IK-0001),PS5 - Milestone A
PL-012491,Originated,C,E,Missing Cable Tag-Indoor/Inside Cabin Yellow Colour tag with Black Font,PS5-61-07 - 0.4kV Switchboard EITS Building (PS5-61-IK-0001),PS5 - Milestone A
PL-012492,Originated,B,E,Not Used the proper Nut Bolts for Transformer Side Termination points,PS5-61-07 - 0.4kV Switchboard EITS Building (PS5-61-IK-0001),PS5 - Milestone A
PL-012493,Originated,C,E,Missing Cable Tag-Indoor/Inside Cabin Yellow Colour tag with Black Font,PS5-61-07 - 0.4kV Switchboard EITS Building (PS5-61-IK-0001),PS5 - Milestone A
PL-012494,Originated,B,E,Not Used the proper Nut Bolts for Transformer Side Termination points,PS5-61-07 - 0.4kV Switchboard EITS Building (PS5-61-IK-0001),PS5 - Milestone A
PL-012495,Originated,C,E,Missing Cable Tag-Indoor/Inside Cabin Yellow Colour tag with Black Font,PS5-61-07 - 0.4kV Switchboard EITS Building (PS5-61-IK-0001),PS5 - Milestone A
PL-012496,Originated,B,E,Not Used the proper Nut Bolts for Transformer Side Termination points,PS5-61-07 - 0.4kV Switchboard EITS Building (PS5-61-IK-0001),PS5 - Milestone A
PL-012497,Originated,C,E,Missing Cable Tag-Indoor/Inside Cabin Yellow Colour tag with Black Font,PS5-61-07 - 0.4kV Switchboard EITS Building (PS5-61-IK-0001),PS5 - Milestone A
PL-012498,Originated,B,E,Nut Bolts for Transformer Side Termination points,PS5-61-07 - 0.4kV Switchboard EITS Building (PS5-61-IK-0001),PS5 - Milestone A
PL-012499,Originated,C,E,Missing Cable Tag-Indoor/Inside Cabin Yellow Colour tag with Black Font,PS5-61-07 - 0.4kV Switchboard EITS Building (PS5-61-IK-0001),PS5 - Milestone A
PL-012500,Originated,B,E,Not Used the proper Nut Bolts for Transformer Side Termination points,PS5-61-07 - 0.4kV Switchboard EITS Building (PS5-61-IK-0001),PS5 - Milestone A
PL-012501,Originated,C,E,Missing Cable Tag-Indoor/Inside Cabin Yellow Colour tag with Black Font,PS5-61-07 - 0.4kV Switchboard EITS Building (PS5-61-IK-0001),PS5 - Milestone A
PL-012502,Originated,B,E,Not Used the proper Nut Bolts for Transformer Side Termination points,PS5-61-07 - 0.4kV Switchboard EITS Building (PS5-61-IK-0001),PS5 - Milestone A
PL-012503,Originated,C,E,Missing Cable Tag-Indoor/Inside Cabin Yellow Colour tag with Black Font,PS5-61-07 - 0.4kV Switchboard EITS Building (PS5-61-IK-0001),PS5 - Milestone A
PL-012504,Originated,B,E,Not Used the proper Nut Bolts for Transformer Side Termination points,PS5-61-07 - 0.4kV Switchboard EITS Building (PS5-61-IK-0001),PS5 - Milestone A
PL-012505,Originated,C,E,Missing Cable Tag-Indoor/Inside Cabin Yellow Colour tag with Black Font,PS5-61-07 - 0.4kV Switchboard EITS Building (PS5-61-IK-0001),PS5 - Milestone A
PL-012506,Originated,B,E,Not Used the proper Nut Bolts for Transformer Side Termination points,PS5-61-07 - 0.4kV Switchboard EITS Building (PS5-61-IK-0001),PS5 - Milestone A
PL-012507,Originated,C,E,Missing Cable Tag-Indoor/Inside Cabin Yellow Colour tag with Black Font,PS5-61-07 - 0.4kV Switchboard EITS Building (PS5-61-IK-0001),PS5 - Milestone A
PL-012508,Originated,B,E,Not Used the proper Nut Bolts for Transformer Side Termination points,PS5-61-07 - 0.4kV Switchboard EITS Building (PS5-61-IK-0001),PS5 - Milestone A
PL-012509,Originated,C,E,Missing Cable Tag-Indoor/Inside Cabin Yellow Colour tag with Black Font,PS5-61-07 - 0.4kV Switchboard EITS Building (PS5-61-IK-0001),PS5 - Milestone A
PL-012510,Originated,B,E,Not Used the proper Nut Bolts for Transformer Side Termination points,PS5-61-07 - 0.4kV Switchboard EITS Building (PS5-61-IK-0001),PS5 - Milestone A
PL-012511,Originated,C,E,Missing Cable Tag-Indoor/Inside Cabin Yellow Colour tag with Black Font,PS5-61-07 - 0.4kV Switchboard EITS Building (PS5-61-IK-0001),PS5 - Milestone A
PL-012512,Originated,B,E,Not Used the proper Nut Bolts for Transformer Side Termination points,PS5-61-07 - 0.4kV Switchboard EITS Building (PS5-61-IK-0001),PS5 - Milestone A
PL-012513,Originated,C,E,Missing Cable Tag-Indoor/Inside Cabin Yellow Colour tag with Black Font,PS5-61-07 - 0.4kV Switchboard EITS Building (PS5-61-IK-0001),PS5 - Milestone A
PL-012514,Originated,B,E,Not Used the proper Nut Bolts for Transformer Side Termination points,PS5-61-07 - 0.4kV Switchboard EITS Building (PS5-61-IK-0001),PS5 - Milestone A
PL-012515,Originated,C,E,Missing Cable Tag-Indoor/Inside Cabin Yellow Colour tag with Black Font,PS5-61-07 - 0.4kV Switchboard EITS Building (PS5-61-IK-0001),PS5 - Milestone A
PL-012516,Originated,B,E,Not Used the proper Nut Bolts for Transformer Side Termination points,PS5-61-07 - 0.4kV Switchboard EITS Building (PS5-61-IK-0001),PS5 - Milestone A
